daniel-eagan,Monsoon,91
daniel-eagan,My Name Is Pedro,100
daniel-eagan,The Eight Hundred,86
daniel-eagan,Unprescribed,100
daniel-eagan,The Secret: Dare to Dream,29
daniel-eagan,Rebuilding Paradise,92
daniel-eagan,Greyhound,79
daniel-eagan,The Outpost,92
daniel-eagan,My Spy,47
daniel-eagan,Irresistible,40
daniel-eagan,My Darling Vivian,95
daniel-eagan,Hammer,79
daniel-eagan,The Painter and the Thief,97
daniel-eagan,Blood and Money,39
daniel-eagan,The Third Strike,100
daniel-eagan,The Dalai Lama: Scientist,88
daniel-eagan,Around the Sun,93
daniel-eagan,Critical Thinking,93
daniel-eagan,Draupadi Unleashed,0
daniel-eagan,Fagara,100
daniel-eagan,Human Capital,68
daniel-eagan,Family Obligations,75
daniel-eagan,Enter the Fat Dragon,64
daniel-eagan,The Rhythm Section,28
daniel-eagan,Ashfall,70
daniel-eagan,The Wake of Light,0
daniel-eagan,The Mercenary,0
daniel-eagan,Ip Man 4: The Finale,87
daniel-eagan,Saand Ki Aankh,56
daniel-eagan,The Captain,75
daniel-eagan,Send Me to the Clouds,90
daniel-eagan,The Load,100
daniel-eagan,Line Walker 2: Invisible Spy,83
daniel-eagan,The Iron Orchard,28
daniel-eagan,Ghost Light,74
daniel-eagan,Daughter of the Wolf,22
daniel-eagan,"The Gangster, the Cop, the Devil",97
daniel-eagan,Rocketman,89
daniel-eagan,Bull,90
daniel-eagan,Master Z: Ip Man Legacy,89
daniel-eagan,For Now,83
daniel-eagan,The Things We've Seen,50
daniel-eagan,The Aftermath,27
daniel-eagan,An Elephant Sitting Still,96
daniel-eagan,Hummus! The Movie,88
daniel-eagan,A Boy Called Sailboat,80
daniel-eagan,The Mule,70
daniel-eagan,Ophelia,60
daniel-eagan,Shoplifters,99
daniel-eagan,They'll Love Me When I'm Dead,92
marah-eakin,Jim Gaffigan: Obsessed,100
siobhan-eardley,Avengers: Endgame,94
joseph-earp,Us,93
jamie-eas,Project Power,60
jamie-eas,Perfumes,80
jamie-eas,Host,100
jamie-eas,Tenet,60
jamie-eas,Make Up,60
jamie-eas,Proxima,80
jamie-eas,Unhinged,80
jamie-eas,How to Build a Girl,80
jamie-eas,Parasite,100
jamie-eas,Clemency,100
jamie-eas,The Way Back,60
jamie-eas,Greyhound,80
jamie-eas,The Old Guard,80
jamie-eas,Scoob!,40
jamie-eas,"A White, White Day",100
jamie-eas,Hamilton,98
jamie-eas,Irresistible,60
jamie-eas,Carmine Street Guitars,80
jamie-eas,Days of the Bagnold Summer,60
jamie-eas,The Vast of Night,80
jamie-eas,Dads,80
jamie-eas,The King of Staten Island,80
jamie-eas,Astronaut,60
jamie-eas,Moffie,80
jamie-eas,Extraction,60
jamie-eas,Trolls World Tour,60
jamie-eas,Four Kids and It,60
jamie-eas,Captain Fantastic,100
jamie-eas,Spenser Confidential,40
jamie-eas,Calm with Horses,100
jamie-eas,Misbehaviour,60
jamie-eas,Escape from Pretoria,80
jamie-eas,Military Wives,60
jamie-eas,The Invisible Man,60
jamie-eas,Downhill,80
jamie-eas,Dark Waters,80
jamie-eas,The Call of the Wild,60
jamie-eas,Little Joe,40
jamie-eas,Greed,80
jamie-eas,Onward,80
jamie-eas,The Public,40
jamie-eas,Emma.,80
jamie-eas,Birds of Prey,80
jamie-eas,A Beautiful Day in the Neighborhood,100
jamie-eas,The Lighthouse,60
jamie-eas,The Turning,20
jamie-eas,The Personal History of David Copperfield,60
jamie-eas,Waves,80
jamie-eas,Uncut Gems,100
jamie-eas,Seberg,40
anne-easton,The Rocky Horror Picture Show: Let's Do the Time Warp Again,28
sharon-eberson,Dolittle,63
sharon-eberson,The Current War: Director's Cut,63
sharon-eberson,Dark Phoenix,22
sharon-eberson,X-Men: The Last Stand,57
sharon-eberson,Early Man,75
sharon-eberson,The Greatest Showman,75
sharon-eberson,Kingsman: The Golden Circle,50
sharon-eberson,Logan,75
sharon-eberson,Fantastic Beasts and Where to Find Them,75
sharon-eberson,Attack the Block,63
bilge-eb,The Climb,91
bilge-eb,Fatman,40
bilge-eb,Let Him Go,78
bilge-eb,His House,100
bilge-eb,Over the Moon,79
bilge-eb,Borat: Subsequent Moviefilm,86
bilge-eb,Martin Eden,84
bilge-eb,Honest Thief,40
bilge-eb,The War with Grandpa,29
bilge-eb,Hubie Halloween,51
bilge-eb,Save Yourselves!,87
bilge-eb,Ava,19
bilge-eb,Enola Holmes,91
bilge-eb,The Devil All the Time,64
bilge-eb,Cuties,87
bilge-eb,Train to Busan Presents: Peninsula,52
bilge-eb,Tesla,60
bilge-eb,Sputnik,89
bilge-eb,She Dies Tomorrow,85
bilge-eb,The Rental,75
bilge-eb,Greyhound,79
bilge-eb,The Old Guard,81
bilge-eb,The Truth,87
bilge-eb,Eurovision Song Contest: The Story of Fire Saga,64
bilge-eb,You Should Have Left,40
bilge-eb,Da 5 Bloods,92
bilge-eb,Be Water,92
bilge-eb,The Last Days of American Crime,0
bilge-eb,I'm No Longer Here,100
bilge-eb,Lucky Grandma,95
bilge-eb,The Trip to Greece,87
bilge-eb,Driveways,100
bilge-eb,The Mindfulness Movement,50
bilge-eb,The Half of It,97
bilge-eb,Sea Fever,86
bilge-eb,Trolls World Tour,70
bilge-eb,To The Wonder,47
bilge-eb,Hava Nagila: The Movie,90
bilge-eb,The Other Side of the Ice,50
bilge-eb,Kon Tiki,81
bilge-eb,Sushi: The Global Catch,73
bilge-eb,Escape Fire: The Fight to Rescue American Healthcare,78
bilge-eb,Decoding Deepak,55
bilge-eb,Chasing Ice,96
bilge-eb,Doctored,50
bilge-eb,Elemental,100
bilge-eb,A Fierce Green Fire,70
bilge-eb,Free China: The Courage to Believe,100
bilge-eb,Unacceptable Levels,0
bilge-eb,Free The Mind,75
jonathan-p-higgins-edd,Us,100
jeffrey-edalatpou,Let Him Go,78
jeffrey-edalatpou,On The Rocks,86
jeffrey-edalatpou,The Witches,50
jeffrey-edalatpou,The Personal History of David Copperfield,92
jeffrey-edalatpou,Sibyl,55
jeffrey-edalatpou,Antebellum,28
jeffrey-edalatpou,Conviction,0
jeffrey-edalatpou,Tenet,71
jeffrey-edalatpou,Eternal Beauty,80
jeffrey-edalatpou,Mon chien Stupide,78
jeffrey-edalatpou,Waiting for the Barbarians,53
jeffrey-edalatpou,The Truth,87
jeffrey-edalatpou,Mr. Jones,84
jeffrey-edalatpou,The Audition,78
jeffrey-edalatpou,Tommaso,78
jeffrey-edalatpou,Clementine,65
jeffrey-edalatpou,Deerskin,87
jeffrey-edalatpou,Never Rarely Sometimes Always,99
jeffrey-edalatpou,The Windermere Children,100
jeffrey-edalatpou,The Burnt Orange Heresy,66
jeffrey-edalatpou,Us,93
jeffrey-edalatpou,Cold War,92
jeffrey-edalatpou,Mary Queen of Scots,63
jeffrey-edalatpou,"Don't Worry, He Won't Get Far on Foot",76
jeffrey-edalatpou,The Cakemaker,98
jeffrey-edalatpou,Blindspotting,94
jeffrey-edalatpou,Eighth Grade,99
jeffrey-edalatpou,Under the Tree,85
jeffrey-edalatpou,Three Identical Strangers,97
jeffrey-edalatpou,The King,77
jeffrey-edalatpou,Damsel,67
jeffrey-edalatpou,Sorry to Bother You,93
jeffrey-edalatpou,Leave No Trace,100
jeffrey-edalatpou,Five Seasons: The Gardens Of Piet Oudolf,81
jeffrey-edalatpou,On the Seventh Day,100
jeffrey-edalatpou,Hereditary,89
jeffrey-edalatpou,Racer and the Jailbird,36
jeffrey-edalatpou,Measure of a Man,52
jeffrey-edalatpou,Red Sparrow,45
jeffrey-edalatpou,Double Lover,70
jeffrey-edalatpou,Bilal: A New Breed of Hero,59
jeffrey-edalatpou,Faces Places,99
jeffrey-edalatpou,The Clapper,23
jeffrey-edalatpou,Film Stars Don't Die in Liverpool,70
jeffrey-edalatpou,Félicité,98
jeffrey-edalatpou,Phantom Thread,91
jeffrey-edalatpou,Hostiles,71
jeffrey-edalatpou,Molly's Game,82
jeffrey-edalatpou,All the Money in the World,80
jeffrey-edalatpou,Mathilde,0
heryl-eddy,His House,100
heryl-eddy,The Craft: Legacy,47
heryl-eddy,Leap of Faith,93
heryl-eddy,J.R. 'Bob' Dobbs & The Church of the SubGenius,100
heryl-eddy,Black Box,74
heryl-eddy,Nocturne,60
heryl-eddy,Train to Busan Presents: Peninsula,52
heryl-eddy,The Swarm,10
heryl-eddy,Blood Quantum,90
heryl-eddy,Scary Stories to Tell in the Dark,78
heryl-eddy,Midsommar,83
heryl-eddy,Prince of Darkness,58
heryl-eddy,The Nun,25
heryl-eddy,Dead Night,63
heryl-eddy,Bloodsucking Bastards,67
heryl-eddy,mother!,68
heryl-eddy,Annabelle: Creation,71
heryl-eddy,The Mummy,16
heryl-eddy,Mr. Holmes,88
heryl-eddy,XX,70
heryl-eddy,Morgan,38
heryl-eddy,The Forest,10
heryl-eddy,Maggie,60
heryl-eddy,The Abandoned,46
david-edelstein,An Honest Liar,98
david-edelstein,Mother,88
david-edelstein,Spaceship Earth,87
david-edelstein,Bull,90
david-edelstein,The Other Lamb,75
david-edelstein,Crip Camp: A Disability Revolution,100
david-edelstein,Lost Girls,72
david-edelstein,First Cow,96
david-edelstein,Wendy,38
david-edelstein,Little Women,95
david-edelstein,Transit,94
david-edelstein,Star Wars: The Rise of Skywalker,51
david-edelstein,Richard Jewell,77
david-edelstein,Knives Out,97
david-edelstein,Dark Waters,90
david-edelstein,Marriage Story,94
david-edelstein,The Current War: Director's Cut,61
david-edelstein,Terminator: Dark Fate,70
david-edelstein,Parasite,99
david-edelstein,The King,71
david-edelstein,Dolemite Is My Name,97
david-edelstein,The Irishman,96
david-edelstein,The Laundromat,41
david-edelstein,Rambo: Last Blood,26
david-edelstein,Ad Astra,83
david-edelstein,Ford v Ferrari,92
david-edelstein,Lucy in the Sky,21
david-edelstein,The Goldfinch,24
david-edelstein,Joker,68
david-edelstein,Jojo Rabbit,80
david-edelstein,A Beautiful Day in the Neighborhood,95
david-edelstein,Hope Gap,64
david-edelstein,After the Wedding,45
david-edelstein,Official Secrets,82
david-edelstein,Brittany Runs a Marathon,88
david-edelstein,American Factory,96
david-edelstein,"Where'd You Go, Bernadette",49
david-edelstein,Cold Case Hammarskjöld,83
david-edelstein,One Child Nation,98
david-edelstein,Luce,90
david-edelstein,The Nightingale,86
david-edelstein,For Sama,99
david-edelstein,Once Upon a Time In Hollywood,85
david-edelstein,Luz,87
david-edelstein,Spider-Man: Far From Home,90
david-edelstein,Yesterday,63
david-edelstein,Midsommar,83
david-edelstein,Shaft,33
david-edelstein,The Dead Don't Die,55
david-edelstein,Domino,33
gus-edga,Martin Eden,84
gus-edga,The Girl with a Bracelet,88
gus-edga,Jallikattu,95
gus-edga,Waiting for the Barbarians,53
gus-edga,Matthias & Maxime,66
gus-edga,Once Upon a Time In Hollywood,85
gus-edga,Parasite,99
gus-edga,Young Ahmed,59
gus-edga,Portrait of a Lady on Fire,98
gus-edga,A Hidden Life,81
gus-edga,The Lighthouse,90
gus-edga,Lux Æterna,55
gus-edga,Little Joe,68
gus-edga,Zombi Child,86
gus-edga,Atlantics,96
gus-edga,For Sama,99
gus-edga,Bacurau,91
gus-edga,A Brother's Love,75
gus-edga,The Dead Don't Die,55
gus-edga,Sunset,61
gus-edga,Mug,60
gus-edga,Outlaw King,20
gus-edga,Stan & Ollie,92
gus-edga,The Guilty,80
gus-edga,In Fabric,92
gus-edga,The Ballad of Buster Scruggs,90
gus-edga,Sink,60
gus-edga,MFKZ,60
gus-edga,Us and Them,40
gus-edga,Capernaum,90
gus-edga,Burning,95
gus-edga,Long Day's Journey Into Night,93
gus-edga,Under the Silver Lake,59
gus-edga,Solo: A Star Wars Story,69
gus-edga,The House That Jack Built,59
gus-edga,BlacKkKlansman,96
gus-edga,Asako I & II,77
gus-edga,The Trouble with You,77
gus-edga,Shoplifters,99
gus-edga,Mandy,91
gus-edga,"Murder Me, Monster",57
gus-edga,Climax,68
gus-edga,Girls of the Sun,46
gus-edga,Angel Face,36
gus-edga,Ash Is Purest White,99
gus-edga,The Image Book,90
gus-edga,Arctic,90
gus-edga,Cold War,92
gus-edga,Sorry Angel,82
gus-edga,To the Ends of the World,78
nicole-edry,Teenage Bounty Hunters: Season 1,92
samantha-edwards,A Woman's Work: The NFL's Cheerleader Problem,80
samantha-edwards,For Sama,80
samantha-edwards,Stieg Larsson - The Man Who Played With Fire,80
samantha-edwards,The Boy Band Con: The Lou Pearlman Story,60
samantha-edwards,Dumplin',40
samantha-edwards,Roma,100
samantha-edwards,Falls Around Her,60
samantha-edwards,Firecrackers,80
hris-edwards-25431,Queen & Slim,60
shawn-edwards,Kindred,80
shawn-edwards,The Informer,60
shawn-edwards,Let Him Go,60
shawn-edwards,Over the Moon,80
shawn-edwards,Synchronic,80
shawn-edwards,Borat: Subsequent Moviefilm,40
shawn-edwards,The Witches,60
shawn-edwards,Rebecca,60
shawn-edwards,Yellow Rose,80
shawn-edwards,The Forty-Year-Old Version,80
shawn-edwards,On The Rocks,80
shawn-edwards,The Trial of the Chicago 7,80
shawn-edwards,Secret Society of Second-Born Royals,60
shawn-edwards,Enola Holmes,40
shawn-edwards,Kajillionaire,80
shawn-edwards,Cuties,80
shawn-edwards,Blackbird,20
shawn-edwards,The Devil All the Time,40
shawn-edwards,Antebellum,80
shawn-edwards,I Am Woman,60
shawn-edwards,The Broken Hearts Gallery,60
shawn-edwards,I'm Thinking of Ending Things,100
shawn-edwards,Mulan,80
shawn-edwards,Tenet,60
shawn-edwards,Military Wives,60
shawn-edwards,Words on Bathroom Walls,60
shawn-edwards,Unhinged,20
shawn-edwards,The 24th,80
shawn-edwards,She Dies Tomorrow,0
shawn-edwards,The Secret Garden,60
shawn-edwards,Work It,60
shawn-edwards,An American Pickle,60
shawn-edwards,Black Is King,80
shawn-edwards,End of Sentence,80
shawn-edwards,Rebuilding Paradise,80
shawn-edwards,Summerland,40
shawn-edwards,The Rental,80
shawn-edwards,Radioactive,60
shawn-edwards,Capone,0
shawn-edwards,Marriage Story,80
shawn-edwards,Body Cam,40
shawn-edwards,Palm Springs,100
shawn-edwards,The Old Guard,80
shawn-edwards,Greyhound,40
shawn-edwards,My Spy,47
shawn-edwards,Eurovision Song Contest: The Story of Fire Saga,60
shawn-edwards,Irresistible,40
shawn-edwards,Miss Juneteenth,80
shawn-edwards,Feel the Beat,20
shawn-edwards,7500,60
jonathan-edwards,Sputnik,60
jonathan-edwards,Koko-di Koko-da,80
jonathan-edwards,Daniel Isn't Real,80
jonathan-edwards,"The Gangster, the Cop, the Devil",70
jonathan-edwards,Some Time After,100
jonathan-edwards,Party Line,50
jonathan-edwards,Blue My Mind,80
jonathan-edwards,Mirai,80
jonathan-edwards,Tokyo Godfathers,70
jonathan-edwards,Maquia: When the Promised Flower Blooms,80
jonathan-edwards,Soft Matter,40
jonathan-edwards,Cartel 2045,40
jonathan-edwards,I Kill Giants,80
jonathan-edwards,Have a Nice Day,100
jonathan-edwards,Strangled,70
jonathan-edwards,Playground,80
jonathan-edwards,Chameleon,90
jonathan-edwards,On Body and Soul,80
jonathan-edwards,Kills on Wheels,70
jonathan-edwards,Death Pool,40
jonathan-edwards,Clowntergeist,30
jonathan-edwards,The Dark Tapes,20
stassa-edwards,Rogue One: A Star Wars Story,84
stassa-edwards,Wonder Woman,93
holly-edwards,Babylon,100
holly-edwards,"Nosferatu, a Symphony of Horror",97
holly-edwards,The Leunig Fragments,60
holly-edwards,Dark Waters,90
holly-edwards,Star Wars: The Rise of Skywalker,51
hard-edwards,The Last Man On The Moon,80
hard-edwards,Jupiter Ascending,80
hard-edwards,The Hobbit: The Battle of the Five Armies,80
hard-edwards,Filmed In Supermarionation,80
hard-edwards,X-Men: Days of Future Past,80
hard-edwards,The LEGO Movie,80
hard-edwards,The Hobbit: The Desolation of Smaug,90
hard-edwards,Ender's Game,60
hard-edwards,Elysium,70
hard-edwards,The Conjuring,80
hard-edwards,This Is the End,60
hard-edwards,Robot & Frank,80
hard-edwards,Frankenweenie,50
hard-edwards,Brave,80
hard-edwards,Prometheus,60
hard-edwards,Super 8,100
hard-edwards,Pirates of the Caribbean: On Stranger Tides,40
hard-edwards,Iron Man 2,70
hard-edwards,Alice in Wonderland,40
hard-edwards,Avatar,90
hard-edwards,The Box,70
hard-edwards,Triangle,80
hard-edwards,The Imaginarium of Doctor Parnassus,80
hard-edwards,Pandorum,80
hard-edwards,Transformers: Revenge of the Fallen,50
hard-edwards,Knowing,50
hard-edwards,Outlander,70
hard-edwards,Coraline,70
hard-edwards,Franklyn,60
amos-efra,The Beer Jesus from America,60
amos-efra,Final Kill,30
amos-efra,The Social Ones,50
amos-efra,Pickaxe,10
amos-efra,Dark Encounter,60
amos-efra,Holiday Hell,50
amos-efra,Luke & Jo,70
oussaint-egan,Amulet,79
oussaint-egan,My Hero Academia: Heroes Rising,0
oussaint-egan,Promare,0
oussaint-egan,Neon Genesis Evangelion - Movie: The End of Evangelion,88
oussaint-egan,Dragon Ball Super: Broly,0
oussaint-egan,Modest Heroes,86
oussaint-egan,Never-Ending Man: Hayao Miyazaki,100
oussaint-egan,Mirai,90
oussaint-egan,MFKZ,0
oussaint-egan,Genocidal Organ,85
oussaint-egan,Ghost in the Shell,0
oussaint-egan,Your Name.,0
oussaint-egan,One Piece Film: Gold,0
kelechi-ehenulo,One Man and His Shoes,80
kelechi-ehenulo,Miss Virginia,60
kelechi-ehenulo,Nomadland,90
kelechi-ehenulo,Another Round,80
kelechi-ehenulo,Ammonite,60
kelechi-ehenulo,Time,90
kelechi-ehenulo,I Am Samuel,60
kelechi-ehenulo,Relic,0
kelechi-ehenulo,Kajillionaire,60
kelechi-ehenulo,Supernova,90
kelechi-ehenulo,Wolfwalkers,90
kelechi-ehenulo,One Night in Miami,90
kelechi-ehenulo,Shirley,80
kelechi-ehenulo,The Painter and the Thief,70
kelechi-ehenulo,Mogul Mowgli,70
kelechi-ehenulo,Miss Juneteenth,80
kelechi-ehenulo,Tesla,20
kelechi-ehenulo,This Gun for Hire,80
kelechi-ehenulo,Tenet,80
kelechi-ehenulo,Scott Pilgrim vs. the World,90
kelechi-ehenulo,Ip Man 4: The Finale,50
kelechi-ehenulo,Blue Story,70
kelechi-ehenulo,Farming,70
kelechi-ehenulo,Inna De Yard: The Soul of Jamaica,80
kelechi-ehenulo,Cleanin' Up the Town: Remembering Ghostbusters,60
kelechi-ehenulo,Harriet,70
kelechi-ehenulo,The Irishman,90
kelechi-ehenulo,First Love,80
kelechi-ehenulo,A Beautiful Day in the Neighborhood,80
kelechi-ehenulo,Ford v Ferrari,80
kelechi-ehenulo,The Two Popes,60
kelechi-ehenulo,Marriage Story,80
kelechi-ehenulo,Jojo Rabbit,90
kelechi-ehenulo,Wounds,20
kelechi-ehenulo,The Lighthouse,90
kelechi-ehenulo,Just Mercy,80
kelechi-ehenulo,Waves,90
kelechi-ehenulo,Color Out of Space,60
kelechi-ehenulo,Miles Davis: Birth of the Cool,50
kelechi-ehenulo,Tell Me Who I Am,80
kelechi-ehenulo,Knives Out,100
kelechi-ehenulo,The Report,80
kelechi-ehenulo,The Last Black Man in San Francisco,90
kelechi-ehenulo,The King,60
kelechi-ehenulo,The Personal History of David Copperfield,70
kelechi-ehenulo,The Dude in Me,80
kelechi-ehenulo,Bad Education,80
kelechi-ehenulo,I Lost My Body,80
kelechi-ehenulo,Lucky Grandma,40
kelechi-ehenulo,Little Monsters,40
david-ehrenstein,The Times of Bill Cunningham,80
david-ehrenstein,Vita & Virginia,42
david-ehrenstein,Where's My Roy Cohn?,87
david-ehrenstein,Judy,82
david-ehrenstein,Dark Waters,90
david-ehrenstein,The Other Side of the Wind,84
david-ehrenstein,Can You Ever Forgive Me?,98
david-ehrenstein,Just Charlie,100
david-ehrenstein,Phantom Thread,91
david-ehrenstein,Call Me by Your Name,94
david-ehrenstein,Handsome Devil,83
david-ehrenstein,Loev,86
david-ehrenstein,4 Days in France,90
david-ehrenstein,Segunda Piel,0
david-ehrenstein,To Live and Die in Hollywood,77
david-ehrenstein,KM.0,54
david-ehrenstein,Nico and Dani,87
david-ehrenstein,Light It Up,39
david-ehrenstein,How Stella Got Her Groove Back,50
david-ehrenstein,Head On,63
david-ehrenstein,Urbania,72
david-ehrenstein,Edge of Seventeen,78
david-ehrenstein,Better than Chocolate,39
david-ehrenstein,Gods and Monsters,95
david-ehrenstein,Party Monster,29
david-ehrenstein,But I'm a Cheerleader,40
david-ehrenstein,The Broken Hearts Club,62
david-ehrenstein,The Times of Harvey Milk,96
david-ehrenstein,Factory Girl,20
david-ehrenstein,His Secret Life,74
david-ehrenstein,Apollo 13,96
david-ehrenstein,Quitting,77
david-ehrenstein,All About Lily Chou-Chou,69
david-ehrenstein,The Cockettes,91
david-ehrenstein,Margaret Cho - Notorious C.H.O.,84
david-ehrenstein,Circuit,20
david-ehrenstein,The Komediant,88
david-ehrenstein,Pépé le Moko,100
david-ehrenstein,Esther Kahn,52
david-ehrenstein,Time Out,96
david-ehrenstein,American Chai,52
david-ehrenstein,Sorority Boys,12
david-ehrenstein,Drift,71
david-ehrenstein,Female Trouble,88
david-ehrenstein,Chop Suey,69
david-ehrenstein,Trembling Before G-d,89
david-ehrenstein,The Way We Laughed,86
david-ehrenstein,The Fluffer,47
david-ehrenstein,Eban and Charley,33
david-ehrenstein,Princesa,71
david-ehrlich,Jungleland,71
david-ehrlich,Fatman,24
david-ehrlich,Hillbilly Elegy,40
david-ehrlich,Finding Yingying,71
david-ehrlich,Let Him Go,48
david-ehrlich,Fire Will Come,63
david-ehrlich,Come Play,40
david-ehrlich,His House,79
david-ehrlich,Synchronic,48
david-ehrlich,Over the Moon,56
david-ehrlich,Bruce Springsteen's Letter to You,71
david-ehrlich,Love and Monsters,71
david-ehrlich,The Witches,32
david-ehrlich,Rebecca,56
david-ehrlich,Clouds,63
david-ehrlich,12 Hour Shift,71
david-ehrlich,French Exit,63
david-ehrlich,The New Corporation: The Unfortunately Necessary Sequel,48
david-ehrlich,Falling,56
david-ehrlich,The Secrets We Keep,40
david-ehrlich,The Calming,79
david-ehrlich,Ottolenghi and the Cakes of Versailles,56
david-ehrlich,Isabella,56
david-ehrlich,Secret Society of Second-Born Royals,24
david-ehrlich,76 Days,79
david-ehrlich,On The Rocks,79
david-ehrlich,The World to Come,86
david-ehrlich,The Best Is Yet To Come,63
david-ehrlich,Wife of a Spy,63
david-ehrlich,The Boy from Medellín,63
david-ehrlich,Fireball: Visitors from Darker Worlds,63
david-ehrlich,Run Hide Fight,0
david-ehrlich,David Byrne's American Utopia,93
david-ehrlich,Mosquito State,63
david-ehrlich,Pieces of a Woman,56
david-ehrlich,Apples,63
david-ehrlich,Antebellum,56
david-ehrlich,You Cannot Kill David Arquette,79
david-ehrlich,I'm Thinking of Ending Things,93
david-ehrlich,Phineas and Ferb the Movie: Candace Against the Universe,71
david-ehrlich,Train to Busan Presents: Peninsula,40
david-ehrlich,Chemical Hearts,63
david-ehrlich,Desert One,63
david-ehrlich,Rebuilding Paradise,63
david-ehrlich,"Nadia, Butterfly",79
david-ehrlich,The Rental,63
david-ehrlich,Animal Crackers,63
david-ehrlich,We Are Freestyle Love Supreme,63
david-ehrlich,The Painted Bird,56
david-ehrlich,The Tobacconist,40
erlingur-einarsson,Stranger Things: Season 3,80
erlingur-einarsson,Chernobyl: Miniseries,100
dan-einav,SCORE: A Film Music Documentary,60
dan-einav,The Eyes of My Mother,40
dan-einav,The White King,40
hard-eisenbeis,Cannon Busters: Season 1,70
hard-eisenbeis,Kill la Kill: Season 1,100
hard-eisenbeis,Steins;Gate: Season 1,100
hard-eisenbeis,One-Punch Man: Season 1,100
eric-eisenberg,Ammonite,70
eric-eisenberg,Hillbilly Elegy,40
eric-eisenberg,Mank,100
eric-eisenberg,Rebecca,70
eric-eisenberg,Bad Hair,60
eric-eisenberg,Synchronic,80
eric-eisenberg,The Witches,60
eric-eisenberg,Borat: Subsequent Moviefilm,80
eric-eisenberg,Evil Eye,60
eric-eisenberg,Nocturne,80
eric-eisenberg,Hubie Halloween,50
eric-eisenberg,Lost Girls & Love Hotels,20
eric-eisenberg,Antebellum,50
eric-eisenberg,I'm Thinking of Ending Things,100
eric-eisenberg,The Binge,60
eric-eisenberg,An American Pickle,80
eric-eisenberg,Greyhound,50
eric-eisenberg,The Old Guard,70
eric-eisenberg,Irresistible,60
eric-eisenberg,You Should Have Left,40
eric-eisenberg,Scoob!,60
eric-eisenberg,The Hunt,80
eric-eisenberg,Spenser Confidential,40
eric-eisenberg,The Invisible Man,90
eric-eisenberg,Downhill,80
eric-eisenberg,Onward,50
eric-eisenberg,Fantasy Island,30
eric-eisenberg,Birds of Prey,70
eric-eisenberg,The Lodge,90
eric-eisenberg,Gretel & Hansel,50
eric-eisenberg,The Turning,70
eric-eisenberg,The Last Full Measure,80
eric-eisenberg,The Grudge,40
eric-eisenberg,High Life,80
eric-eisenberg,Star Wars: The Rise of Skywalker,40
eric-eisenberg,The Irishman,90
eric-eisenberg,6 Underground,60
eric-eisenberg,1917,90
eric-eisenberg,Queen & Slim,90
eric-eisenberg,21 Bridges,50
eric-eisenberg,Frozen II,50
eric-eisenberg,Arctic Dogs,30
eric-eisenberg,Doctor Sleep,90
eric-eisenberg,Jojo Rabbit,100
eric-eisenberg,Dolemite Is My Name,90
eric-eisenberg,Pain and Glory,80
eric-eisenberg,Parasite,90
eric-eisenberg,El Camino: A Breaking Bad Movie,90
eric-eisenberg,Terminator: Dark Fate,70
eric-eisenberg,Zombieland: Double Tap,70
ken-eisne,King of the Ants,90
ken-eisne,Keepers of the Magic,0
ken-eisne,Listen Up Philip,82
ken-eisne,Beanpole,91
ken-eisne,To Live to Sing,100
ken-eisne,Hope Gap,64
ken-eisne,The Whistlers,83
ken-eisne,Greed,47
ken-eisne,Sorry We Missed You,87
ken-eisne,"I Was at Home, But...",87
ken-eisne,Vitalina Varela,98
ken-eisne,The Jesus Rolls,21
ken-eisne,The Twentieth Century,88
ken-eisne,Emma.,87
ken-eisne,Ordinary Love,93
ken-eisne,Botero,75
ken-eisne,Portrait of a Lady on Fire,98
ken-eisne,The Assistant,92
ken-eisne,The Traitor,84
ken-eisne,2020 Oscar Nominated Shorts - Documentary,100
ken-eisne,2020 Oscar Nominated Shorts - Live Action,89
ken-eisne,Corpus Christi,98
ken-eisne,2020 Oscar Nominated Shorts - Animation,95
ken-eisne,Quezon's Game,45
ken-eisne,The Gentlemen,75
ken-eisne,Les Misérables,88
ken-eisne,Cunningham,89
ken-eisne,The Last Full Measure,59
ken-eisne,Like a Boss,22
ken-eisne,Clemency,92
ken-eisne,The Whale & The Raven,0
ken-eisne,Invisible Life,93
ken-eisne,DOSED,67
ken-eisne,Bombshell,69
ken-eisne,Menteur,0
ken-eisne,A Hidden Life,81
ken-eisne,63 Up,98
ken-eisne,Booksmart,96
ken-eisne,The Kindness of Strangers,18
ken-eisne,The Two Popes,89
ken-eisne,Knives Out,97
ken-eisne,Queen & Slim,82
ken-eisne,Frankie,58
ken-eisne,Antigone,92
ken-eisne,Varda by Agnès,98
ken-eisne,Stand!,0
ken-eisne,Marriage Story,94
ken-eisne,Dark Waters,90
ken-eisne,21 Bridges,53
ken-eisne,Hamlet,70
sarah-el-mahmoud,Come Play,60
sarah-el-mahmoud,The Forty-Year-Old Version,90
sarah-el-mahmoud,Unpregnant,70
sarah-el-mahmoud,The Secret Garden,60
sarah-el-mahmoud,All the Bright Places,80
sarah-el-mahmoud,The Last Thing He Wanted,20
sarah-el-mahmoud,To All the Boys: P.S. I Still Love You,60
sarah-el-mahmoud,Tyler Perry's A Fall from Grace,50
sarah-el-mahmoud,Noelle,60
sarah-el-mahmoud,Sextuplets,20
sarah-el-mahmoud,Midsommar,90
sarah-el-mahmoud,Beats,60
sarah-el-mahmoud,Mary Poppins Returns,90
sarah-el-mahmoud,Bird Box,60
sarah-el-mahmoud,Missing Link,60
sarah-el-mahmoud,Little,70
sarah-el-mahmoud,The Intruder,50
sarah-el-mahmoud,Wine Country,50
sarah-el-mahmoud,A Dog's Journey,60
sarah-el-mahmoud,I Am Mother,70
asher-elbein,The Terror: Infamy,81
asher-elbein,The Terror: Season 1,93
dilara-elb,Relic,86
dilara-elb,Wendy,38
dilara-elb,Worth,65
dilara-elb,Miss Americana,71
dilara-elb,Herself,79
beth-elderkin,Men in Black International,23
beth-elderkin,Alita: Battle Angel,61
beth-elderkin,Mortal Engines,26
beth-elderkin,A Wrinkle in Time,42
murtada-elfadl,French Exit,71
murtada-elfadl,Time,93
murtada-elfadl,Nomadland,79
murtada-elfadl,The Boys in the Band,48
murtada-elfadl,Misbehaviour,71
murtada-elfadl,Blackbird,63
murtada-elfadl,Blue Jasmine,93
murtada-elfadl,The Old Guard,79
murtada-elfadl,Hanna,71
murtada-elfadl,Robin Hood,48
murtada-elfadl,Manifesto,71
murtada-elfadl,The Aviator,79
murtada-elfadl,The Gift,48
murtada-elfadl,Little Fish,79
murtada-elfadl,The Curious Case of Benjamin Button,71
murtada-elfadl,Thor: Ragnarok,71
murtada-elfadl,I'm Not There,79
murtada-elfadl,Paradise Road,48
murtada-elfadl,The Good German,79
murtada-elfadl,The Talented Mr. Ripley,93
murtada-elfadl,Elizabeth,71
murtada-elfadl,Pulp Fiction,40
murtada-elfadl,Farewell Amor,79
murtada-elfadl,Atlantics,100
murtada-elfadl,Promising Young Woman,71
murtada-elfadl,The Forty-Year-Old Version,79
murtada-elfadl,Nine Days,24
murtada-elfadl,Miss Juneteenth,71
murtada-elfadl,Zola,93
murtada-elfadl,The Climb,48
murtada-elfadl,Bombshell,48
murtada-elfadl,Dark Waters,71
murtada-elfadl,The Irishman,24
murtada-elfadl,Marriage Story,71
murtada-elfadl,Pain and Glory,93
murtada-elfadl,Martin Eden,79
murtada-elfadl,Ad Astra,79
murtada-elfadl,"Where'd You Go, Bernadette",71
murtada-elfadl,American Woman,71
murtada-elfadl,Driveways,79
murtada-elfadl,The Beach Bum,71
murtada-elfadl,3 Faces,71
murtada-elfadl,The Souvenir,48
murtada-elfadl,The Last Black Man in San Francisco,93
murtada-elfadl,Clemency,71
murtada-elfadl,The Report,48
murtada-elfadl,The Farewell,79
murtada-elfadl,Premature,79
murtada-elfadl,Late Night,71
murtada-elfadl,If Beale Street Could Talk,93
debbie-lynn-elias-23430,Fatman,40
debbie-lynn-elias-23430,Let Him Go,78
debbie-lynn-elias-23430,Tar,60
debbie-lynn-elias-23430,The Boy Behind the Door,100
debbie-lynn-elias-23430,The Cuban,76
debbie-lynn-elias-23430,The Bay of Silence,50
debbie-lynn-elias-23430,Toss It,71
debbie-lynn-elias-23430,The Outpost,92
debbie-lynn-elias-23430,Return to Hardwick,100
debbie-lynn-elias-23430,The Dinner Party,38
debbie-lynn-elias-23430,Batsh*t Bride,86
debbie-lynn-elias-23430,True History of the Kelly Gang,79
debbie-lynn-elias-23430,Almost Love,67
debbie-lynn-elias-23430,The Burnt Orange Heresy,66
debbie-lynn-elias-23430,Waiting for Anya,36
debbie-lynn-elias-23430,Spy Intervention,33
debbie-lynn-elias-23430,Olympic Dreams,70
debbie-lynn-elias-23430,Ordinary Love,93
debbie-lynn-elias-23430,Assassin 33 A.D.,73
debbie-lynn-elias-23430,Troop Zero,68
debbie-lynn-elias-23430,Reality Queen!,36
debbie-lynn-elias-23430,The Report,82
debbie-lynn-elias-23430,Sabotage,22
debbie-lynn-elias-23430,Rob the Mob,81
debbie-lynn-elias-23430,Muppets Most Wanted,80
debbie-lynn-elias-23430,The Grand Budapest Hotel,92
debbie-lynn-elias-23430,Need For Speed,22
debbie-lynn-elias-23430,Mr. Peabody & Sherman,81
debbie-lynn-elias-23430,The Bag Man,11
debbie-lynn-elias-23430,In Secret,41
debbie-lynn-elias-23430,3 Days To Kill,27
debbie-lynn-elias-23430,The Right Kind of Wrong,17
debbie-lynn-elias-23430,About Last Night,69
debbie-lynn-elias-23430,Cavemen,14
debbie-lynn-elias-23430,That Awkward Moment,22
debbie-lynn-elias-23430,Best Night Ever,0
debbie-lynn-elias-23430,At Middleton,61
debbie-lynn-elias-23430,Gimme Shelter,29
debbie-lynn-elias-23430,The Nut Job,13
debbie-lynn-elias-23430,The Legend of Hercules,4
debbie-lynn-elias-23430,The Truth About Emanuel,37
debbie-lynn-elias-23430,Reasonable Doubt,22
debbie-lynn-elias-23430,How I Live Now,66
debbie-lynn-elias-23430,Le passé,93
debbie-lynn-elias-23430,Grudge Match,31
debbie-lynn-elias-23430,August: Osage County,67
debbie-lynn-elias-23430,The Invisible Woman,75
debbie-lynn-elias-23430,Saving Mr. Banks,79
debbie-lynn-elias-23430,Hours,61
debbie-lynn-elias-23430,Out of the Furnace,54
eligo,Console Wars,82
kimberley-elizabeth,Run,65
kimberley-elizabeth,Freaky,75
kimberley-elizabeth,Host,95
kimberley-elizabeth,The Invisible Man,65
kimberley-elizabeth,Underwater,60
kimberley-elizabeth,Black Christmas,45
kimberley-elizabeth,Feral,0
kimberley-elizabeth,The Mortuary Collection,100
kimberley-elizabeth,The Platform,0
kimberley-elizabeth,Jojo Rabbit,0
kimberley-elizabeth,Saint Maud,0
kimberley-elizabeth,It Chapter Two,60
kimberley-elizabeth,Feral,0
kimberley-elizabeth,47 Meters Down: Uncaged,60
kimberley-elizabeth,Stare,70
kimberley-elizabeth,The Wretched,80
kimberley-elizabeth,Scary Stories to Tell in the Dark,80
kimberley-elizabeth,Sadako,23
kimberley-elizabeth,Paradise Hills,75
kimberley-elizabeth,Midsommar,83
kimberley-elizabeth,Child's Play,63
kimberley-elizabeth,Z,96
kimberley-elizabeth,The Lodge,74
kimberley-elizabeth,Satanic Panic,62
kimberley-elizabeth,The Vast of Night,92
kimberley-elizabeth,John Wick: Chapter 3 - Parabellum,90
kimberley-elizabeth,The Curse of La Llorona,50
kimberley-elizabeth,The Ritual,73
kimberley-elizabeth,mother!,68
kimberley-elizabeth,Rift,93
kimberley-elizabeth,Flatliners,4
kimberley-elizabeth,Happy Death Day,71
kimberley-elizabeth,The Babysitter,72
kimberley-elizabeth,My Friend Dahmer,100
kimberley-elizabeth,Game of Death,50
kimberley-elizabeth,The Endless,75
kimberley-elizabeth,Leatherface,50
kimberley-elizabeth,Mansfield 66/67,50
kimberley-elizabeth,Creep 2,100
kimberley-elizabeth,Jigsaw,33
kimberley-elizabeth,The Shape of Water,100
kimberley-elizabeth,Winchester,13
kimberley-elizabeth,The Strangers: Prey At Night,39
kimberley-elizabeth,Blood Fest,50
kimberley-elizabeth,Unfriended: Dark Web,59
kimberley-elizabeth,Hereditary,89
kimberley-elizabeth,Good Manners,96
kimberley-elizabeth,Satan's Slaves,90
kimberley-elizabeth,Don't Leave Home,74
kimberley-elizabeth,Blue My Mind,79
george-elkind,Ovid and the Art of Love,0
george-elkind,The Booksellers,90
george-elkind,Beanpole,91
george-elkind,The Wild Goose Lake,92
george-elkind,Sonic the Hedgehog,63
george-elkind,Birds of Prey,78
george-elkind,63 Up,98
george-elkind,Underwater,48
george-elkind,American Factory,96
george-elkind,Honey Boy,94
george-elkind,Little Women,95
george-elkind,Atlantics,96
george-elkind,Doctor Sleep,77
george-elkind,Marriage Story,94
george-elkind,High Flying Bird,91
george-elkind,Harriet,74
george-elkind,Pain and Glory,97
george-elkind,End of the Century,95
george-elkind,Terminator: Dark Fate,70
george-elkind,Hustlers,87
george-elkind,Gemini Man,26
george-elkind,Judy,82
george-elkind,"Where'd You Go, Bernadette",49
george-elkind,Maiden,98
george-elkind,Crawl,83
george-elkind,Once Upon a Time In Hollywood,85
george-elkind,Spider-Man: Far From Home,90
george-elkind,Midsommar,83
george-elkind,The Last Black Man in San Francisco,92
george-elkind,Toy Story 4,97
george-elkind,Dark Phoenix,22
george-elkind,Booksmart,96
george-elkind,Long Shot,81
george-elkind,Her Smell,84
george-elkind,High Life,82
george-elkind,Amazing Grace,99
george-elkind,Wild Relatives,0
george-elkind,The Beach Bum,56
george-elkind,Us,93
george-elkind,Capernaum,90
george-elkind,Burning,95
george-elkind,The Feeling of Being Watched,93
george-elkind,Halloween,79
george-elkind,In the Last Days of the City,80
george-elkind,Sorry to Bother You,93
george-elkind,Ocean's 8,69
george-elkind,First Reformed,93
barbara-ellen,The Day Mountbatten Died,100
barbara-ellen,The Heart of Me,48
barbara-ellen,X2: X-Men United,85
barbara-ellen,Dark Water,80
barbara-ellen,Anger Management,42
barbara-ellen,Charlie's Angels - Full Throttle,42
barbara-ellen,Daddy Day Care,27
barbara-ellen,The In-Laws,33
barbara-ellen,Wrong Turn,40
barbara-ellen,Feardotcom,3
barbara-ellen,Bruce Almighty,48
barbara-ellen,Star Trek - Nemesis,38
barbara-ellen,Spider,85
barbara-ellen,Personal Velocity: Three Portraits,69
barbara-ellen,The Rules of Attraction,43
barbara-ellen,Welcome to Collinwood,55
barbara-ellen,25th Hour,78
barbara-ellen,Chicago,86
barbara-ellen,The Good Thief,77
barbara-ellen,Far From Heaven,88
barbara-ellen,Evelyn,64
barbara-ellen,The Recruit,43
barbara-ellen,L.I.E.,84
barbara-ellen,The Quiet American,87
barbara-ellen,The Matrix Reloaded,73
barbara-ellen,Antwone Fisher,79
barbara-ellen,To Kill a King,60
barbara-ellen,Secretary,76
barbara-ellen,8 Mile,75
barbara-ellen,Gangs of New York,73
barbara-ellen,Amélie,89
barbara-ellen,Vera Drake,92
barbara-ellen,Harry Potter and the Chamber of Secrets,40
annlee-ellingson,Birds of Prey,78
annlee-ellingson,The Assistant,92
annlee-ellingson,The Rhythm Section,28
annlee-ellingson,The Turning,11
annlee-ellingson,The Gentlemen,75
annlee-ellingson,Like a Boss,22
annlee-ellingson,1917,89
annlee-ellingson,Star Wars: The Rise of Skywalker,51
annlee-ellingson,Richard Jewell,77
annlee-ellingson,Jumanji: The Next Level,72
annlee-ellingson,Portrait of a Lady on Fire,98
annlee-ellingson,The Aeronauts,72
annlee-ellingson,Knives Out,97
annlee-ellingson,A Beautiful Day in the Neighborhood,95
annlee-ellingson,Frozen II,77
annlee-ellingson,Waves,84
annlee-ellingson,Ford v Ferrari,92
annlee-ellingson,Honey Boy,94
annlee-ellingson,Doctor Sleep,77
annlee-ellingson,Parasite,99
annlee-ellingson,The Lighthouse,90
annlee-ellingson,Terminator: Dark Fate,70
annlee-ellingson,Jojo Rabbit,80
annlee-ellingson,Gemini Man,26
annlee-ellingson,Judy,82
annlee-ellingson,Joker,68
annlee-ellingson,Ad Astra,83
annlee-ellingson,The Goldfinch,24
annlee-ellingson,Hustlers,87
annlee-ellingson,Ms. Purple,86
annlee-ellingson,It Chapter Two,63
annlee-ellingson,Vita & Virginia,42
annlee-ellingson,Don't Let Go,42
annlee-ellingson,Brittany Runs a Marathon,88
annlee-ellingson,Angel Has Fallen,39
annlee-ellingson,"Where'd You Go, Bernadette",49
annlee-ellingson,Good Boys,80
annlee-ellingson,After the Wedding,45
annlee-ellingson,The Kitchen,24
annlee-ellingson,Luce,90
annlee-ellingson,Fast & Furious Presents: Hobbs & Shaw,67
annlee-ellingson,Mike Wallace Is Here,95
annlee-ellingson,Once Upon a Time In Hollywood,85
annlee-ellingson,The Farewell,98
annlee-ellingson,The Lion King,52
annlee-ellingson,Spider-Man: Far From Home,90
annlee-ellingson,Ophelia,60
annlee-ellingson,Yesterday,63
annlee-ellingson,Wild Rose,92
annlee-ellingson,Toy Story 4,97
david-ellis,Nikki Glaser: Bangin',0
gregory-ellwood,Nine Days,86
gregory-ellwood,Minari,86
gregory-ellwood,The Courier,71
gregory-ellwood,The Father,71
gregory-ellwood,I Carry You with Me,63
gregory-ellwood,Wendy,79
gregory-ellwood,The Forty-Year-Old Version,79
gregory-ellwood,Worth,56
gregory-ellwood,Bad Hair,71
gregory-ellwood,Parasite,86
gregory-ellwood,Waves,63
gregory-ellwood,Hope Gap,56
gregory-ellwood,Hustlers,79
gregory-ellwood,The Two Popes,79
gregory-ellwood,The Aeronauts,71
gregory-ellwood,I Lost My Body,93
gregory-ellwood,Once Upon a Time In Hollywood,86
gregory-ellwood,The Lighthouse,79
gregory-ellwood,It Must Be Heaven,71
gregory-ellwood,Climax,86
gregory-ellwood,I Am Mother,56
gregory-ellwood,The Mustang,56
gregory-ellwood,Big Time Adolescence,63
gregory-ellwood,Velvet Buzzsaw,48
gregory-ellwood,Clemency,56
gregory-ellwood,Fighting with My Family,71
gregory-ellwood,Brittany Runs a Marathon,71
gregory-ellwood,The Report,71
gregory-ellwood,Late Night,71
gregory-ellwood,The Last Black Man in San Francisco,93
gregory-ellwood,Sonja - The White Swan,56
gregory-ellwood,Honey Boy,79
gregory-ellwood,Native Son,63
gregory-ellwood,Sauvage / Wild,86
gregory-ellwood,Angel Face,40
gregory-ellwood,Crystal Swan,71
gregory-ellwood,Jumpman,56
gregory-ellwood,Miriam Lies,79
gregory-ellwood,Hotel Mumbai,56
gregory-ellwood,Driven,40
gregory-ellwood,A Million Little Pieces,56
gregory-ellwood,Life Itself,48
gregory-ellwood,Non-Fiction,86
gregory-ellwood,Greta,71
gregory-ellwood,The Hate U Give,71
gregory-ellwood,Can You Ever Forgive Me?,79
gregory-ellwood,White Boy Rick,56
gregory-ellwood,Destroyer,79
gregory-ellwood,Boy Erased,56
gregory-ellwood,Peterloo,56
marianne-eloise,Someone Great,82
shelby-elpers,Swamp Thing: Season 1,0
shelby-elpers,Supergirl:  Season 5 - The Missing Link,100
shelby-elpers,Supergirl:  Season 5 - Deus Lex Machina,0
shelby-elpers,Supergirl:  Season 5 - Alex in Wonderland,80
shelby-elpers,Supergirl:  Season 5 - Reality Bytes,90
shelby-elpers,Supergirl:  Season 5 - The Bodyguard,70
shelby-elpers,Supergirl:  Season 5 - It's a Super Life,0
shelby-elpers,Supergirl:  Season 5 - Back From the Future: Part Two,0
shelby-elpers,Supergirl:  Season 5 - Back From the Future: Part One,70
shelby-elpers,Supergirl:  Season 5 - The Bottle Episode,50
shelby-elpers,Supergirl:  Season 5 - Crisis on Infinite Earths: Part One,90
shelby-elpers,Supergirl:  Season 5 - The Wrath of Rama Khan,60
shelby-elpers,Supergirl:  Season 5 - Tremors,83
shelby-elpers,Supergirl:  Season 5 - Confidence Women,100
shelby-elpers,Supergirl:  Season 5 - Dangerous Liaisons,50
shelby-elpers,Supergirl:  Season 5 - In Plain Sight,50
shelby-elpers,Supergirl:  Season 5 - Blurred Lines,67
shelby-elpers,Supergirl:  Season 5 - Event Horizon,70
alvaro-p-ruiz-de-elvira,Robin Williams: Come Inside My Mind,94
alvaro-p-ruiz-de-elvira,David Bowie: The Last Five Years,88
aig-elvy,The Expanse: Season 4,100
aig-elvy,Fullmetal Alchemist: Brotherhood: Series 1,100
aig-elvy,Gurren Lagann: Season 1,100
aig-elvy,One-Punch Man: Season 1,100
amelia-emberwing,The Conductor,90
amelia-emberwing,Saint Frances,90
amelia-emberwing,Daniel Isn't Real,65
amelia-emberwing,Philophobia: Or the Fear of Falling in Love,70
amelia-emberwing,Nightcrawlers,60
amelia-emberwing,Random Acts of Violence,58
amelia-emberwing,The Cleansing Hour,79
amelia-emberwing,Homewrecker,78
amelia-emberwing,Nail in the Coffin: The Fall and Rise of Vampiro,100
amelia-emberwing,Phil Tippett: Mad Dreams and Monsters,0
amelia-emberwing,Bloodline,53
amelia-emberwing,Fighting with My Family,92
amelia-emberwing,Werewolf,92
amelia-emberwing,One Cut of the Dead,100
amelia-emberwing,You Might Be the Killer,60
amelia-emberwing,Open 24 Hours,40
amelia-emberwing,Level 16,82
amelia-emberwing,Modest Heroes,86
amelia-emberwing,The Innocent,33
amelia-emberwing,Bloodline,0
amelia-emberwing,Star Wars: Episode I - The Phantom Menace,52
amelia-emberwing,Mary and The Witch's Flower,89
jochan-embley,Sarah Cooper: Everything's Fine,60
andrew-emerson,Evergreen,80
andrew-emerson,Drive Me Home,40
andrew-emerson,When Lambs Become Lions,90
andrew-emerson,Code & Response,70
andrew-emerson,The Corporate Coup d'État,30
andrew-emerson,Ximei,80
andrew-emerson,Britt-Marie Was Here,10
andrew-emerson,Lara,82
andrew-emerson,Knives Out,97
andrew-emerson,"I Was at Home, But...",87
andrew-emerson,Corpus Christi,98
andrew-emerson,Clemency,92
andrew-emerson,By the Grace of God,96
andrew-emerson,Balloon,100
andrew-emerson,Unlikely,30
andrew-emerson,Out of Omaha,80
andrew-emerson,Distant Harmony: Pavarotti in China,65
andrew-emerson,Send Me to the Clouds,90
andrew-emerson,The Blonde One,92
andrew-emerson,Hail Satan?,96
andrew-emerson,Monos,50
andrew-emerson,Bored in the U.S.A.,70
andrew-emerson,Gwen,50
andrew-emerson,Label Me,65
andrew-emerson,The Nightingale,70
andrew-emerson,Absurd Accident,60
andrew-emerson,The Farewell,80
andrew-emerson,Hurry Slowly,60
andrew-emerson,Pause,80
andrew-emerson,Bloodroot,60
andrew-emerson,Leto,100
andrew-emerson,Plus One,40
andrew-emerson,The Lady Killers,60
andrew-emerson,The Bastards' Fig Tree,60
andrew-emerson,Ask Dr. Ruth,40
andrew-emerson,His Father's Voice,70
andrew-emerson,Dogman,80
andrew-emerson,Knuckleball,30
andrew-emerson,Las Vegas Story,70
andrew-emerson,Hurley,50
andrew-emerson,Goyo: The Boy General,30
andrew-emerson,Princess of the Row,70
andrew-emerson,Big Kill,20
shelley-emling,Wine Country,65
josh-encinias,MLK/FBI,71
josh-encinias,I Carry You with Me,86
josh-encinias,Spree,86
josh-encinias,Hacksaw Ridge,79
josh-encinias,Swiss Army Man,71
josh-encinias,Disclosure,56
josh-encinias,To the Stars,40
josh-encinias,Isle of Dogs,93
josh-encinias,Irresistible,79
josh-encinias,Welcome to Chechnya,71
josh-encinias,Capone,32
josh-encinias,Wonder Wheel,40
josh-encinias,Incredibles 2,79
josh-encinias,Coincoin and the Extra-Humans,79
josh-encinias,Triple Frontier,63
josh-encinias,The Glorias,48
josh-encinias,The Last Thing He Wanted,32
josh-encinias,Downhill,79
josh-encinias,Kajillionaire,63
philipp-engel,Sibyl,55
philipp-engel,Uncut Gems,100
philipp-engel,A Hidden Life,60
philipp-engel,Liberté,100
philipp-engel,The Dead Don't Die,80
philipp-engel,The Hidden City,80
philipp-engel,Galveston,70
philipp-engel,Climax,90
philipp-engel,Carmen & Lola,80
philipp-engel,Les distàncies,90
philipp-engel,Number One,60
philipp-engel,Just to Be Sure,70
debi-enke,The Trip to Greece,87
debi-enke,Untouchable,86
debi-enke,Springsteen on Broadway,96
melinda-houston-and-debi-enke,The Dirty War on the National Health Service,0
ourtney-enlow,Grease 2,36
ourtney-enlow,Endless Love,28
a-ennis,Batwoman:  Season 1 - A Secret Kept from All the Rest,100
a-ennis,"Batwoman:  Season 1 - If You Believe in Me, I'll Believe in You",100
a-ennis,Batwoman:  Season 1 - A Narrow Escape,100
a-ennis,Batwoman:  Season 1 - Through the Looking-Glass,100
a-ennis,Batwoman:  Season 1 - Off With Her Head,88
a-ennis,Batwoman:  Season 1 - Grinning From Ear to Ear,100
a-ennis,Batwoman:  Season 1 - Drink Me,100
a-ennis,Batwoman:  Season 1 - Take Your Choice,90
a-ennis,Batwoman:  Season 1 - An Un-Birthday Present,90
a-ennis,Batwoman:  Season 1 - How Queer Everything Is Today!,90
a-ennis,Batwoman:  Season 1 - Crisis on Infinite Earths: Part Two,93
a-ennis,Batwoman:  Season 1 - A Mad Tea-Party,91
a-ennis,Batwoman:  Season 1 - Tell Me the Truth,80
a-ennis,"Batwoman:  Season 1 - I'll Be Judge, I'll Be Jury",91
a-ennis,Batwoman:  Season 1 - Mine Is a Long and a Sad Tale,82
a-ennis,Batwoman:  Season 1 - Who Are You?,100
a-ennis,Batwoman:  Season 1 - Down Down Down,73
a-ennis,Batwoman:  Season 1 - The Rabbit Hole,67
a-ennis,Batwoman:  Season 1 - Pilot,100
a-ennis,Wynonna Earp: Season 2,100
elizabeth-entenman,BoJack Horseman: Season 6,96
adam-epstein,Apollo 11,93
adam-epstein,Us,86
adam-epstein,The Ballad of Buster Scruggs,79
adam-epstein,Bohemian Rhapsody,48
adam-epstein,Suspiria,79
adam-epstein,22 July,71
adam-epstein,Mid90s,71
adam-epstein,First Man,93
adam-epstein,A Star Is Born,86
adam-epstein,BlacKkKlansman,86
adam-epstein,Eighth Grade,93
adam-epstein,Annihilation,93
adam-epstein,Black Panther,79
adam-epstein,The Shape of Water,79
adam-epstein,The Disaster Artist,79
adam-epstein,Blade Runner 2049,79
adam-epstein,The Florida Project,86
adam-epstein,mother!,63
adam-epstein,Dunkirk,86
adam-epstein,Tour De Pharmacy,79
adam-epstein,Arrival,86
juan-tomas-erb,Can You Ever Forgive Me?,98
juan-tomas-erb,Native Son,62
juan-tomas-erb,Grass Is Greener,100
juan-tomas-erb,Close,37
kate-erbland,Chick Fight,24
kate-erbland,Proxima,71
kate-erbland,Freaky,63
kate-erbland,Kindred,71
kate-erbland,Stardust,56
kate-erbland,Holidate,56
kate-erbland,The Craft: Legacy,71
kate-erbland,Radium Girls,56
kate-erbland,The Sounding,71
kate-erbland,American Selfie: One Nation Shoots Itself,71
kate-erbland,The Lie,32
kate-erbland,Yellow Rose,71
kate-erbland,The Kid Detective,71
kate-erbland,BLACKPINK: Light Up the Sky,71
kate-erbland,Evil Eye,56
kate-erbland,A Call to Spy,63
kate-erbland,Scare Me,63
kate-erbland,Spring Blossom,56
kate-erbland,180 Degree Rule,48
kate-erbland,Misbehaviour,56
kate-erbland,Kiss the Ground,56
kate-erbland,Joe Bell,79
kate-erbland,Shadow in the Cloud,71
kate-erbland,I Care a Lot,63
kate-erbland,Ammonite,48
kate-erbland,Penguin Bloom,63
kate-erbland,The Way I See It,56
kate-erbland,Unpregnant,71
kate-erbland,One Night in Miami,86
kate-erbland,Enola Holmes,71
kate-erbland,Miss Marx,56
kate-erbland,The Dark and the Wicked,48
kate-erbland,I Am Greta,71
kate-erbland,Mulan,79
kate-erbland,All Together Now,71
kate-erbland,Endless,32
kate-erbland,Magic Camp,48
kate-erbland,Words on Bathroom Walls,63
kate-erbland,The Sleepover,56
kate-erbland,The One and Only Ivan,71
kate-erbland,Project Power,56
kate-erbland,Spinster,56
kate-erbland,Work It,56
kate-erbland,The Secret Garden,63
kate-erbland,The Weight of Gold,56
kate-erbland,Seriously Single,63
kate-erbland,Summerland,71
kate-erbland,The Kissing Booth 2,56
kate-erbland,A Nice Girl Like You,56
kate-erbland,Fatal Affair,40
nate-erickson,Street Food: Asia: Season 1,100
steve-erickson,Ham on Rye,93
steve-erickson,The Mouth of the Wolf,100
steve-erickson,Martin Eden,84
steve-erickson,David Byrne's American Utopia,97
steve-erickson,Antebellum,28
steve-erickson,The Mole Agent,95
steve-erickson,Feels Good Man,96
steve-erickson,The Fight,98
steve-erickson,Route One USA,0
steve-erickson,She Dies Tomorrow,85
steve-erickson,Shakedown,100
steve-erickson,The Killing Floor,100
steve-erickson,Top of the Heap,0
steve-erickson,Emma Mae,0
steve-erickson,"Bloody Nose, Empty Pockets",91
steve-erickson,Bungalow,0
steve-erickson,Bully. Coward. Victim. The Story of Roy Cohn,74
steve-erickson,Babyteeth,94
steve-erickson,Tommaso,78
steve-erickson,Corpus Christi,98
steve-erickson,Deerskin,87
steve-erickson,The Painter and the Thief,97
steve-erickson,Fourteen,98
steve-erickson,Spaceship Earth,87
steve-erickson,Circus of Books,98
steve-erickson,Beastie Boys Story,63
steve-erickson,Never Rarely Sometimes Always,99
steve-erickson,Sorry We Missed You,87
steve-erickson,The Whistlers,83
steve-erickson,Vitalina Varela,98
steve-erickson,The Assistant,92
steve-erickson,The Traitor,84
steve-erickson,Les Misérables,88
steve-erickson,63 Up,98
steve-erickson,Little Joe,68
steve-erickson,Midnight Family,97
steve-erickson,Knives Out,97
steve-erickson,Atlantics,96
steve-erickson,Varda by Agnès,98
steve-erickson,Motherless Brooklyn,63
steve-erickson,Synonyms,88
steve-erickson,In My Room,78
steve-erickson,Young Ahmed,59
steve-erickson,Zombi Child,86
steve-erickson,Ad Astra,83
steve-erickson,Redistribution,0
steve-erickson,Cold Case Hammarskjöld,83
steve-erickson,The Load,100
steve-erickson,What You Gonna Do When the World's on Fire?,87
steve-erickson,The Nightingale,86
affy-erma,The Beguiled,79
affy-erma,Star Wars: The Rise of Skywalker,51
affy-erma,Princess Mononoke,93
affy-erma,Crazy Rich Asians,91
affy-erma,"Love, Simon",91
affy-erma,Promare,97
affy-erma,Birds of Prey,78
affy-erma,Weathering with You,91
hom-erns,Freaky,71
hom-erns,Major Arcana,88
hom-erns,The Kid Detective,82
hom-erns,Darkness in Tenement 45,40
hom-erns,Ravers,78
hom-erns,Bullets of Justice,48
hom-erns,Over the Moon,79
hom-erns,The Complex: Lockdown,0
hom-erns,Percy,0
hom-erns,The Cleansing Hour,0
hom-erns,The Last Shift,63
hom-erns,Blackbird,0
hom-erns,Never Be Done: The Richard Glen Lett Story,0
hom-erns,Mulan,0
hom-erns,Unhinged,0
hom-erns,Black Water: Abyss,45
hom-erns,The Burnt Orange Heresy,66
hom-erns,Working Man,93
hom-erns,Enter the Fat Dragon,64
hom-erns,Hamilton,0
hom-erns,Exit Plan,38
hom-erns,What Love Looks Like,0
hom-erns,The Invisible Man,71
hom-erns,The Jesus Rolls,21
hom-erns,The Lodge,74
hom-erns,Birds of Prey,0
hom-erns,Rabid,0
hom-erns,Bad Boys for Life,77
hom-erns,Little Women,95
hom-erns,Cats,20
hom-erns,Jumanji: The Next Level,72
hom-erns,Knives Out,97
hom-erns,Charlie's Angels,52
hom-erns,Blood Quantum,71
hom-erns,The Body Remembers When the World Broke Open,0
hom-erns,Harpoon,97
hom-erns,First Love,93
hom-erns,Where's My Roy Cohn?,87
hom-erns,Zeroville,48
hom-erns,Freaks,100
hom-erns,Good Boys,80
hom-erns,Yesterday,63
hom-erns,Anna,33
hom-erns,Child's Play,63
hom-erns,Dark Phoenix,0
hom-erns,The Souvenir,0
hom-erns,Peterloo,0
hom-erns,A Dog's Journey,50
hom-erns,Pokémon Detective Pikachu,0
hom-erns,Disneynature: Penguins,0
angie-errigo,National Lampoon's Loaded Weapon 1,60
angie-errigo,Like Water for Chocolate,80
angie-errigo,Cool Runnings,60
angie-errigo,Mary Shelley's Frankenstein,60
angie-errigo,Tomorrow,60
angie-errigo,Robert the Bruce,40
angie-errigo,Never Look Away,100
angie-errigo,Rocketman,60
angie-errigo,Amazing Grace,80
angie-errigo,Poetic Justice,40
angie-errigo,Wild Rose,60
angie-errigo,The Keeper,40
angie-errigo,Practical Magic,40
angie-errigo,Dumbo,60
angie-errigo,On the Basis of Sex,60
angie-errigo,Robin Hood: Men in Tights,40
angie-errigo,The Portrait of a Lady,40
angie-errigo,Miracle on 34th Street,80
angie-errigo,The Front Runner,40
angie-errigo,First Man,100
angie-errigo,Black '47,80
angie-errigo,The Seagull,60
angie-errigo,Alpha,60
angie-errigo,Mamma Mia! Here We Go Again,60
angie-errigo,Swimming with Men,60
angie-errigo,That Summer,60
angie-errigo,Anon,60
angie-errigo,The Guernsey Literary and Potato Peel Pie Society,80
angie-errigo,A Quiet Place,80
angie-errigo,Ready Player One,80
angie-errigo,Mary Magdalene,60
angie-errigo,The Cloverfield Paradox,40
angie-errigo,The Mercy,60
angie-errigo,Lies We Tell,40
angie-errigo,The Greatest Showman,80
angie-errigo,Paddington 2,100
angie-errigo,Film Stars Don't Die in Liverpool,80
angie-errigo,Romeo and Juliet,80
angie-errigo,The Muppet Movie,80
angie-errigo,Home Alone 3,60
angie-errigo,Hollow Man,40
angie-errigo,Roseland,80
angie-errigo,Norma Rae,80
angie-errigo,Persuasion,80
angie-errigo,Last Vegas,40
angie-errigo,The Panic in Needle Park,80
angie-errigo,Plunkett & Macleane,40
angie-errigo,Paris Blues,80
angie-errigo,Shaft,80
angie-errigo,Enough Said,80
jason-escamilla,Freaky,63
jason-escamilla,Mulan,71
jason-escamilla,I'm Thinking of Ending Things,63
jason-escamilla,The One and Only Ivan,48
jason-escamilla,Unhinged,63
jason-escamilla,"Yes, God, Yes",86
jason-escamilla,Hamilton,79
jason-escamilla,The King of Staten Island,71
jason-escamilla,Artemis Fowl,24
jason-escamilla,Scoob!,48
jason-escamilla,Bloodshot,24
jason-escamilla,The Hunt,71
jason-escamilla,I Still Believe,71
jason-escamilla,My Hero Academia: Heroes Rising,79
jason-escamilla,The Invisible Man,79
jason-escamilla,Onward,93
jason-escamilla,Emma.,40
jason-escamilla,Sonic the Hedgehog,63
jason-escamilla,Birds of Prey,63
jason-escamilla,The Rhythm Section,24
jason-escamilla,The Turning,40
jason-escamilla,Assassin 33 A.D.,63
jason-escamilla,Weathering with You,86
jason-escamilla,Richard Jewell,86
jason-escamilla,1917,71
jason-escamilla,Star Wars: The Rise of Skywalker,86
jason-escamilla,Ford v Ferrari,86
jason-escamilla,Jumanji: The Next Level,63
jason-escamilla,Marriage Story,100
jason-escamilla,The Irishman,40
jason-escamilla,Frozen II,63
jason-escamilla,Doctor Sleep,63
jason-escamilla,Playing with Fire,24
jason-escamilla,Rattlesnake,56
jason-escamilla,The True Adventures of Wolfboy,71
jason-escamilla,Terminator: Dark Fate,56
jason-escamilla,Knives Out,86
jason-escamilla,Maleficent: Mistress of Evil,63
jason-escamilla,Fractured,86
jason-escamilla,Jexi,24
jason-escamilla,The Addams Family,48
jason-escamilla,Little Monsters,24
jason-escamilla,Parasite,93
jason-escamilla,Jojo Rabbit,48
jason-escamilla,Joker,86
jason-escamilla,Dolemite Is My Name,86
jason-escamilla,Abominable,71
jason-escamilla,The Lodge,79
jason-escamilla,The Death of Dick Long,86
jason-escamilla,In the Tall Grass,56
stina-escoba,On My Block: Season 3,90
stina-escoba,Jane the Virgin:  Season 5 - Chapter Eighty-Six,0
ameron-esposito,Gentleman Jack: Season 1,60
victor-esquirol,The Tango of the Widower and Its Distorting Mirror,0
victor-esquirol,Undine,83
victor-esquirol,First Cow,96
victor-esquirol,Endless Night,100
victor-esquirol,Just Don't Think I'll Scream,100
victor-esquirol,Synonyms,80
victor-esquirol,Fourteen,98
victor-esquirol,Isadora's Children,100
victor-esquirol,Bliss,100
victor-esquirol,Varda by Agnès,80
victor-esquirol,"Don't Worry, He Won't Get Far on Foot",60
victor-esquirol,Too Late to Die Young,80
heo-estes,The Life Ahead,93
heo-estes,Malasaña 32,45
heo-estes,Books of Blood,23
heo-estes,Dancer in the Dark,69
heo-estes,The Boys in the Band,81
heo-estes,The One and Only Ivan,70
heo-estes,A Thousand Cuts,100
heo-estes,Mucho Mucho Amor: The Legend of Walter Mercado,100
heo-estes,Welcome to Chechnya,100
heo-estes,My Spy,47
heo-estes,Blow the Man Down,98
heo-estes,Goldie,95
heo-estes,The Photograph,74
heo-estes,Gretel & Hansel,66
heo-estes,Ramen Shop,88
heo-estes,Men in Black International,48
marshall-estes,Jingle Jangle: A Christmas Journey,95
marshall-estes,How to Build a Girl,79
marshall-estes,Blood Quantum,90
marshall-estes,I Still Believe,51
marshall-estes,Lost Girls,72
marshall-estes,The Night Clerk,36
marshall-estes,And Then We Danced,93
marshall-estes,The Good Liar,63
marshall-estes,Ready or Not,88
marshall-estes,Spies in Disguise,76
marshall-estes,Well Groomed,95
marshall-estes,Dora and the Lost City of Gold,85
marshall-estes,Rocketman,89
marshall-estes,Ma,55
marshall-estes,Non-Fiction,87
marshall-estes,UglyDolls,27
marshall-estes,Happy Death Day 2U,71
erick-estrada,One Night in Miami,97
erick-estrada,Under the Open Sky,100
erick-estrada,Never Gonna Snow Again,100
erick-estrada,Another Round,90
erick-estrada,New Order,67
erick-estrada,Short Term 12,98
erick-estrada,Everybody Loves Somebody,89
erick-estrada,Marioneta,0
erick-estrada,A Beautiful Day in the Neighborhood,95
erick-estrada,1917,89
erick-estrada,Richard Jewell,77
erick-estrada,Atlantics,96
erick-estrada,Seberg,35
erick-estrada,Flatland,89
erick-estrada,The Body Remembers When the World Broke Open,97
erick-estrada,Pacified,78
erick-estrada,Sanctuary,0
erick-estrada,Shooting the Mafia,74
erick-estrada,Balloon,70
erick-estrada,The Lodge,74
erick-estrada,The Haunting of Sharon Tate,19
erick-estrada,Guadalupe Reyes,0
erick-estrada,Niebla de culpa,0
erick-estrada,Wild Rose,92
erick-estrada,The Irishman,96
erick-estrada,The Report,82
erick-estrada,The Dead Don't Die,55
erick-estrada,Doctor Sleep,77
erick-estrada,Terminator: Dark Fate,70
erick-estrada,Light of My life,81
erick-estrada,A Rainy Day in New York,43
erick-estrada,Casa Caracol,0
erick-estrada,Ford v Ferrari,92
erick-estrada,Close Quarters,0
erick-estrada,Curiosa,0
erick-estrada,The Traitor,84
erick-estrada,Les Misérables,88
erick-estrada,Death to Summer,0
erick-estrada,Devil Between the Legs,86
erick-estrada,Polvo,100
erick-estrada,Sanctorum,0
erick-estrada,Portrait of a Lady on Fire,98
erick-estrada,Bacurau,91
erick-estrada,I'm No Longer Here,100
erick-estrada,The Dove and the Wolf,0
erick-estrada,Little Joe,68
erick-estrada,Workforce,100
erick-estrada,This is not Berlin,82
erick-estrada,Young Ahmed,59
erick-estrada,Late Night,80
valerie-ettenhofe,The Gift: The Journey of Johnny Cash,94
valerie-ettenhofe,Rewind,100
valerie-ettenhofe,Emanuel,100
valerie-ettenhofe,Deadwood: The Movie,98
valerie-ettenhofe,Scary Stories,82
valerie-ettenhofe,Trial by Fire,62
valerie-ettenhofe,Hala,88
valerie-ettenhofe,Homecoming: A Film by Beyoncé,98
valerie-ettenhofe,Slut in a Good Way,100
valerie-ettenhofe,Social Animals,88
valerie-ettenhofe,Instant Family,81
valerie-ettenhofe,Worlds of Ursula K. Le Guin,100
valerie-ettenhofe,Boy Erased,80
valerie-ettenhofe,The Tale,99
valerie-ettenhofe,The Cleaners,93
valerie-ettenhofe,Eighth Grade,99
devvon-eubanks,Black Bear,85
devvon-eubanks,Equalizer 2,75
hris-evangelista,Freaky,80
hris-evangelista,Mank,90
hris-evangelista,Rebecca,60
hris-evangelista,Nocturne,55
hris-evangelista,Evil Eye,40
hris-evangelista,Black Box,60
hris-evangelista,The Lie,40
hris-evangelista,The Trial of the Chicago 7,75
hris-evangelista,Shadow in the Cloud,50
hris-evangelista,Violation,65
hris-evangelista,Concrete Cowboy,75
hris-evangelista,MLK/FBI,80
hris-evangelista,Pieces of a Woman,70
hris-evangelista,Nomadland,100
hris-evangelista,One Night in Miami,90
hris-evangelista,The Devil All the Time,75
hris-evangelista,David Byrne's American Utopia,90
hris-evangelista,The Dark and the Wicked,85
hris-evangelista,Tenet,70
hris-evangelista,Antebellum,60
hris-evangelista,I'm Thinking of Ending Things,95
hris-evangelista,An American Pickle,65
hris-evangelista,The Rental,70
hris-evangelista,The Old Guard,50
hris-evangelista,You Should Have Left,60
hris-evangelista,Da 5 Bloods,85
hris-evangelista,The King of Staten Island,50
hris-evangelista,The Lovebirds,50
hris-evangelista,Capone,70
hris-evangelista,Extraction,50
hris-evangelista,Bloodshot,40
hris-evangelista,The Hunt,50
hris-evangelista,The Invisible Man,85
hris-evangelista,Brahms: The Boy II,40
hris-evangelista,Fantasy Island,10
hris-evangelista,Gretel & Hansel,75
hris-evangelista,Wendy,60
hris-evangelista,Amulet,40
hris-evangelista,Horse Girl,80
hris-evangelista,The Nowhere Inn,65
hris-evangelista,Kajillionaire,75
hris-evangelista,Downhill,70
hris-evangelista,Possessor: Uncut,100
hris-evangelista,Shirley,90
hris-evangelista,The Night House,70
hris-evangelista,Zola,75
hris-evangelista,Jumbo,50
hris-evangelista,Miss Americana,80
hris-evangelista,Bad Boys for Life,65
hris-evangelista,I Am Thor,70
whitney-evans,Power Book II: Ghost: Season 1,90
whitney-evans,Good Girls: Season 3,90
whitney-evans,Dare Me: Season 1,80
whitney-evans,How to Get Away With Murder: Season 6,0
whitney-evans,9-1-1: Season 3,0
whitney-evans,Power: Season 6,0
whitney-evans,Good Girls: Season 2,45
whitney-evans,The Haunting of Hill House: Miniseries,90
whitney-evans,9-1-1: Season 2,90
whitney-evans,Power: Season 5,0
whitney-evans,Good Girls: Season 1,90
whitney-evans,American Crime Story: The Assassination of Gianni Versace,80
whitney-evans,Power: Season 3,78
whitney-evans,Kevin,80
whitney-evans,Power: Season 4,90
whitney-evans,How to Get Away With Murder:  Season 2 - Anna Mae,90
whitney-evans,How to Get Away With Murder:  Season 2 - There's My Baby,0
whitney-evans,How to Get Away With Murder:  Season 2 - Something Bad Happened,100
whitney-evans,How to Get Away With Murder:  Season 2 - It's a Trap,80
whitney-evans,"How to Get Away With Murder:  Season 2 - What Happened to You, Annalise?",80
whitney-evans,How to Get Away With Murder:  Season 2 - What Did We Do?,0
whitney-evans,"How to Get Away With Murder:  Season 2 - Hi, I'm Philip",90
whitney-evans,How to Get Away With Murder:  Season 2 - I Want You to Die,0
whitney-evans,"How to Get Away With Murder:  Season 2 - Two Birds, One Millstone",90
whitney-evans,How to Get Away With Murder:  Season 2 - Skanks Get Shanked,90
whitney-evans,How to Get Away With Murder:  Season 2 - It's Called the Octopus,80
whitney-evans,How to Get Away With Murder:  Season 2 - She's Dying,0
whitney-evans,How to Get Away With Murder:  Season 2 - It's Time to Move On,0
whitney-evans,Power: Season 2,90
whitney-evans,"Empire:  Season 2 - Et Tu, Brute?",80
whitney-evans,Empire:  Season 2 - My Bad Parts,90
whitney-evans,Empire:  Season 2 - True Love Never,80
whitney-evans,Empire:  Season 2 - A High Hope for a Low Heaven,0
whitney-evans,Empire:  Season 2 - Be True,0
whitney-evans,Empire:  Season 2 - Fires of Heaven,0
whitney-evans,Empire:  Season 2 - Without a Country,0
whitney-evans,Empire:  Season 2 - The Devils Are Here,0
whitney-evans,Shameless: Season 5,0
whitney-evans,Cristela: Season 1,0
whitney-evans,Empire:  Season 1 - Who I Am,100
whitney-evans,Empire:  Season 1 - Die But Once,100
whitney-evans,Empire:  Season 1 - Sins of the Father,90
whitney-evans,Empire:  Season 1 - Unto the Breach,80
whitney-evans,Empire:  Season 1 - The Lyon's Roar,86
whitney-evans,Empire:  Season 1 - Our Dancing Days,100
whitney-evans,"Empire:  Season 1 - Out, Damned Spot",67
whitney-evans,Empire:  Season 1 - Dangerous Bonds,83
whitney-evans,Empire:  Season 1 - False Imposition,100
whitney-evans,Empire:  Season 1 - The Devil Quotes Scripture,86
whitney-evans,Empire:  Season 1 - Pilot,71
william-evans,Deadwood: The Movie,98
william-evans,Death Note,38
william-evans,Avengers: Infinity War,85
william-evans,Batman Ninja,82
william-evans,Ghost in the Shell,43
william-evans,Logan,93
william-evans,Message from the King,45
william-evans,Jurassic World,70
william-evans,Star Wars: Episode VII - The Force Awakens,92
william-evans,Batman v Superman: Dawn of Justice,28
william-evans,Arrival,94
william-evans,Nocturnal Animals,74
william-evans,Beasts of No Nation,91
william-evans,Snowpiercer,94
ayize-evere,Genndy Tartakovsky's Primal: Season 1,80
keirra-ewah,Queen Sono: Season 1,91
skylar-ezell,The Secret Life of Pets 2,61
skylar-ezell,Captain Marvel,79
skylar-ezell,Mary Poppins Returns,79
skylar-ezell,Ralph Breaks the Internet,88
skylar-ezell,Assassination Nation,74
skylar-ezell,Crazy Rich Asians,91
skylar-ezell,Christopher Robin,73
