ashley-iacone,The Bachelor: Season 22,50
ashley-iacone,The Bachelorette: Season 15,89
ashley-iacone,The Bachelorette: Season 13,31
ashley-iacone,The Bachelorette: Season 12,57
ashley-iacone,The Bachelor: Season 23,40
ebecca-iannu,The Duchess: Season 1,63
ebecca-iannu,We Are Who We Are: Season 1,87
ebecca-iannu,The Comey Rule: Miniseries,68
ebecca-iannu,"Love, Victor: Season 1",71
ebecca-iannu,All American: Season 2,100
ebecca-iannu,How to Get Away With Murder: Season 6,80
ebecca-iannu,The Bachelorette: Season 14,63
ebecca-iannu,The Bachelorette: Season 11,50
ebecca-iannu,The Amazing Race: Season 26,100
ebecca-iannu,So You Think You Can Dance : Season 15,0
ebecca-iannu,So You Think You Can Dance : Season 14,0
ebecca-iannu,Shooter: Season 1,47
ebecca-iannu,Scorpion: Season 4,0
ebecca-iannu,Scorpion: Season 2,80
ebecca-iannu,How to Get Away With Murder: Season 5,83
ebecca-iannu,Sharp Objects:  Miniseries - Milk,85
ebecca-iannu,Supergirl:  Season 1 - Manhunter,82
ebecca-iannu,Supergirl:  Season 1 - Strange Visitor From Another Planet,93
ebecca-iannu,Supergirl:  Season 1 - Childish Things,94
ebecca-iannu,Supergirl:  Season 1 - Hostile Takeover,92
ebecca-iannu,Sons of Anarchy:  Season 7 - Black Widower,80
ebecca-iannu,Pose: Season 1,96
ebecca-iannu,The Blacklist: Season 5,100
ebecca-iannu,The Blacklist: Season 2,83
ebecca-iannu,How to Get Away With Murder: Season 4,100
ebecca-iannu,The Blacklist: Season 4,90
ebecca-iannu,The Path: Season 1,78
ebecca-iannu,Crowded: Season 1,32
ebecca-iannu,Of Kings and Prophets: Season 1,25
ebecca-iannu,The Family: Season 1,61
ebecca-iannu,Blindspot:  Season 1 - Pilot,82
ebecca-iannu,Mr. Robot: Season 1,98
ebecca-iannu,Orange Is the New Black: Season 3,95
ebecca-iannu,Sense8: Season 1,72
ebecca-iannu,Difficult People: Season 1,88
ebecca-iannu,Public Morals: Season 1,82
ebecca-iannu,The Odd Couple: Season 1,26
ebecca-iannu,Selfie: Season 1,58
ebecca-iannu,Resurrection: Season 2,57
ebecca-iannu,Ravenswood: Season 1,75
ebecca-iannu,Parenthood: Season 6,95
shamira-ibrahim,Ramy: Season 2,97
shamira-ibrahim,#blackAF: Season 1,46
shamira-ibrahim,Ramy: Season 1,97
michael-idato,Hannah Gadsby: Douglas,92
michael-idato,Jane Fonda in Five Acts,97
michael-idato,Oliver Twist,0
michael-idato,Amy Schumer: Live From the Apollo,90
michael-idato,The Little Prince,93
wendy-ide,To the Ends of the Earth,80
wendy-ide,Nova Lituania,60
wendy-ide,Jingle Jangle: A Christmas Journey,60
wendy-ide,All Hands on Deck,0
wendy-ide,Unidentified,0
wendy-ide,The Whaler Boy,0
wendy-ide,Come and Go,0
wendy-ide,The Last Bath,0
wendy-ide,The Painter and the Thief,80
wendy-ide,Mogul Mowgli,80
wendy-ide,Wolfwalkers,100
wendy-ide,Tigers,0
wendy-ide,Empty Body,0
wendy-ide,"Josee, the Tiger and the Fish",0
wendy-ide,Children of the Night,0
wendy-ide,Bittersweet,0
wendy-ide,Trouble Will Find Us,0
wendy-ide,Emptiness,0
wendy-ide,A Balance,0
wendy-ide,Rebecca,60
wendy-ide,Carmilla,80
wendy-ide,Being a Human Person,80
wendy-ide,After Love,100
wendy-ide,Rose: A Love Story,88
wendy-ide,Soul,100
wendy-ide,Time,99
wendy-ide,200 Meters,100
wendy-ide,Shadow Country,100
wendy-ide,Eternal Beauty,60
wendy-ide,The Trial of the Chicago 7,80
wendy-ide,Cortex,0
wendy-ide,The Voiceless,0
wendy-ide,True Mothers,86
wendy-ide,Tesla,60
wendy-ide,Bill & Ted Face the Music,60
wendy-ide,Spring Blossom,100
wendy-ide,The Water Man,91
wendy-ide,Wildfire,92
wendy-ide,Shadow in the Cloud,74
wendy-ide,Limbo,92
wendy-ide,Monday,60
wendy-ide,And Tomorrow the Entire World,86
wendy-ide,Listen,0
wendy-ide,Laila in Haifa,0
wendy-ide,Mulan,60
wendy-ide,I'm Thinking of Ending Things,80
wendy-ide,The Disciple,95
wendy-ide,Apples,100
wendy-ide,Undergods,100
wendy-ide,Matthias & Maxime,80
eulalia-iglesias,Vitalina Varela,100
eulalia-iglesias,"I Was at Home, But...",100
eulalia-iglesias,Color Out of Space,60
eulalia-iglesias,The Last House on the Left,50
eulalia-iglesias,Let It Be Law,80
eulalia-iglesias,The Mummy,60
eulalia-iglesias,The Swallows of Kabul,60
eulalia-iglesias,Cats,40
eulalia-iglesias,Endless Night,80
eulalia-iglesias,Charlie's Angels,40
eulalia-iglesias,Invisible Life,80
eulalia-iglesias,Hormigas,60
eulalia-iglesias,"So Long, My Son",80
eulalia-iglesias,Fire Will Come,80
eulalia-iglesias,"Kiss Kiss, Bang Bang",70
eulalia-iglesias,The Santa Clause 2,20
eulalia-iglesias,Ojos Negros,80
eulalia-iglesias,Sauvage / Wild,80
eulalia-iglesias,Touch Me Not,80
eulalia-iglesias,Border,80
eulalia-iglesias,Vacancy,30
eulalia-iglesias,Schindler's List,60
eulalia-iglesias,Bright,40
gwen-ihna,Phineas and Ferb the Movie: Candace Against the Universe,71
gwen-ihna,The Go-Go's,79
gwen-ihna,The Wizard of Lies,63
gwen-ihna,Valley Girl,56
gwen-ihna,Noelle,56
gwen-ihna,The College Admissions Scandal,56
gwen-ihna,"One, Two, Three",91
gwen-ihna,Always Be My Maybe,79
gwen-ihna,Grease 2,36
gwen-ihna,Desk Set,100
gwen-ihna,Jane Fonda in Five Acts,93
gwen-ihna,The King,86
gwen-ihna,My Little Pony: The Movie,48
gwen-ihna,Trolls,79
gwen-ihna,The Unauthorized Melrose Place Story,71
gwen-ihna,The SpongeBob Movie: Sponge Out of Water,79
gwen-ihna,My Little Pony: Equestria Girls,63
ony-whatley-,The Predator,40
ony-whatley-,The Happytime Murders,20
ony-whatley-,Mission: Impossible - Fallout,80
obert-butler-,Da 5 Bloods,92
obert-butler-,Scoob!,48
obert-butler-,Extraction,66
obert-butler-,The Irishman,96
kiara-iman,Little Fires Everywhere: Season 1,0
kiara-iman,Charmed: Season 2,0
gabriella-incalza,You've Been Trumped Too,74
gabriella-incalza,Greed,47
gabriella-incalza,Loro,79
sam-inglis,The Bike Thief,60
sam-inglis,Farewell Amor,60
sam-inglis,Fanny Lye Deliver'd,80
sam-inglis,Jihad Jane,80
sam-inglis,Reborn,20
sam-inglis,Selah and the Spades,80
hunter-ingram,Swamp Thing: Season 1,92
hunter-ingram,The Good Fight: Season 3,96
hristopher-l-inoa,Promare,97
hristopher-l-inoa,White Snake,68
hristopher-l-inoa,Funan,93
hristopher-l-inoa,Martha: A Picture Story,100
hristopher-l-inoa,Only Yesterday,100
hristopher-l-inoa,Ride Your Wave,70
odd-inoue,BLACKPINK: Light Up the Sky,75
ashid-iran,Les Misérables,88
ashid-iran,Little Women,95
ashid-iran,Judy,82
ashid-iran,1917,89
ashid-iran,Maleficent: Mistress of Evil,39
ashid-iran,Downton Abbey,84
ashid-iran,Diego Maradona,90
ashid-iran,Gemini Man,26
ashid-iran,Joker,68
ashid-iran,Abominable,81
ashid-iran,Hustlers,87
ashid-iran,Ready or Not,88
ashid-iran,It Chapter Two,63
ashid-iran,The Kitchen,60
ashid-iran,Angel Has Fallen,10
ashid-iran,Once Upon a Time In Hollywood,100
ashid-iran,Dora and the Lost City of Gold,60
ashid-iran,Fast & Furious Presents: Hobbs & Shaw,30
ashid-iran,Ash Is Purest White,100
ashid-iran,The Lion King,80
ashid-iran,Yesterday,50
ashid-iran,Shoplifters,90
ashid-iran,Spider-Man: Far From Home,50
ashid-iran,Annabelle Comes Home,10
ashid-iran,The Secret Life of Pets 2,40
ashid-iran,Men in Black International,40
ashid-iran,Dark Phoenix,40
ashid-iran,Godzilla: King of the Monsters,30
ashid-iran,Rocketman,80
ashid-iran,Aladdin,30
ashid-iran,John Wick: Chapter 3 - Parabellum,90
ashid-iran,The Hustle,10
ashid-iran,A Dog's Journey,40
ashid-iran,The Intruder,10
ashid-iran,UglyDolls,50
ashid-iran,A Dog's Way Home,30
ashid-iran,Suspiria,60
ashid-iran,Avengers: Endgame,80
ashid-iran,Pet Sematary,30
ashid-iran,Hellboy,40
ashid-iran,Free Solo,80
ashid-iran,Shazam!,70
ashid-iran,Fighting with My Family,70
ashid-iran,Us,90
ashid-iran,How to Train Your Dragon: The Hidden World,40
ashid-iran,Wonder Park,50
ashid-iran,Captain Marvel,30
ashid-iran,The Wife,60
ashid-iran,Alita: Battle Angel,40
ashid-iran,The LEGO Movie 2: The Second Part,70
sonya-iryna,The Walking Dead: World Beyond: Season 1,38
sonya-iryna,The Walking Dead:  Season 10 - A Certain Doom,89
sonya-iryna,The Walking Dead:  Season 10 - The Tower,83
sonya-iryna,The Walking Dead:  Season 10 - What We Become,83
sonya-iryna,The Walking Dead:  Season 10 - Walk With Us,94
sonya-iryna,The Walking Dead:  Season 10 - Morning Star,94
sonya-iryna,The Walking Dead:  Season 10 - Stalker,100
sonya-iryna,The Walking Dead:  Season 10 - Squeeze,95
sonya-iryna,The Walking Dead:  Season 10 - The World Before,90
sonya-iryna,The Walking Dead:  Season 10 - Open Your Eyes,95
sonya-iryna,The Walking Dead:  Season 10 - Bonds,95
sonya-iryna,The Walking Dead:  Season 10 - What It Always Is,89
sonya-iryna,The Walking Dead:  Season 10 - Silence the Whisperers,94
sonya-iryna,The Walking Dead:  Season 10 - Ghosts,84
sonya-iryna,The Walking Dead:  Season 10 - Lines We Cross,93
sonya-iryna,Fear the Walking Dead:  Season 5 - Today and Tomorrow,50
sonya-iryna,Fear the Walking Dead:  Season 5 - Ner Tamid,36
sonya-iryna,Fear the Walking Dead:  Season 5 - You're Still Here,46
sonya-iryna,Fear the Walking Dead:  Season 5 - Channel 4,64
sonya-iryna,Fear the Walking Dead:  Season 5 - Is Anybody Out There?,54
sonya-iryna,Fear the Walking Dead:  Season 5 - Still Standing,36
sonya-iryna,Fear the Walking Dead:  Season 5 - Skidmark,75
sonya-iryna,Fear the Walking Dead:  Season 5 - Humbug's Gulch,83
sonya-iryna,Fear the Walking Dead:  Season 5 - The Hurt That Will Happen,62
sonya-iryna,Fear the Walking Dead:  Season 5 - Here to Help,92
david-isaa,Ted Lasso: Season 1,88
stina-iskande,All Together Now,50
stina-iskande,Palm Springs,70
stina-iskande,Lost Girls,60
stina-iskande,"Same Time, Next Christmas",80
stina-iskande,A Christmas Prince: The Royal Wedding,40
aymann-ismail,Immigration Nation: Miniseries,100
larushka-ivan-zadeh,The Climb,80
larushka-ivan-zadeh,The Secret Garden,60
larushka-ivan-zadeh,Mogul Mowgli,80
larushka-ivan-zadeh,Relic,80
larushka-ivan-zadeh,Borat: Subsequent Moviefilm,80
larushka-ivan-zadeh,On The Rocks,60
larushka-ivan-zadeh,The Trial of the Chicago 7,80
larushka-ivan-zadeh,Savage,60
larushka-ivan-zadeh,Real,60
larushka-ivan-zadeh,White Riot,80
larushka-ivan-zadeh,Rocks,100
larushka-ivan-zadeh,Bill & Ted Face the Music,80
larushka-ivan-zadeh,23 Walks,80
larushka-ivan-zadeh,The Broken Hearts Gallery,80
larushka-ivan-zadeh,Les Misérables,80
larushka-ivan-zadeh,Coup 53,100
larushka-ivan-zadeh,The Lost Prince,40
larushka-ivan-zadeh,Away,80
larushka-ivan-zadeh,Hope Gap,60
larushka-ivan-zadeh,The One and Only Ivan,60
larushka-ivan-zadeh,Sheep Without a Shepherd,60
larushka-ivan-zadeh,Pinocchio,60
larushka-ivan-zadeh,My Rembrandt,60
larushka-ivan-zadeh,Babyteeth,80
larushka-ivan-zadeh,Spree,40
larushka-ivan-zadeh,Unhinged,60
larushka-ivan-zadeh,Perfect 10,60
larushka-ivan-zadeh,The Snow Queen: Mirrorlands,40
larushka-ivan-zadeh,An American Pickle,40
larushka-ivan-zadeh,Summerland,60
larushka-ivan-zadeh,Make Up,80
larushka-ivan-zadeh,Proxima,80
larushka-ivan-zadeh,The King of Staten Island,80
larushka-ivan-zadeh,Screened Out,80
larushka-ivan-zadeh,Banana Split,80
larushka-ivan-zadeh,Never Rarely Sometimes Always,80
larushka-ivan-zadeh,Extraction,60
larushka-ivan-zadeh,Why Don't You Just Die!,80
larushka-ivan-zadeh,Four Kids and It,60
larushka-ivan-zadeh,Trolls World Tour,40
larushka-ivan-zadeh,Vivarium,60
larushka-ivan-zadeh,Radioactive,60
larushka-ivan-zadeh,Dogs Don't Wear Pants,60
larushka-ivan-zadeh,The Truth,80
larushka-ivan-zadeh,Calm with Horses,80
larushka-ivan-zadeh,Misbehaviour,60
larushka-ivan-zadeh,True History of the Kelly Gang,60
larushka-ivan-zadeh,Dark Waters,60
larushka-ivan-zadeh,Color Out of Space,80
larushka-ivan-zadeh,Portrait of a Lady on Fire,100
martin-izzard,Richard Jewell,77
