ariel-udel,Killing Eve:  Season 3 - Beautiful Monster,60
ariel-udel,Killing Eve:  Season 3 - End of Game,80
ariel-udel,Killing Eve:  Season 3 - Are You From Pinner?,100
ariel-udel,Killing Eve:  Season 3 - Still Got It,80
ariel-udel,Killing Eve:  Season 3 - Management Sucks,60
ariel-udel,Killing Eve:  Season 3 - Slowly Slowly Catchy Monkey,60
ariel-udel,Dispatches from Elsewhere: Season 1,70
ariel-udel,The L Word: Generation Q: Season 1,0
ariel-udel,On Becoming a God in Central Florida: Season 1,50
keith-uhlich,Nomadland,97
keith-uhlich,Atarrabi & Mikelats,63
keith-uhlich,Married to the Mob,89
keith-uhlich,City Hall,88
keith-uhlich,Lookin' to Get Out,100
keith-uhlich,Wise Blood,0
keith-uhlich,General della Rovere,0
keith-uhlich,Hunger,0
keith-uhlich,Climate Of Change,0
keith-uhlich,Socks on Fire,75
keith-uhlich,So Late So Soon,0
keith-uhlich,Exile,88
keith-uhlich,Certified Copy,89
keith-uhlich,A Beautiful Day in the Neighborhood,88
keith-uhlich,The Report,50
keith-uhlich,First Cow,63
keith-uhlich,Lucy in the Sky,25
keith-uhlich,The Irishman,88
keith-uhlich,Black and Blue,52
keith-uhlich,Rambo: Last Blood,75
keith-uhlich,Judy,50
keith-uhlich,The Laundromat,38
keith-uhlich,The Moneychanger,60
keith-uhlich,Joker,38
keith-uhlich,Jojo Rabbit,0
keith-uhlich,Calm with Horses,94
keith-uhlich,The Personal History of David Copperfield,75
keith-uhlich,Heimat Is a Space in Time,100
keith-uhlich,Maternal,100
keith-uhlich,Scary Stories to Tell in the Dark,78
keith-uhlich,Chris Tucker Live,0
keith-uhlich,Joan the Maid 2: The Prisons,88
keith-uhlich,Joan the Maid 1: The Battles,86
keith-uhlich,Amy Schumer: Live From the Apollo,90
keith-uhlich,Pier Kids,100
keith-uhlich,Straight Up,92
keith-uhlich,Child's Play,63
keith-uhlich,Advocate,100
keith-uhlich,Watson,100
keith-uhlich,Wig,0
keith-uhlich,Scheme Birds,91
keith-uhlich,Bolden,70
keith-uhlich,XY Chelsea,65
keith-uhlich,UglyDolls,27
keith-uhlich,Circus of Books,98
keith-uhlich,The Short History of the Long Road,91
keith-uhlich,Flawless,67
keith-uhlich,A Regular Woman,94
keith-uhlich,At the Heart of Gold: Inside the USA Gymnastics Scandal,100
keith-uhlich,The Apollo,95
fiona-underhill,Cordelia,80
fiona-underhill,On The Rocks,20
fiona-underhill,The Father,80
fiona-underhill,Sound of Metal,80
fiona-underhill,Rebecca,60
fiona-underhill,The Mortuary Collection,80
fiona-underhill,Nomadland,70
fiona-underhill,The Personal History of David Copperfield,92
fiona-underhill,Enola Holmes,80
fiona-underhill,Bill & Ted Face the Music,80
fiona-underhill,I'm Thinking of Ending Things,100
fiona-underhill,Entwined,80
fiona-underhill,African Violet,80
fiona-underhill,The Burnt Orange Heresy,66
fiona-underhill,Boys State,80
fiona-underhill,I Used to Go Here,70
fiona-underhill,Made in Italy,60
fiona-underhill,She Dies Tomorrow,80
fiona-underhill,Calm with Horses,94
fiona-underhill,Summerland,70
fiona-underhill,"Yes, God, Yes",60
fiona-underhill,Helmut Newton: The Bad and the Beautiful,72
fiona-underhill,Fisherman's Friends,68
fiona-underhill,Judy,50
fiona-underhill,Avengers: Age of Ultron,76
fiona-underhill,Thor: The Dark World,66
fiona-underhill,The Cabin in the Woods,92
fiona-underhill,The Mountain Between Us,40
fiona-underhill,Professor Marston & The Wonder Women,80
fiona-underhill,Battle of the Sexes,70
fiona-underhill,Stronger,70
fiona-underhill,Unicorn Store,80
fiona-underhill,The Circle,40
fiona-underhill,Their Finest,80
fiona-underhill,I don't feel at home in this world anymore.,80
fiona-underhill,Song to Song,44
fiona-underhill,Live By Night,35
fiona-underhill,Fifty Shades Darker,45
fiona-underhill,First Cow,80
fiona-underhill,Greyhound,79
fiona-underhill,Hamilton,98
fiona-underhill,The Beach House,60
fiona-underhill,Fantastic Beasts: The Crimes of Grindelwald,70
fiona-underhill,Mary Shelley,70
fiona-underhill,Where Hands Touch,43
fiona-underhill,Ocean's 8,60
fiona-underhill,On Chesil Beach,90
fiona-underhill,"Love, Simon",85
fiona-underhill,Mute,70
fiona-underhill,Fifty Shades Freed,11
martin-unsworth,The Curse of Audrey Earnshaw,80
martin-unsworth,Held,80
martin-unsworth,Sacrifice,80
martin-unsworth,Woman of the Photographs,80
martin-unsworth,Don't Look Back,40
martin-unsworth,Dangerous to Know,60
martin-unsworth,Dead,80
martin-unsworth,The Banishing,80
martin-unsworth,The Brain that Wouldn't Die,60
martin-unsworth,The Returned,60
martin-unsworth,The World We Knew,80
martin-unsworth,Spare Parts,60
martin-unsworth,The Owners,60
martin-unsworth,For the Sake of Vicious,80
martin-unsworth,Benny Loves You,80
martin-unsworth,Los Scavengers,80
martin-unsworth,Let's Scare Julie,40
martin-unsworth,The Undertaker's Home,80
martin-unsworth,Slaxx,60
martin-unsworth,Unknown Origins,60
martin-unsworth,Honeydew,60
martin-unsworth,Caveat,80
martin-unsworth,Vicious Fun,80
martin-unsworth,The Columnist,80
martin-unsworth,There's No Such Thing as Vampires,60
martin-unsworth,I Am Lisa,60
martin-unsworth,Sky Sharks,60
martin-unsworth,They're Outside,80
martin-unsworth,Playhouse,60
martin-unsworth,The Horror Crowd,80
martin-unsworth,The Honeymoon Phase,60
martin-unsworth,Shakespeare's Shitstorm,80
martin-unsworth,The Swerve,80
martin-unsworth,Blinders,60
martin-unsworth,Av: The Hunt,80
martin-unsworth,A Ghost Waits,80
martin-unsworth,Hall,40
martin-unsworth,Clapboard Jungle: Surviving the Independent Film Business,60
martin-unsworth,Skull: The Mask,80
martin-unsworth,Dark Place,60
martin-unsworth,Attack of the Unknown,60
martin-unsworth,Aquaslash,40
martin-unsworth,Two Heads Creek,60
martin-unsworth,The Oak Room,80
martin-unsworth,1BR,80
martin-unsworth,The Onania Club,80
martin-unsworth,Murder Death Koreatown,70
martin-unsworth,I Scream on the Beach!,60
martin-unsworth,Philophobia: Or the Fear of Falling in Love,80
martin-unsworth,Dead Dicks,80
kayla-kumari-upadhyaya,Charlie's Angels,52
kayla-kumari-upadhyaya,Iliza Shlesinger: Confirmed Kills,56
kayla-kumari-upadhyaya,Anjelah Johnson: Not Fancy,0
kayla-kumari-upadhyaya,Aziz Ansari: Live At Madison Square Garden,100
kayla-kumari-upadhyaya,Someone Great,79
kayla-kumari-upadhyaya,Hari Kondabolu: Warn Your Relatives,63
kayla-kumari-upadhyaya,A Simple Favor,84
kayla-kumari-upadhyaya,The Spy Who Dumped Me,49
kayla-kumari-upadhyaya,Mamma Mia! Here We Go Again,79
kayla-kumari-upadhyaya,Ocean's 8,69
kayla-kumari-upadhyaya,Disobedience,84
kayla-kumari-upadhyaya,Tig Notaro: Boyish Girl Interrupted,100
kayla-kumari-upadhyaya,The Intervention,78
kayla-kumari-upadhyaya,Proud Mary,25
kayla-kumari-upadhyaya,Annihilation,88
andrew-l-urban,Noise,83
andrew-l-urban,Dragged Across Concrete,76
andrew-l-urban,Yesterday,63
andrew-l-urban,Red Joan,30
andrew-l-urban,Hotel Mumbai,76
andrew-l-urban,The Guilty,97
andrew-l-urban,Arctic,90
andrew-l-urban,Mary Queen of Scots,63
andrew-l-urban,Green Book,77
andrew-l-urban,Vice,65
andrew-l-urban,The Favourite,93
andrew-l-urban,Cold War,92
andrew-l-urban,The Girl in the Spider's Web,39
andrew-l-urban,The Old Man & the Gun,93
andrew-l-urban,Bohemian Rhapsody,60
andrew-l-urban,Van Helsing,24
andrew-l-urban,X-Men,82
andrew-l-urban,Moulin Rouge!,76
andrew-l-urban,A Star Is Born,90
andrew-l-urban,Bad Times at the El Royale,74
andrew-l-urban,First Man,87
andrew-l-urban,Searching,92
andrew-l-urban,BlacKkKlansman,96
andrew-l-urban,Crazy Rich Asians,91
andrew-l-urban,You Were Never Really Here,89
andrew-l-urban,Mission: Impossible - Fallout,97
andrew-l-urban,On Body and Soul,90
andrew-l-urban,1945,97
andrew-l-urban,The Death of Stalin,95
andrew-l-urban,Red Sparrow,45
andrew-l-urban,The Mercy,74
andrew-l-urban,"I, Tonya",89
andrew-l-urban,The Shape of Water,92
andrew-l-urban,Sweet Country,96
andrew-l-urban,Darkest Hour,84
andrew-l-urban,"Three Billboards Outside Ebbing, Missouri",90
andrew-l-urban,Sweet Virginia,79
andrew-l-urban,The Killing of a Sacred Deer,80
andrew-l-urban,The Snowman,7
andrew-l-urban,School Life,93
andrew-l-urban,Rough Stuff,80
andrew-l-urban,Kingsman: The Golden Circle,51
andrew-l-urban,Mountain,87
andrew-l-urban,Victoria & Abdul,65
andrew-l-urban,Patti Cake$,85
andrew-l-urban,The Dinner,46
andrew-l-urban,Ali's Wedding,92
andrew-l-urban,God's Own Country,98
andrew-l-urban,The King's Choice,84
andrew-l-urban,The Lost City of Z,87
john-urbancich,Fatman,60
john-urbancich,The Life Ahead,70
john-urbancich,Hillbilly Elegy,60
john-urbancich,Freaky,70
john-urbancich,The Nest,80
john-urbancich,Let Him Go,80
john-urbancich,Beasts Clawing at Straws,90
john-urbancich,The Trial of the Chicago 7,70
john-urbancich,The War with Grandpa,50
john-urbancich,Time,80
john-urbancich,Kajillionaire,60
john-urbancich,Working Man,80
john-urbancich,Northwood Pie,60
john-urbancich,Shooting Heroin,70
john-urbancich,Bill & Ted Face the Music,30
john-urbancich,Desert One,80
john-urbancich,Words on Bathroom Walls,70
john-urbancich,Unhinged,60
john-urbancich,River City Drumbeat,90
john-urbancich,The Burnt Orange Heresy,70
john-urbancich,Kaye Ballard: The Show Goes On,80
john-urbancich,Toss It,60
john-urbancich,Flannery,70
john-urbancich,The Outpost,80
john-urbancich,In Bright Axiom,60
john-urbancich,Comfort Farms,60
john-urbancich,7500,50
john-urbancich,The King of Staten Island,60
john-urbancich,Judy & Punch,70
john-urbancich,The High Note,50
john-urbancich,Burning Dog,60
john-urbancich,The Vast of Night,90
john-urbancich,The Third Strike,60
john-urbancich,Soundwave,70
john-urbancich,The Dalai Lama: Scientist,60
john-urbancich,Nemesis,70
john-urbancich,Silent Panic,60
john-urbancich,Onward,60
john-urbancich,Greed,50
john-urbancich,The Invisible Man,70
john-urbancich,Portrait of a Lady on Fire,80
john-urbancich,Once Were Brothers: Robbie Robertson and The Band,70
john-urbancich,Seberg,50
john-urbancich,"Standing Up, Falling Down",80
john-urbancich,Downhill,40
john-urbancich,The Song of Names,50
john-urbancich,Les Mis√©rables,80
john-urbancich,The Rhythm Section,40
john-urbancich,Family Obligations,70
john-urbancich,The Gentlemen,70
janelle-ureta,Utopia: Season 1,80
janelle-ureta,Julie and the Phantoms: Season 1,100
janelle-ureta,Young Wallander: Season 1,0
janelle-ureta,The Baby-Sitters Club: Season 1,100
leticia-urieta,Ratched: Season 1,62
