susana-guzman-de-la-o,Bill & Ted Face the Music,70
susana-guzman-de-la-o,Enola Holmes,60
susana-guzman-de-la-o,Scoob!,70
susana-guzman-de-la-o,Mucho Mucho Amor: The Legend of Walter Mercado,50
susana-guzman-de-la-o,The Cave,80
susana-guzman-de-la-o,Jumanji: The Next Level,30
susana-guzman-de-la-o,A Rainy Day in New York,60
susana-guzman-de-la-o,Terminator: Dark Fate,70
susana-guzman-de-la-o,Maleficent: Mistress of Evil,30
susana-guzman-de-la-o,El Camino: A Breaking Bad Movie,70
susana-guzman-de-la-o,The Mystery of Henri Pick,80
susana-guzman-de-la-o,High Life,90
susana-guzman-de-la-o,Dark Phoenix,50
susana-guzman-de-la-o,Rocketman,80
susana-guzman-de-la-o,Dumbo,70
susana-guzman-de-la-o,Beautiful Boy,60
susana-guzman-de-la-o,Black Tide,60
susana-guzman-de-la-o,A Dog's Way Home,50
susana-guzman-de-la-o,"Lots of Kids, a Monkey and a Castle",60
susana-guzman-de-la-o,March of the Penguins 2: The Next Step,90
susana-guzman-de-la-o,Alpha,60
susana-guzman-de-la-o,The Meg,70
susana-guzman-de-la-o,Christopher Robin,70
susana-guzman-de-la-o,The Wound,80
susana-guzman-de-la-o,Without Fear,80
susana-guzman-de-la-o,Tully,80
jon-obrien,Katherine Ryan: In Trouble,0
jon-obrien,Mike Birbiglia: My Girlfriend's Boyfriend,100
hettie-obrien,This Giant Beast That is the Global Economy: Season 1,43
jennifer-obrien,Below Deck Mediterranean: Season 4,0
mark-ocallaghan,Superman: Man of Tomorrow,90
mark-ocallaghan,Superman: Red Son,90
mark-ocallaghan,Klaus,90
mark-ocallaghan,Noelle,30
paul-ocallaghan-19201,The Times of Bill Cunningham,80
paul-ocallaghan-19201,A Voluntary Year,0
paul-ocallaghan-19201,Echo,100
paul-ocallaghan-19201,Technoboss,60
paul-ocallaghan-19201,Advocate,100
paul-ocallaghan-19201,Brief Story from the Green Planet,0
paul-ocallaghan-19201,The Boy Who Harnessed the Wind,63
paul-ocallaghan-19201,The Nightingale,86
paul-ocallaghan-19201,Ben is Back,50
paul-ocallaghan-19201,Diane,93
paul-ocallaghan-19201,Vox Lux,61
paul-ocallaghan-19201,A Star Is Born,90
paul-ocallaghan-19201,The Favourite,75
paul-ocallaghan-19201,First Man,63
paul-ocallaghan-19201,M,0
paul-ocallaghan-19201,Ray & Liz,96
paul-ocallaghan-19201,Too Late to Die Young,98
paul-ocallaghan-19201,Genesis,89
paul-ocallaghan-19201,Generation Wealth,63
paul-ocallaghan-19201,Ideal Home,38
paul-ocallaghan-19201,"Westwood: Punk, Icon, Activist",63
paul-ocallaghan-19201,Hard Paint,92
paul-ocallaghan-19201,Touch Me Not,59
paul-ocallaghan-19201,Madeline's Madeline,88
paul-ocallaghan-19201,Custody,96
paul-ocallaghan-19201,Foxtrot,94
paul-ocallaghan-19201,Lean on Pete,90
paul-ocallaghan-19201,Call Me by Your Name,94
paul-ocallaghan-19201,God's Own Country,98
paul-ocallaghan-19201,Rise of the Planet of the Apes,60
paul-ocallaghan-19201,Last Night,40
paul-ocallaghan-19201,Cedar Rapids,60
aoife-oceallachain-20701,Sea Fever,86
aoife-oceallachain-20701,Ordinary Love,93
aoife-oceallachain-20701,Dark Lies the Island,67
aoife-oceallachain-20701,Don't Let Go,42
aoife-oceallachain-20701,The Kitchen,24
aoife-oceallachain-20701,Lady Bird,99
aoife-oceallachain-20701,Pitch Perfect 3,28
sean-oconnell,Freaky,50
sean-oconnell,The Glorias,80
sean-oconnell,The Trial of the Chicago 7,100
sean-oconnell,The New Mutants,30
sean-oconnell,Bill & Ted Face the Music,70
sean-oconnell,Tenet,100
sean-oconnell,Unhinged,60
sean-oconnell,Project Power,60
sean-oconnell,Palm Springs,80
sean-oconnell,The King of Staten Island,60
sean-oconnell,Artemis Fowl,40
sean-oconnell,Da 5 Bloods,100
sean-oconnell,Capone,70
sean-oconnell,Extraction,70
sean-oconnell,Bloodshot,40
sean-oconnell,Wendy,80
sean-oconnell,Bad Boys for Life,70
sean-oconnell,Knives Out,80
sean-oconnell,Marriage Story,100
sean-oconnell,Ford v Ferrari,80
sean-oconnell,Angel Has Fallen,70
sean-oconnell,Once Upon a Time In Hollywood,90
sean-oconnell,Men in Black International,40
sean-oconnell,The Curse of La Llorona,40
sean-oconnell,Pet Sematary,70
sean-oconnell,The Mule,60
sean-oconnell,Aquaman,70
sean-oconnell,Roma,100
sean-oconnell,Green Book,70
sean-oconnell,The Ballad of Buster Scruggs,60
sean-oconnell,Bad Times at the El Royale,90
sean-oconnell,22 July,90
sean-oconnell,Venom,40
sean-oconnell,Life Itself,60
sean-oconnell,Destroyer,73
sean-oconnell,Crazy Rich Asians,70
sean-oconnell,Hotel Transylvania 3: Summer Vacation,60
sean-oconnell,Hereditary,90
sean-oconnell,Deadpool 2,90
sean-oconnell,Star Wars: The Last Jedi,90
sean-oconnell,Tomb Raider,40
sean-oconnell,Mute,70
sean-oconnell,Game Night,70
sean-oconnell,Call Me by Your Name,80
sean-oconnell,The Greatest Showman,60
sean-oconnell,The Post,100
sean-oconnell,Suburbicon,30
sean-oconnell,Happy Death Day,60
sean-oconnell,The Florida Project,100
sean-oconnell,Stronger,90
aine-oconno,The Old Guard,60
aine-oconno,To the Stars,60
aine-oconno,Come on Eileen,60
aine-oconno,The Assistant,80
aine-oconno,We Summon the Darkness,60
aine-oconno,2nd Date Sex,40
aine-oconno,Sergio,60
aine-oconno,Storm Boy,60
aine-oconno,Tigertail,80
aine-oconno,Iron Mask,60
aine-oconno,Danger Close,60
aine-oconno,Lady and the Tramp,60
aine-oconno,Togo,60
aine-oconno,Vivarium,60
aine-oconno,The Photograph,60
aine-oconno,True History of the Kelly Gang,80
aine-oconno,Toni Morrison: The Pieces I Am,80
aine-oconno,Military Wives,60
aine-oconno,The Invisible Man,80
aine-oconno,Downhill,60
aine-oconno,Portrait of a Lady on Fire,80
aine-oconno,Color Out of Space,60
aine-oconno,Bad Boys for Life,60
aine-oconno,A Hidden Life,80
aine-oconno,Waves,80
aine-oconno,Bombshell,80
aine-oconno,Just Mercy,80
aine-oconno,Seberg,60
aine-oconno,Uncut Gems,80
aine-oconno,Beanpole,80
aine-oconno,6 Underground,80
aine-oconno,Jumanji: The Next Level,60
aine-oconno,Knives Out,80
aine-oconno,Harriet,80
aine-oconno,La Belle Époque,100
aine-oconno,Frozen II,80
aine-oconno,Luce,100
aine-oconno,Meeting Gorbachev,80
aine-oconno,Sorry We Missed You,100
aine-oconno,The Curious Works of Roger Doyle,80
aine-oconno,Black and Blue,40
aine-oconno,Terminator: Dark Fate,60
aine-oconno,The Last Black Man in San Francisco,80
aine-oconno,Tolkien,60
aine-oconno,Eighth Grade,100
aine-oconno,Greta,60
aine-oconno,Wonder Park,40
aine-oconno,Little,40
aine-oconno,Out of Innocence,80
aine-oconno,The Highwaymen,60
oisin-oconno,Miss Americana,80
oisin-oconno,100 Vaginas,100
ory-oconno,Giants Being Lonely,71
ory-oconno,"Family Romance, LLC",79
ory-oconno,Fourteen,79
ory-oconno,Driveways,71
ory-oconno,DAU. Natasha,86
ory-oconno,Days,63
ory-oconno,The Woman Who Ran,79
ory-oconno,Funny Face,63
ory-oconno,Undine,71
ory-oconno,Swimming Out Till the Sea Turns Blue,71
ory-oconno,Birds of Passage,86
ory-oconno,An Officer and a Spy,71
ory-oconno,Ema,71
ory-oconno,The King,71
ory-oconno,The Laundromat,79
ory-oconno,Joker,71
ory-oconno,Marriage Story,86
ory-oconno,Ad Astra,63
ory-oconno,Varda by Agnès,86
ory-oconno,I Do Not Care If We Go Down in History as Barbarians,86
ory-oconno,Light of My life,71
ory-oconno,Out Stealing Horses,60
ory-oconno,The Golden Glove,60
ory-oconno,Monos,80
ory-oconno,"I Was at Home, But...",80
ory-oconno,Mr. Jones,60
ory-oconno,The Souvenir,80
ory-oconno,Hellhole,80
ory-oconno,Once Upon a Time In Hollywood,79
ory-oconno,The Whistlers,56
ory-oconno,Frankie,56
ory-oconno,The Lighthouse,86
ory-oconno,Diamantino,71
ory-oconno,Sorry Angel,63
ory-oconno,Ash Is Purest White,93
ory-oconno,Vox Lux,86
ory-oconno,Sunset,86
ory-oconno,22 July,24
ory-oconno,"Monrovia, Indiana",79
ory-oconno,Peterloo,71
ory-oconno,At Eternity's Gate,79
ory-oconno,The Mountain,48
ory-oconno,The Ballad of Buster Scruggs,79
ory-oconno,Suspiria,79
ory-oconno,Roma,79
ory-oconno,Fahrenheit 451,40
ory-oconno,BlacKkKlansman,71
ory-oconno,John McEnroe: In the Realm of Perfection,93
ory-oconno,Unsane,79
ory-oconno,Grass,86
austin-oconno,The Mustang,80
austin-oconno,Apollo 11,100
austin-oconno,Dumplin',85
austin-oconno,About Last Night,60
austin-oconno,The Challenger Disaster,92
austin-oconno,The Counselor,33
austin-oconno,Clear History,80
austin-oconno,Springsteen And I,70
austin-oconno,Magic Trip,60
austin-oconno,The Music Never Stopped,80
austin-oconno,Toy Story 3,100
austin-oconno,The Karate Kid,75
austin-oconno,Extract,40
austin-oconno,Adventureland,60
austin-oconno,"I Love You, Man",90
austin-oconno,Watchmen,60
austin-oconno,Last Chance Harvey,60
austin-oconno,Bride Wars,20
austin-oconno,Bolt,70
austin-oconno,Twilight,30
austin-oconno,Slumdog Millionaire,100
austin-oconno,Quantum of Solace,40
austin-oconno,Kicking & Screaming,50
austin-oconno,Hitch,75
austin-oconno,Constantine,25
austin-oconno,Be Cool,50
austin-oconno,The Upside of Anger,75
austin-oconno,Guess Who,75
austin-oconno,Kung Fu Hustle,100
austin-oconno,xXx: State of the Union,38
austin-oconno,Kingdom of Heaven,88
austin-oconno,The Interpreter,75
austin-oconno,Fever Pitch,75
austin-oconno,Sin City,100
austin-oconno,White Noise,50
austin-oconno,The Aviator,88
austin-oconno,The Life Aquatic with Steve Zissou,63
austin-oconno,Meet the Fockers,50
austin-oconno,Finding Neverland,100
austin-oconno,Shark Tale,50
austin-oconno,Sky Captain and the World of Tomorrow,75
austin-oconno,Mr. 3000,63
austin-oconno,Cellular,50
austin-oconno,Without a Paddle,38
austin-oconno,Collateral,63
austin-oconno,Catwoman,0
austin-oconno,The Bourne Supremacy,88
austin-oconno,"I, Robot",75
austin-oconno,A Cinderella Story,38
austin-oconno,Anchorman - The Legend Of Ron Burgundy,63
anthony-oconno,Alone,0
anthony-oconno,Borat: Subsequent Moviefilm,0
anthony-oconno,Spree,0
anthony-oconno,Sputnik,0
anthony-oconno,Bloody Hell,0
anthony-oconno,Antebellum,0
anthony-oconno,Tenet,0
anthony-oconno,Morgana,0
anthony-oconno,Blood Vessel,0
anthony-oconno,The Vigil,0
anthony-oconno,Waves,0
anthony-oconno,The Wretched,0
anthony-oconno,Aiyai: Wrathful Soul,0
anthony-oconno,Come to Daddy,0
anthony-oconno,The Invisible Man,0
anthony-oconno,The Call of the Wild,0
anthony-oconno,Birds of Prey,0
anthony-oconno,The Lighthouse,0
anthony-oconno,Bad Boys for Life,0
anthony-oconno,1917,0
anthony-oconno,The Gentlemen,0
anthony-oconno,Star Wars: The Rise of Skywalker,0
anthony-oconno,Knives Out,0
anthony-oconno,Color Out of Space,0
anthony-oconno,Terminator: Dark Fate,0
anthony-oconno,Doctor Sleep,0
anthony-oconno,Little Monsters,0
anthony-oconno,Zombieland: Double Tap,0
anthony-oconno,The Furies,0
anthony-oconno,Gemini Man,0
anthony-oconno,Joker,0
anthony-oconno,Scary Stories to Tell in the Dark,0
anthony-oconno,Rambo: Last Blood,0
anthony-oconno,It Chapter Two,0
anthony-oconno,Nekrotronic,0
anthony-oconno,Freaks,0
anthony-oconno,Midsommar,0
anthony-oconno,Late Night,0
anthony-oconno,Fast & Furious Presents: Hobbs & Shaw,0
anthony-oconno,Once Upon a Time In Hollywood,0
anthony-oconno,The Lion King,0
anthony-oconno,Crawl,0
anthony-oconno,Spider-Man: Far From Home,0
anthony-oconno,Annabelle Comes Home,0
anthony-oconno,Child's Play,0
anthony-oconno,The Nightingale,0
anthony-oconno,Men in Black International,0
anthony-oconno,Under the Silver Lake,0
anthony-oconno,Dark Phoenix,0
anthony-oconno,Godzilla: King of the Monsters,0
onor-odonnell,Bad Boys for Life,56
onor-odonnell,Terminator: Dark Fate,56
onor-odonnell,Gemini Man,79
onor-odonnell,Spider-Man: Far From Home,56
onor-odonnell,Midsommar,86
onor-odonnell,Rocketman,56
onor-odonnell,Pet Sematary,63
onor-odonnell,Cold Pursuit,71
onor-odonnell,Mission: Impossible - Fallout,86
onor-odonnell,Sicario: Day of the Soldado,56
onor-odonnell,Solo: A Star Wars Story,56
onor-odonnell,A Quiet Place,79
onor-odonnell,Black Panther,79
onor-odonnell,Star Wars: The Last Jedi,79
onor-odonnell,Thor: Ragnarok,63
onor-odonnell,Kingsman: The Golden Circle,16
onor-odonnell,Atomic Blonde,71
onor-odonnell,Guardians of the Galaxy Vol. 2,48
onor-odonnell,The Fate of the Furious,56
onor-odonnell,The Great Wall,56
onor-odonnell,Allied,79
onor-odonnell,The Whole Truth,56
onor-odonnell,The Paper Store,71
onor-odonnell,Bridget Jones's Baby,56
onor-odonnell,The Legend of Tarzan,48
gerard-odonovan,Moon Landing Live,80
gerard-odonovan,The Midnight Gang,60
gerard-odonovan,Sir Cliff Richard: 60 Years in Public and in Private,80
gerard-odonovan,Gun No. 6,60
gerard-odonovan,Doing Money,0
gerard-odonovan,"Barneys, Books and Bust-Ups: 50 Years of the Booker Prize",60
gerard-odonovan,Married to a Paedophile,80
gerard-odonovan,Mother's Day,100
gerard-odonovan,Drinkers Like Me - Adrian Chiles,80
gerard-odonovan,Angela Carter: Of Wolves and Women,60
gerard-odonovan,Dunkirk: The Forgotten Heroes,80
gerard-odonovan,Before Grenfell: A Hidden History,80
gerard-odonovan,Panorama: Putin's Russia with David Dimbleby,80
gerard-odonovan,Germaine Bloody Greer,80
gerard-odonovan,Grenfell: The First 24 Hours,0
gerard-odonovan,Crooked House,57
gerard-odonovan,"Diana, 7 Days",80
gerard-odonovan,The Witness for the Prosecution,80
sean-ogrady,Prince William: A Planet for Us All,80
sean-ogrady,Sitting in Limbo,100
sean-ogrady,"Football, Prince William and Our Mental Health",80
sean-ogrady,Barrymore: The Body in the Pool,80
sean-ogrady,The Windermere Children,80
sean-ogrady,The Brexit Storm Continues: Laura Kuenssberg's Inside Story,80
sean-ogrady,Tiananmen: The People Versus the Party,80
sean-ogrady,Tories at War,100
sean-ogrady,How to Break into the Elite,80
sean-ogrady,How the Middle Classes Ruined Britain,60
sean-ogrady,The Murder of Jill Dando,100
sean-ogrady,Road to Brexit,100
sean-ogrady,The Satanic Verses: 30 Years On,60
sean-ogrady,Safe at Last: Inside a Women's Refuge,100
sean-ogrady,A Year of British Murder,100
sean-ogrady,Car Crash: Who's Lying?,80
sean-ogrady,The Bank That Almost Broke Britain,80
sean-ogrady,The Flu That Killed 50 Million,60
sean-ogrady,Queen of the World,40
sean-ogrady,Can You Rebuild My Brain?,0
sean-ogrady,Hotel for Refugees,0
sean-ogrady,The Secret Lives of 5 Year Olds,0
sean-ogrady,Passions: Barry Humphries on the Music Hitler Banned,0
sean-ogrady,Diana: In Her Own Words,0
sean-ogrady,David Brent: Life on the Road,80
helen-ohara-12122,Jingle Jangle: A Christmas Journey,60
helen-ohara-12122,The Secret Garden,60
helen-ohara-12122,The Trial of the Chicago 7,80
helen-ohara-12122,Hamilton,100
helen-ohara-12122,Artemis Fowl,40
helen-ohara-12122,The Lovebirds,60
helen-ohara-12122,Big Nothing,60
helen-ohara-12122,Calm with Horses,80
helen-ohara-12122,Birds of Prey,80
helen-ohara-12122,Star Wars: The Rise of Skywalker,60
helen-ohara-12122,Little Women,100
helen-ohara-12122,Brittany Runs a Marathon,60
helen-ohara-12122,Terminator: Dark Fate,80
helen-ohara-12122,Maleficent: Mistress of Evil,60
helen-ohara-12122,The Aeronauts,40
helen-ohara-12122,Hustlers,80
helen-ohara-12122,Honeyland,80
helen-ohara-12122,Downton Abbey,60
helen-ohara-12122,Dora and the Lost City of Gold,60
helen-ohara-12122,The Lion King,60
helen-ohara-12122,Brightburn,60
helen-ohara-12122,Yesterday,80
helen-ohara-12122,Avengers: Endgame,100
helen-ohara-12122,What Men Want,60
helen-ohara-12122,Captain Marvel,80
helen-ohara-12122,The Aftermath,60
helen-ohara-12122,On the Basis of Sex,60
helen-ohara-12122,All Is True,60
helen-ohara-12122,If Beale Street Could Talk,100
helen-ohara-12122,Colette,80
helen-ohara-12122,Free Solo,80
helen-ohara-12122,Incredibles 2,80
helen-ohara-12122,Mary and The Witch's Flower,60
helen-ohara-12122,Aquaman,60
helen-ohara-12122,Mortal Engines,60
helen-ohara-12122,Silent Light,40
helen-ohara-12122,Mary Queen of Scots,80
helen-ohara-12122,The Price of Everything,80
helen-ohara-12122,Outlaw King,80
helen-ohara-12122,The Nutcracker and the Four Realms,60
helen-ohara-12122,Climax,80
helen-ohara-12122,The Little Stranger,60
helen-ohara-12122,The Rider,80
helen-ohara-12122,BlacKkKlansman,80
helen-ohara-12122,Christopher Robin,40
helen-ohara-12122,Teen Titans Go! To the Movies,80
helen-ohara-12122,Mission: Impossible - Fallout,100
helen-ohara-12122,Freak Show,60
helen-ohara-12122,The Happy Prince,60
helen-ohara-12122,Deadpool 2,60
andrew-oheh,Star Wars: Episode II - Attack of the Clones,65
andrew-oheh,Parasite,99
andrew-oheh,Prevenge,91
andrew-oheh,I Am Not Your Negro,99
andrew-oheh,- Salon.co,0
andrew-oheh,White Girl,72
andrew-oheh,Antibirth,70
andrew-oheh,In Order of Disappearance,86
andrew-oheh,Kate Plays Christine,82
andrew-oheh,War Dogs,61
andrew-oheh,Sausage Party,82
andrew-oheh,Suicide Squad,26
andrew-oheh,Ghostbusters,74
andrew-oheh,Under The Sun,94
andrew-oheh,The Purge: Election Year,56
andrew-oheh,The Innocents,95
andrew-oheh,Blood Simple,94
andrew-oheh,The Neon Demon,58
andrew-oheh,Germans & Jews,100
andrew-oheh,The Wailing,99
andrew-oheh,The Idol,83
andrew-oheh,X-Men: Apocalypse,47
andrew-oheh,Weiner,97
andrew-oheh,Pervert Park,100
andrew-oheh,The Nice Guys,92
andrew-oheh,Money Monster,59
andrew-oheh,Elstree 1976,81
andrew-oheh,Captain America: Civil War,90
andrew-oheh,High-Rise,60
andrew-oheh,How to Let Go of the World and Love All the Things Climate Can't Change,75
andrew-oheh,Vita Activa: The Spirit of Hannah Arendt,94
andrew-oheh,Green Room,91
andrew-oheh,Applause,89
andrew-oheh,Batman v Superman: Dawn of Justice,28
andrew-oheh,Midnight Special,84
andrew-oheh,Eye In The Sky,95
andrew-oheh,Whiskey Tango Foxtrot,68
andrew-oheh,The Witch,90
andrew-oheh,"Hail, Caesar!",85
andrew-oheh,Lazer Team,60
andrew-oheh,Kurt Cobain: Montage Of Heck,97
andrew-oheh,Joy,60
andrew-oheh,The Revenant,78
andrew-oheh,Son of Saul,96
andrew-oheh,Star Wars: Episode VII - The Force Awakens,92
andrew-oheh,The Big Short,88
andrew-oheh,Chi-Raq,82
andrew-oheh,Carol,94
andrew-oheh,The Hunger Games: Mockingjay - Part 2,69
andrew-oheh,By The Sea,34
meghan-okeefe,The Swamp,64
meghan-okeefe,National Theatre Live: Fleabag,0
meghan-okeefe,King Lear,91
meghan-okeefe,The Shape of Water,92
meghan-okeefe,Perdida,20
meghan-okeefe,The Guernsey Literary and Potato Peel Pie Society,80
meghan-okeefe,Set It Up,92
meghan-okeefe,The Kissing Booth,17
meghan-okeefe,Troy: The Odyssey,0
meghan-okeefe,A Quiet Passion,91
meghan-okeefe,Jackie,87
meghan-okeefe,Little Evil,92
meghan-okeefe,Joan Didion: The Center Will Not Hold,89
meghan-okeefe,Bright Lights: Starring Carrie Fisher and Debbie Reynolds,100
sheila-omalley,The Life Ahead,75
sheila-omalley,Jungleland,75
sheila-omalley,The Craft: Legacy,50
sheila-omalley,The Opening Act,75
sheila-omalley,Rebecca,38
sheila-omalley,A Call to Spy,88
sheila-omalley,Possessor: Uncut,63
sheila-omalley,Misbehaviour,63
sheila-omalley,The Swerve,100
sheila-omalley,Infidel,58
sheila-omalley,I Am Woman,38
sheila-omalley,The Argument,38
sheila-omalley,Fatima,75
sheila-omalley,Matthias & Maxime,63
sheila-omalley,Chemical Hearts,75
sheila-omalley,Spree,38
sheila-omalley,I Used to Go Here,75
sheila-omalley,She Dies Tomorrow,88
sheila-omalley,"Yes, God, Yes",75
sheila-omalley,Flannery,50
sheila-omalley,Palm Springs,88
sheila-omalley,Relic,75
sheila-omalley,Suzi Q,88
sheila-omalley,All I Can Say,38
sheila-omalley,Babyteeth,88
sheila-omalley,Darkness Falls,25
sheila-omalley,Shirley,88
sheila-omalley,On the Record,75
sheila-omalley,AKA Jane Roe,75
sheila-omalley,The Vast of Night,100
sheila-omalley,Already Tomorrow In Hong Kong,38
sheila-omalley,The Flood,75
sheila-omalley,"Endings, Beginnings",38
sheila-omalley,Tigertail,88
sheila-omalley,Almost Love,38
sheila-omalley,Banana Split,75
sheila-omalley,Stargirl,50
sheila-omalley,The Way Back,75
sheila-omalley,Saint Frances,88
sheila-omalley,Emma.,88
sheila-omalley,Buffaloed,75
sheila-omalley,"I Was at Home, But...",75
sheila-omalley,The Assistant,100
sheila-omalley,Bombshell,60
sheila-omalley,Les Misérables,75
sheila-omalley,Cats,63
sheila-omalley,Uncut Gems,100
sheila-omalley,The Disappearance of My Mother,75
sheila-omalley,Queen & Slim,88
sheila-omalley,Recorder: The Marion Stokes Project,88
shana-oneil,Mulan,80
shana-oneil,Star Wars: The Rise of Skywalker,80
shana-oneil,Frozen II,100
shana-oneil,Maleficent: Mistress of Evil,80
shana-oneil,The Lion King,80
shana-oneil,Spider-Man: Far From Home,80
shana-oneil,Toy Story 4,100
shana-oneil,Aladdin,80
shana-oneil,Captain Marvel,79
shana-oneil,Sierra Burgess Is a Loser,100
aoife-oneil,The Dakota Entrapment Tapes,0
aoife-oneil,Poster Boys,0
aoife-oneil,Calm with Horses,94
aoife-oneil,Crash and Burn,100
phelim-oneill,My Name Is Khan,60
phelim-oneill,Tower Block,40
phelim-oneill,Now Is Good,40
phelim-oneill,The Snows of Kilimanjaro,80
phelim-oneill,Queen - Hungarian Rhapsody: Live In Budapest '86,80
phelim-oneill,Twenty8k,60
phelim-oneill,St George's Day,40
phelim-oneill,Dredd,80
phelim-oneill,A Few Best Men,40
phelim-oneill,Cockneys vs Zombies,40
phelim-oneill,Samsara,80
phelim-oneill,Little Nicholas,80
phelim-oneill,The Three Stooges,60
phelim-oneill,Keith Lemon: The Film,20
phelim-oneill,Your Sister's Sister,60
phelim-oneill,Red Tails,60
phelim-oneill,Casa de mi padre,60
phelim-oneill,The Assault,60
phelim-oneill,The Divide,40
phelim-oneill,The Gospel Of Us,60
phelim-oneill,The Thing,40
phelim-oneill,Tucker and Dale vs. Evil,80
phelim-oneill,The Dead,60
phelim-oneill,The Bodyguard,60
phelim-oneill,World of the Dead: The Zombie Diaries 2,40
phelim-oneill,Akira,100
phelim-oneill,Diary of a Wimpy Kid 2: Rodrick Rules,60
phelim-oneill,Third Star,60
phelim-oneill,Yu-Gi-Oh! 3D: Bonds Beyond Time,40
phelim-oneill,Risen,40
phelim-oneill,The Way,60
phelim-oneill,The Loved Ones,98
phelim-oneill,Forget Me Not,60
phelim-oneill,Flying Monsters 3D with David Attenborough,60
phelim-oneill,The Veteran,40
phelim-oneill,Shadow,60
phelim-oneill,I Saw the Devil,80
phelim-oneill,Dum Maaro Dum,60
phelim-oneill,Scream 4,60
phelim-oneill,Anuvahood,20
phelim-oneill,The Ward,60
phelim-oneill,For Colored Girls,40
phelim-oneill,Khelein Hum Jee Jaan Sey,80
phelim-oneill,Freight,20
phelim-oneill,Takers,40
phelim-oneill,Resident Evil: Afterlife,40
phelim-oneill,Splintered,20
phelim-oneill,Jonah Hex,40
phelim-oneill,The Last Exorcism,80
phelim-oneill,Marmaduke,20
sean-orourke-20470,1917,89
sean-orourke-20470,The Lighthouse,90
sean-orourke-20470,Portrait of a Lady on Fire,98
sean-orourke-20470,The Nightingale,86
sean-orourke-20470,The Limit Of,0
sean-orourke-20470,The Silver Branch,0
sean-orourke-20470,Condemned to Remember,100
sean-orourke-20470,The Man Who Invented Christmas,79
keri-oshea,The Stylist,100
keri-oshea,My Heart Can't Beat Unless You Tell It To,100
keri-oshea,Honeydew,60
keri-oshea,Hall,75
keri-oshea,Bloodthirsty,60
keri-oshea,The Curse of Audrey Earnshaw,76
keri-oshea,The Swerve,100
keri-oshea,The Columnist,87
keri-oshea,The Block Island Sound,96
keri-oshea,Fried Barry,81
keri-oshea,Perfect,40
keri-oshea,Koko-di Koko-da,82
keri-oshea,The Woman in Black,0
keri-oshea,Peripheral,89
keri-oshea,1BR,86
keri-oshea,Possum,90
keri-oshea,The Dead Center,94
keri-oshea,Automata,0
keri-oshea,Lords of Chaos,72
keri-oshea,Midsommar,83
keri-oshea,Groupers,63
keri-oshea,Why Don't You Just Die!,80
keri-oshea,Martyrs,63
keri-oshea,Cry for the Bad Man,0
keri-oshea,Two Ways to Go West,0
keri-oshea,Knife + Heart,81
keri-oshea,Hei tai yang 731,0
keri-oshea,Amulet,63
keri-oshea,A Dobugawa Dream,0
keri-oshea,Imperial Blue,0
keri-oshea,Rabid,60
keri-oshea,3 from Hell,56
keri-oshea,Extra Ordinary,98
keri-oshea,Daniel Isn't Real,82
keri-oshea,Color Out of Space,86
keri-oshea,Antrum: The Deadliest Film Ever Made,79
keri-oshea,Zombie for Sale,89
keri-oshea,The Invisible Man,91
keri-oshea,Verotika,24
keri-oshea,Parallax,60
keri-oshea,Outback,50
keri-oshea,The Golden Glove,60
keri-oshea,The Nightingale,80
keri-oshea,Sea Fever,86
keri-oshea,The Cleansing Hour,60
keri-oshea,Union Bridge,60
keri-oshea,Mansfield 66/67,75
keri-oshea,The Mortuary Collection,95
keri-oshea,The Lighthouse,40
keri-oshea,Saint Maud,100
harlotte-osullivan,A Christmas Gift from Bob,60
harlotte-osullivan,Luxor,80
harlotte-osullivan,Ammonite,100
harlotte-osullivan,Nomadland,100
harlotte-osullivan,Borat: Subsequent Moviefilm,100
harlotte-osullivan,The Secret Garden,40
harlotte-osullivan,Mogul Mowgli,80
harlotte-osullivan,Kajillionaire,80
harlotte-osullivan,Shirley,80
harlotte-osullivan,Supernova,80
harlotte-osullivan,One Night in Miami,100
harlotte-osullivan,Soul,100
harlotte-osullivan,The Trial of the Chicago 7,80
harlotte-osullivan,On The Rocks,80
harlotte-osullivan,David Attenborough: A Life on Our Planet,100
harlotte-osullivan,The Broken Hearts Gallery,80
harlotte-osullivan,I'm Thinking of Ending Things,80
harlotte-osullivan,The New Mutants,80
harlotte-osullivan,Mulan,80
harlotte-osullivan,Coup 53,80
harlotte-osullivan,Hope Gap,40
harlotte-osullivan,Tenet,80
harlotte-osullivan,Flash Gordon,80
harlotte-osullivan,An American Pickle,80
harlotte-osullivan,"Endings, Beginnings",60
harlotte-osullivan,Unhinged,80
harlotte-osullivan,The Fight,100
harlotte-osullivan,Summerland,80
harlotte-osullivan,How to Build a Girl,80
harlotte-osullivan,Saint Frances,100
harlotte-osullivan,Clemency,80
harlotte-osullivan,Come As You Are,60
harlotte-osullivan,The Old Guard,80
harlotte-osullivan,Scoob!,60
harlotte-osullivan,Back Roads,40
harlotte-osullivan,Hamilton,100
harlotte-osullivan,Eurovision Song Contest: The Story of Fire Saga,80
harlotte-osullivan,Irresistible,80
harlotte-osullivan,The Booksellers,80
harlotte-osullivan,Radioactive,80
harlotte-osullivan,Wasp Network,80
harlotte-osullivan,Da 5 Bloods,100
harlotte-osullivan,Echo In the Canyon,80
harlotte-osullivan,Women Make Film: A New Road Movie Through Cinema,80
harlotte-osullivan,Never Rarely Sometimes Always,100
harlotte-osullivan,Beastie Boys Story,80
harlotte-osullivan,The Willoughbys,80
harlotte-osullivan,Extraction,80
harlotte-osullivan,Circus of Books,80
harlotte-osullivan,Selah and the Spades,80
michael-osullivan,Freaky,50
michael-osullivan,Hillbilly Elegy,38
michael-osullivan,Koch,90
michael-osullivan,Let Him Go,75
michael-osullivan,Come Play,63
michael-osullivan,Meet Joe Black,45
michael-osullivan,Borat: Subsequent Moviefilm,75
michael-osullivan,2 Hearts,38
michael-osullivan,Honest Thief,63
michael-osullivan,The War with Grandpa,38
michael-osullivan,The Boys in the Band,75
michael-osullivan,Kingdom of Silence,75
michael-osullivan,The Broken Hearts Gallery,38
michael-osullivan,Cut Throat City,63
michael-osullivan,Words on Bathroom Walls,63
michael-osullivan,Project Power,50
michael-osullivan,Boys State,88
michael-osullivan,The Painted Bird,75
michael-osullivan,Eurovision Song Contest: The Story of Fire Saga,50
michael-osullivan,Babyteeth,75
michael-osullivan,7500,75
michael-osullivan,Have a Good Trip: Adventures in Psychedelics,63
michael-osullivan,Mercury Rising,21
michael-osullivan,The Roads Not Taken,75
michael-osullivan,Bloodshot,38
michael-osullivan,The Invisible Man,38
michael-osullivan,Emma.,75
michael-osullivan,The Lodge,63
michael-osullivan,Downhill,63
michael-osullivan,The Woman Who Loves Giraffes,63
michael-osullivan,The Assistant,75
michael-osullivan,The Rhythm Section,38
michael-osullivan,Created Equal: Clarence Thomas in His Own Words,50
michael-osullivan,The Gentlemen,63
michael-osullivan,Citizen K,75
michael-osullivan,The Last Full Measure,50
michael-osullivan,Bad Boys for Life,63
michael-osullivan,Like a Boss,38
michael-osullivan,Clemency,75
michael-osullivan,Invisible Life,75
michael-osullivan,Uncut Gems,88
michael-osullivan,Star Wars: The Rise of Skywalker,50
michael-osullivan,Richard Jewell,63
michael-osullivan,63 Up,100
michael-osullivan,Little Joe,75
michael-osullivan,Dark Waters,63
michael-osullivan,Shooting the Mafia,50
michael-osullivan,21 Bridges,63
michael-osullivan,The Report,50
michael-osullivan,Scandalous: The Untold Story of the National Enquirer,63
matt-oakes,Fatman,48
matt-oakes,Come Play,48
matt-oakes,Borat: Subsequent Moviefilm,71
matt-oakes,Synchronic,71
matt-oakes,The Trial of the Chicago 7,63
matt-oakes,Lapsis,79
matt-oakes,Rose Plays Julie,63
matt-oakes,Dinner in America,86
matt-oakes,Lucky,40
matt-oakes,Bloody Hell,79
matt-oakes,Malasaña 32,71
matt-oakes,Detention,48
matt-oakes,Hunted,24
matt-oakes,Kajillionaire,86
matt-oakes,Antebellum,63
matt-oakes,The Nest,71
matt-oakes,The New Mutants,40
matt-oakes,Tenet,40
matt-oakes,Vivarium,40
matt-oakes,The Hunt,63
matt-oakes,Never Rarely Sometimes Always,56
matt-oakes,The Way Back,56
matt-oakes,Swallow,71
matt-oakes,Emma.,56
matt-oakes,The Invisible Man,79
matt-oakes,Blood on Her Name,63
matt-oakes,Onward,71
matt-oakes,Birds of Prey,63
matt-oakes,The Lodge,79
matt-oakes,The Nowhere Inn,48
matt-oakes,Relic,79
matt-oakes,Possessor: Uncut,86
matt-oakes,Downhill,71
matt-oakes,Amulet,63
matt-oakes,Wendy,48
matt-oakes,The Courier,79
matt-oakes,The Night House,86
matt-oakes,Scare Me,71
matt-oakes,Come Away,56
matt-oakes,Summertime,40
matt-oakes,Color Out of Space,63
matt-oakes,Underwater,24
matt-oakes,Star Wars: The Rise of Skywalker,63
matt-oakes,Just Mercy,48
matt-oakes,Bombshell,71
matt-oakes,1917,86
matt-oakes,Richard Jewell,48
matt-oakes,Portrait of a Lady on Fire,71
matt-oakes,The Aeronauts,56
matt-oakes,Uncut Gems,86
ambay-obenson,Citation,71
ambay-obenson,Yusuf Hawkins: Storm Over Brooklyn,71
ambay-obenson,Ballplayer: Pelotero,86
ambay-obenson,Five Fingers for Marseilles,76
ambay-obenson,Free in Deed,100
ambay-obenson,Up in the Air,91
ambay-obenson,Of Good Report,83
ambay-obenson,Black Butterflies,69
ambay-obenson,Django Unchained,87
ambay-obenson,Wolf,0
ambay-obenson,21 Jump Street,84
ambay-obenson,Safe House,53
ambay-obenson,The Raid: Redemption,86
ambay-obenson,Dreams of a Life,77
ambay-obenson,"Hissein Habré, a Chadian Tragedy",86
brooke-obie,Just Mercy,84
brooke-obie,Queen & Slim,82
brooke-obie,Harriet,74
brooke-obie,Ma,55
brooke-obie,Homecoming: A Film by Beyoncé,98
brooke-obie,The Best of Enemies,53
brooke-obie,Amanda Seales: I Be Knowin',0
brooke-obie,Creed II,83
brooke-obie,Green Book,77
lement-tyler-obropta,Lapsis,93
lement-tyler-obropta,Rose Plays Julie,90
lement-tyler-obropta,Jumbo,78
lement-tyler-obropta,Detention,87
lement-tyler-obropta,First Blush,0
lement-tyler-obropta,The Witness for the Prosecution,100
lement-tyler-obropta,The Grand Bizarre,100
lement-tyler-obropta,I Still Believe,51
lement-tyler-obropta,The Trouble with Harry,90
lement-tyler-obropta,The Keeping Hours,80
lement-tyler-obropta,Swing Kids,63
david-ocadiz,The Invisible Man,91
david-ocadiz,Birds of Prey,78
david-ocadiz,Gretel & Hansel,66
david-ocadiz,1917,89
david-ocadiz,Underwater,48
david-ocadiz,Spies in Disguise,76
david-ocadiz,Star Wars: The Rise of Skywalker,51
david-ocadiz,Terminator: Dark Fate,70
david-ocadiz,Day of the Dead,0
david-ocadiz,Maleficent: Mistress of Evil,39
david-ocadiz,Tod@s Caen,57
david-ocadiz,Ad Astra,83
david-ocadiz,Ready or Not,88
david-ocadiz,Good Boys,80
david-ocadiz,Joker,68
david-ocadiz,Scary Stories to Tell in the Dark,78
david-ocadiz,Booksmart,96
david-ocadiz,The Golem,86
david-ocadiz,The Lion King,52
david-ocadiz,The Hustle,13
david-ocadiz,Annabelle Comes Home,64
david-ocadiz,Toy Story 4,97
david-ocadiz,Loco Fin de Semana,0
david-ocadiz,The Mongolian Conspiracy,45
david-ocadiz,Brightburn,58
david-ocadiz,Dumbo,46
david-ocadiz,The Dirt,38
david-ocadiz,Captain Marvel,79
david-ocadiz,Galveston,73
david-ocadiz,Como novio de pueblo,0
david-ocadiz,Utøya: July 22,83
david-ocadiz,Happy Death Day 2U,71
david-ocadiz,The Prodigy,41
david-ocadiz,Jurassic World,70
david-ocadiz,Insidious: Chapter 3,57
david-ocadiz,The Gallows,14
david-ocadiz,Pitch Perfect 2,65
david-ocadiz,Mission: Impossible Rogue Nation,93
david-ocadiz,Unfriended,62
david-ocadiz,Vacation,27
david-ocadiz,Shaun the Sheep Movie,99
david-ocadiz,The Man From U.N.C.L.E.,67
david-ocadiz,Maze Runner: The Scorch Trials,46
david-ocadiz,No Escape,47
david-ocadiz,Magic Mike XXL,65
david-ocadiz,The Martian,91
david-ocadiz,Chappie,33
david-ocadiz,Inherent Vice,74
david-ocadiz,"Love, Rosie",32
david-ocadiz,The Age of Adaline,54
javier-ocana,Jumper,20
javier-ocana,"4 Months, 3 Weeks and 2 Days",100
javier-ocana,Love in the Time of Cholera,60
javier-ocana,Antebellum,28
javier-ocana,The Secret Garden,66
javier-ocana,Little Monsters,80
javier-ocana,The Windermere Children,100
javier-ocana,Irresistible,40
javier-ocana,A Beautiful Day in the Neighborhood,95
javier-ocana,Rosa's Wedding,0
javier-ocana,The New Mutants,32
javier-ocana,Abou Leila,89
javier-ocana,Tenet,71
javier-ocana,Amanda,96
javier-ocana,Britt-Marie Was Here,70
javier-ocana,Dragged Across Concrete,76
javier-ocana,The Wolf House,95
javier-ocana,The Willoughbys,90
javier-ocana,Anon,37
javier-ocana,Wildlife,93
javier-ocana,The Trial,100
javier-ocana,Victory Day,75
javier-ocana,Extraction,66
javier-ocana,Vivarium,72
javier-ocana,Escape from Pretoria,71
javier-ocana,Blow the Man Down,98
javier-ocana,Lady and the Tramp,66
javier-ocana,Emma Peeters,50
javier-ocana,The Parts You Lose,67
javier-ocana,The Occupant,61
javier-ocana,The Swallows of Kabul,88
javier-ocana,El Plan,0
javier-ocana,21 Bridges,53
javier-ocana,Domino,33
javier-ocana,Double Plus Fifteen,0
javier-ocana,Just Mercy,84
javier-ocana,The Invisible Man,91
javier-ocana,The Rhythm Section,28
javier-ocana,The Chambermaid,99
javier-ocana,Jordi's Letters,86
javier-ocana,First Love,97
javier-ocana,Spenser Confidential,37
javier-ocana,Avatar,82
javier-ocana,Sonic the Hedgehog,63
javier-ocana,Uncut Gems,92
javier-ocana,Jojo Rabbit,80
javier-ocana,Malasaña 32,45
javier-ocana,Dolittle,14
javier-ocana,Children of the Sea,61
javier-ocana,"I Love You, Stupid",63
frank-ochieng,Stray Dolls,60
frank-ochieng,Butt Boy,40
frank-ochieng,System Crasher,80
frank-ochieng,Never Rarely Sometimes Always,90
frank-ochieng,Big Time Adolescence,50
frank-ochieng,Clemency,80
frank-ochieng,The Captain,70
frank-ochieng,Stray,80
frank-ochieng,I Still Believe,40
frank-ochieng,Banana Split,70
frank-ochieng,Onward,70
frank-ochieng,Loqueesha,20
frank-ochieng,Spenser Confidential,20
frank-ochieng,Bloodshot,40
frank-ochieng,The Hunt,50
frank-ochieng,The Way Back,80
frank-ochieng,Burden,50
frank-ochieng,Swallow,80
frank-ochieng,Cane River,80
frank-ochieng,The Jesus Rolls,50
frank-ochieng,Impractical Jokers: The Movie,40
frank-ochieng,Brahms: The Boy II,30
frank-ochieng,Seberg,50
frank-ochieng,Buffaloed,70
frank-ochieng,Fantasy Island,30
frank-ochieng,Downhill,40
frank-ochieng,Come to Daddy,70
frank-ochieng,The Assistant,75
frank-ochieng,The Rhythm Section,50
frank-ochieng,Gretel & Hansel,40
frank-ochieng,John Henry,30
frank-ochieng,Dolittle,30
frank-ochieng,Tyler Perry's A Fall from Grace,30
frank-ochieng,Like a Boss,40
frank-ochieng,Waves,80
frank-ochieng,Midnight Family,80
frank-ochieng,Playmobil: The Movie,30
frank-ochieng,Jojo Rabbit,70
frank-ochieng,Queen & Slim,80
frank-ochieng,The Body Remembers When the World Broke Open,80
frank-ochieng,Hala,80
frank-ochieng,Working Woman,80
frank-ochieng,Wake.,80
frank-ochieng,American Woman,40
frank-ochieng,21 Bridges,50
frank-ochieng,To Kid or Not to Kid,80
frank-ochieng,Scandalous: The Untold Story of the National Enquirer,70
frank-ochieng,Charlie's Angels,52
frank-ochieng,The Good Liar,80
frank-ochieng,Black and Blue,50
avi-offe,Freaky,0
avi-offe,Ammonite,0
avi-offe,Jungleland,0
avi-offe,Kindred,0
avi-offe,Let Him Go,0
avi-offe,Synchronic,0
avi-offe,Radium Girls,0
avi-offe,On The Rocks,0
avi-offe,Martin Eden,0
avi-offe,Love and Monsters,0
avi-offe,Shithouse,0
avi-offe,The Kid Detective,0
avi-offe,Honest Thief,0
avi-offe,2 Hearts,0
avi-offe,"Harry Chapin: When in Doubt, Do Something",90
avi-offe,The War with Grandpa,0
avi-offe,Yellow Rose,0
avi-offe,Bill & Ted Face the Music,0
avi-offe,The Tobacconist,0
avi-offe,The Burnt Orange Heresy,0
avi-offe,The Banker,0
avi-offe,Bacurau,0
avi-offe,The Booksellers,60
avi-offe,Sorry We Missed You,0
avi-offe,Onward,0
avi-offe,The Whistlers,0
avi-offe,Saint Frances,0
avi-offe,The Jesus Rolls,80
avi-offe,The Invisible Man,0
avi-offe,Greed,45
avi-offe,Disappearance at Clifton Hill,0
avi-offe,Premature,90
avi-offe,Emma.,0
avi-offe,The Night Clerk,40
avi-offe,Balloon,90
avi-offe,The Call of the Wild,80
avi-offe,Fantasy Island,20
avi-offe,The Misogynists,80
avi-offe,Olympic Dreams,0
avi-offe,Sonic the Hedgehog,0
avi-offe,You Go to My Head,0
avi-offe,Impossible Monsters,50
avi-offe,Enter the Fat Dragon,30
avi-offe,The Times of Bill Cunningham,0
avi-offe,Come As You Are,0
avi-offe,The Lodge,90
avi-offe,Cane River,0
avi-offe,Birds of Prey,70
avi-offe,The Traitor,0
avi-offe,The Rhythm Section,0
nola-ojomu,Noughts + Crosses: Season 1,73
nola-ojomu,Space Force: Season 1,38
wilfred-okiche,The Girl with a Bracelet,88
wilfred-okiche,Ham on Rye,93
abby-olcese,Freaky,85
abby-olcese,The Nest,93
abby-olcese,Kindred,63
abby-olcese,The Craft: Legacy,79
abby-olcese,On The Rocks,63
abby-olcese,The Mole Agent,95
abby-olcese,David Byrne's American Utopia,79
abby-olcese,The Trial of the Chicago 7,71
abby-olcese,Possessor: Uncut,93
abby-olcese,Dick Johnson Is Dead,100
abby-olcese,Kajillionaire,89
abby-olcese,Enola Holmes,79
abby-olcese,The Disrupted,100
abby-olcese,The Devil All the Time,64
abby-olcese,Antebellum,28
abby-olcese,Unpregnant,71
abby-olcese,Mulan,74
abby-olcese,A Mermaid in Paris,100
abby-olcese,Get Duked!,87
abby-olcese,Class Action Park,96
abby-olcese,The 24th,78
abby-olcese,The Mortuary Collection,95
abby-olcese,Boys State,94
abby-olcese,An American Pickle,73
abby-olcese,Random Acts of Violence,58
abby-olcese,"Yes, God, Yes",94
abby-olcese,Greyhound,79
abby-olcese,The Old Guard,81
abby-olcese,Hamilton,98
abby-olcese,Welcome to Chechnya,100
abby-olcese,Wasp Network,39
abby-olcese,The King of Staten Island,74
abby-olcese,Da 5 Bloods,92
abby-olcese,We Are Freestyle Love Supreme,90
abby-olcese,The Vast of Night,92
abby-olcese,The Lovebirds,65
abby-olcese,Monstrum,94
abby-olcese,Clementine,65
abby-olcese,How to Build a Girl,79
abby-olcese,The Half of It,97
abby-olcese,Blood Quantum,90
abby-olcese,Bad Education,94
abby-olcese,Crestone,0
abby-olcese,"Bloody Nose, Empty Pockets",91
abby-olcese,Collective,100
abby-olcese,Selah and the Spades,88
abby-olcese,Tigertail,81
abby-olcese,Bacurau,91
abby-olcese,Invisible Life,93
abby-olcese,Slay the Dragon,71
johnny-oleksinsk,Mank,100
johnny-oleksinsk,Hillbilly Elegy,50
johnny-oleksinsk,Fatman,25
johnny-oleksinsk,The Dark and the Wicked,50
johnny-oleksinsk,Let Him Go,75
johnny-oleksinsk,The Life Ahead,88
johnny-oleksinsk,Bad Hair,75
johnny-oleksinsk,The True Adventures of Wolfboy,88
johnny-oleksinsk,His House,75
johnny-oleksinsk,Come Play,50
johnny-oleksinsk,Rebecca,50
johnny-oleksinsk,Over the Moon,75
johnny-oleksinsk,The Witches,25
johnny-oleksinsk,Borat: Subsequent Moviefilm,75
johnny-oleksinsk,The Trial of the Chicago 7,100
johnny-oleksinsk,The Kid Detective,50
johnny-oleksinsk,The War with Grandpa,50
johnny-oleksinsk,Hubie Halloween,75
johnny-oleksinsk,2067,38
johnny-oleksinsk,The Last Shift,75
johnny-oleksinsk,The Artist's Wife,50
johnny-oleksinsk,On The Rocks,100
johnny-oleksinsk,Secret Society of Second-Born Royals,25
johnny-oleksinsk,Antebellum,75
johnny-oleksinsk,The Devil All the Time,63
johnny-oleksinsk,The Broken Hearts Gallery,50
johnny-oleksinsk,Mulan,75
johnny-oleksinsk,I'm Thinking of Ending Things,88
johnny-oleksinsk,Tenet,50
johnny-oleksinsk,The New Mutants,50
johnny-oleksinsk,Bill & Ted Face the Music,25
johnny-oleksinsk,The Personal History of David Copperfield,88
johnny-oleksinsk,The One and Only Ivan,50
johnny-oleksinsk,Unhinged,75
johnny-oleksinsk,Project Power,75
johnny-oleksinsk,The Secret Garden,50
johnny-oleksinsk,The Secret: Dare to Dream,25
johnny-oleksinsk,Tijuana Jackson: Purpose Over Prison,50
johnny-oleksinsk,The Kissing Booth 2,25
johnny-oleksinsk,The Rental,75
johnny-oleksinsk,Easy Does It,25
johnny-oleksinsk,The Painted Bird,88
johnny-oleksinsk,The Old Guard,75
johnny-oleksinsk,Palm Springs,88
johnny-oleksinsk,The Outpost,75
johnny-oleksinsk,Desperados,38
johnny-oleksinsk,Hamilton,75
johnny-oleksinsk,Eurovision Song Contest: The Story of Fire Saga,75
johnny-oleksinsk,Irresistible,38
johnny-oleksinsk,You Should Have Left,38
luiz-oliveira,Parasite,99
luiz-oliveira,Once Upon a Time In Hollywood,85
luiz-oliveira,The Lighthouse,90
luiz-oliveira,Sorry We Missed You,87
luiz-oliveira,Bacurau,91
luiz-oliveira,The Dead Don't Die,55
david-olive,Cats,20
yan-olive,Annabelle Comes Home,56
yan-olive,Men in Black International,24
yan-olive,Pokémon Detective Pikachu,63
yan-olive,Pet Sematary,63
yan-olive,The Art of Self-Defense,63
yan-olive,The Highwaymen,40
yan-olive,The Day Shall Come,71
yan-olive,Stuber,48
yan-olive,The Curse of La Llorona,48
yan-olive,The Peanut Butter Falcon,79
yan-olive,Everybody's Everything,79
yan-olive,Good Boys,63
yan-olive,The Beach Bum,71
yan-olive,Us,71
yan-olive,Mary Poppins Returns,48
yan-olive,The First Purge,24
yan-olive,Puppet Master: The Littlest Reich,71
yan-olive,Shirkers,86
yan-olive,My Name is Myeisha,71
yan-olive,The Nun,24
yan-olive,Mile 22,16
yan-olive,The Legacy of a Whitetail Deer Hunter,48
yan-olive,Death Wish,48
yan-olive,Detroit,63
jacob-olle,Hillbilly Elegy,35
jacob-olle,Feels Good Man,0
jacob-olle,Bully. Coward. Victim. The Story of Roy Cohn,48
jacob-olle,Knife + Heart,81
jacob-olle,Rocko's Modern Life: Static Cling,0
jacob-olle,Bilal: A New Breed of Hero,59
jacob-olle,Cedric The Entertainer: Live From The Ville,0
jacob-olle,Ali Wong: Baby Cobra,100
jacob-olle,Deadwood: The Movie,0
jacob-olle,Green Room,91
jacob-olle,Weiner,97
jacob-olle,Detroit,82
jacob-olle,The Discovery,45
jacob-olle,Alien: Covenant,65
jacob-olle,Handsome: A Netflix Mystery Movie,0
jacob-olle,Small Crimes,59
jacob-olle,Get Me Roger Stone,88
jacob-olle,Mike Birbiglia: Thank God for Jokes,100
jacob-olle,War Machine,48
jacob-olle,The Glass Castle,52
jacob-olle,Beach Rats,86
jacob-olle,Rock Dog,47
jacob-olle,You're Killing Me Susana,72
jacob-olle,Ouija: Origin of Evil,82
jacob-olle,Morgan,38
jacob-olle,The Light Between Oceans,61
jacob-olle,The Wild Life,17
jacob-olle,"Michael Bolton's Big, Sexy Valentine's Day Special",100
jacob-olle,The Founder,80
jacob-olle,Silence,83
jacob-olle,David Cross: Making America Great Again,71
jacob-olle,Iliza Shlesinger: Confirmed Kills,0
jacob-olle,Mascots,49
jacob-olle,Afterimage,85
jacob-olle,A Quiet Passion,91
jacob-olle,Jackie,87
jacob-olle,Manchester by the Sea,96
jacob-olle,Sausage Party,82
jacob-olle,Swiss Army Man,71
jacob-olle,Mike and Dave Need Wedding Dates,38
jacob-olle,Bo Burnham: Make Happy,100
jacob-olle,Christian Mingle The Movie,0
jacob-olle,Into The Forest,76
jacob-olle,The Family Fang,83
jacob-olle,Hannibal Takes Edinburgh,0
jacob-olle,Hush,93
jacob-olle,Love & Mercy,89
jacob-olle,Force Of Destiny,0
jacob-olle,My Big Fat Greek Wedding 2,27
jacob-olle,Whiskey Tango Foxtrot,68
mark-olsen,A Rainy Day in New York,43
mark-olsen,The Rental,75
mark-olsen,"Bloody Nose, Empty Pockets",91
mark-olsen,The Outpost,92
mark-olsen,Yourself and Yours,94
mark-olsen,Tommaso,78
mark-olsen,Judy & Punch,77
mark-olsen,The Wrong Missy,33
mark-olsen,Valley Girl,55
mark-olsen,Arkansas,47
mark-olsen,The Infiltrators,87
mark-olsen,Extraction,66
mark-olsen,"Endings, Beginnings",44
mark-olsen,The Quarry,41
mark-olsen,War of the Arrows,100
mark-olsen,6 Underground,36
mark-olsen,Always Be My Maybe,89
mark-olsen,The Man Who Killed Don Quixote,64
mark-olsen,Second Act,44
mark-olsen,The House That Jack Built,59
mark-olsen,The First Purge,56
mark-olsen,Okja,86
mark-olsen,Solaris,95
mark-olsen,Stalker,100
mark-olsen,Free Fire,69
mark-olsen,Dog Lover's Symphony,0
mark-olsen,Live By Night,35
mark-olsen,Sausage Party,82
mark-olsen,Bad Moms,58
mark-olsen,The Family Fang,83
mark-olsen,Barbershop: The Next Cut,90
mark-olsen,The Boss,21
mark-olsen,Everybody Wants Some!!,87
mark-olsen,10 Cloverfield Lane,90
mark-olsen,Daddy's Home,31
mark-olsen,Sisters,60
mark-olsen,#Horror,46
mark-olsen,Legend,61
mark-olsen,The Peanuts Movie,87
mark-olsen,Truth,63
mark-olsen,The Assassin,81
mark-olsen,The Intern,60
mark-olsen,Sicario,92
mark-olsen,A Walk In The Woods,47
mark-olsen,We Are Your Friends,38
mark-olsen,American Ultra,43
mark-olsen,The Man From U.N.C.L.E.,67
mark-olsen,Pixels,17
mark-olsen,Irrational Man,47
mark-olsen,Terminator Genisys,27
katrina-olson,Helmut Newton: The Bad and the Beautiful,80
katrina-olson,Shoot to Marry,85
katrina-olson,Queen of Paradis,70
katrina-olson,Go Back to China,75
katrina-olson,Queen & Slim,0
katrina-olson,Lifeline: Clyfford Still,65
katrina-olson,Serendipity,80
katrina-olson,Liam Gallagher: As It Was,70
katrina-olson,The Peanut Butter Falcon,75
katrina-olson,Holy Lands,55
katrina-olson,Amaurosis,65
katrina-olson,I'm Going to Break Your Heart,60
katrina-olson,Halston,75
katrina-olson,"Extremely Wicked, Shockingly Evil and Vile",65
katrina-olson,At Eternity's Gate,70
katrina-olson,Violent,60
katrina-olson,By The Sea,65
katrina-olson,Lolo,80
katrina-olson,Being 17,90
katrina-olson,David Lynch: The Art Life,55
katrina-olson,Madame,65
katrina-olson,Studio 54,85
katrina-olson,Bel Canto,60
katrina-olson,Always at the Carlyle,65
katrina-olson,The Price of Everything,70
katrina-olson,McQueen,50
katrina-olson,Little Italy,85
samantha-olthof,The Expanse: Season 4,100
samantha-olthof,Black Mirror:  Season 1 - 15 Million Merits,100
shadia-ome,All American: Season 2,90
shadia-ome,Arrow:  Season 5 - Lian Yu,90
nikki-onafuye,Lovecraft Country: Season 1,90
nikki-onafuye,Insecure: Season 4,95
alexis-ong,The Crown: Season 3,63
alexis-ong,His Dark Materials: Season 1,63
ebecca-onion,Plagues & Pleasures on the Salton Sea,96
ebecca-onion,Deepwater Horizon,83
ebecca-onion,The Jeffrey Dahmer Files,65
ebecca-onion,21 Jump Street,86
david-opie,Elisa & Marcela,80
david-opie,Greta,60
david-opie,Tremors,80
david-opie,A Star Is Born,80
david-opie,First Man,80
david-opie,Supa Modo,90
michelle-orange,Smooth Talk,88
michelle-orange,Cabaret,93
michelle-orange,Little Women,95
michelle-orange,What Is Democracy?,95
michelle-orange,Gloria Bell,91
michelle-orange,The Tale,99
michelle-orange,Risk,81
michelle-orange,Voyeur,79
michelle-orange,Tully,87
michelle-orange,A Wrinkle in Time,42
michelle-orange,"I Love You, Daddy",37
michelle-orange,Take This Waltz,79
michelle-orange,Ruby Sparks,79
michelle-orange,Zero Dark Thirty,91
michelle-orange,Cosmopolis,65
michelle-orange,Diana Vreeland: The Eye Has To Travel,94
michelle-orange,Django Unchained,87
michelle-orange,56 Up,99
michelle-orange,Heart of a Dog,96
michelle-orange,No Home Movie,89
michelle-orange,Author: The JT LeRoy Story,77
michelle-orange,Weiner,97
michelle-orange,Elle,91
michelle-orange,Toni Erdmann,93
michelle-orange,12 Years a Slave,50
michelle-orange,Certain Women,80
michelle-orange,Moonlight,80
michelle-orange,Frantz,80
michelle-orange,Lion,60
michelle-orange,Rats,40
michelle-orange,The Magnificent Seven,50
michelle-orange,Queen of Katwe,80
michelle-orange,Vita Activa: The Spirit of Hannah Arendt,94
michelle-orange,Zootopia,98
michelle-orange,Looking for Grace,60
michelle-orange,Where to Invade Next,60
michelle-orange,The Danish Girl,60
michelle-orange,3 Generations,50
michelle-orange,Black Mass,50
michelle-orange,Last Days In The Desert,70
michelle-orange,Going Clear: Scientology and the Prison of Belief,70
michelle-orange,Ten Thousand Saints,60
michelle-orange,Slow West,80
michelle-orange,Strangerland,60
michelle-orange,Argo,70
michelle-orange,Appropriate Behavior,70
michelle-orange,Under the Skin,70
michelle-orange,Love Is Strange,80
michelle-orange,The Babadook,80
michelle-orange,"Two Days, One Night",97
berea-orange,Lucifer: Season 5,90
michael-ordona,Dreamland,67
michael-ordona,Recon,0
michael-ordona,Make Up,100
michael-ordona,The Informer,62
michael-ordona,The Dark and the Wicked,90
michael-ordona,Koko-di Koko-da,82
michael-ordona,The True Adventures of Wolfboy,78
michael-ordona,Spell,47
michael-ordona,Holidate,45
michael-ordona,The Place of No Words,69
michael-ordona,The Kid Detective,82
michael-ordona,Honest Thief,40
michael-ordona,Aggie,75
michael-ordona,The War with Grandpa,29
michael-ordona,Meeting the Beatles in India,100
michael-ordona,Faith Based,94
michael-ordona,A Call to Spy,72
michael-ordona,Draupadi Unleashed,0
michael-ordona,Jay Sebring: Cutting to the Truth,88
michael-ordona,Stuntwomen: The Untold Hollywood Story,100
michael-ordona,Lost Girls & Love Hotels,48
michael-ordona,The Eight Hundred,86
michael-ordona,Fatima,62
michael-ordona,Made in Italy,49
michael-ordona,A Thousand Cuts,100
michael-ordona,We Are Freestyle Love Supreme,90
michael-ordona,Inmate #1: The Rise of Danny Trejo,100
michael-ordona,Creating a Character: The Moni Yakim Legacy,90
michael-ordona,Olympia,85
michael-ordona,Kaye Ballard: The Show Goes On,100
michael-ordona,My Spy,47
michael-ordona,You Should Have Left,40
michael-ordona,Aviva,83
michael-ordona,Marona's Fantastic Tale,95
michael-ordona,Be Water,92
michael-ordona,Screened Out,78
michael-ordona,Tammy's Always Dying,75
michael-ordona,The Willoughbys,90
michael-ordona,Abe,70
michael-ordona,Strike,83
michael-ordona,The Main Event,26
michael-ordona,There's Something in the Water,79
michael-ordona,DOSED,67
michael-ordona,Tuscaloosa,70
michael-ordona,Stargirl,72
michael-ordona,The Flood,68
michael-ordona,"Scream, Queen! My Nightmare on Elm Street",100
michael-ordona,Impractical Jokers: The Movie,35
michael-ordona,Union,64
michael-ordona,The Red Sea Diving Resort,29
jack-o,The Good Doctor: Season 4,90
jack-o,Madam Secretary: Season 6,0
jack-o,Blue Bloods: Season 10,0
jack-o,Law & Order: Special Victims Unit: Season 21,0
jack-o,Chicago Med: Season 5,0
jack-o,This Is Us: Season 4,0
jack-o,The Good Doctor: Season 3,0
jack-o,Proven Innocent: Season 1,0
jack-o,Law & Order: Special Victims Unit: Season 20,90
jack-o,Law & Order: Special Victims Unit: Season 18,0
jack-o,Law & Order: Special Victims Unit: Season 19,70
jack-o,Major Crimes: Season 6,0
jack-o,Major Crimes: Season 5,80
jack-o,Major Crimes: Season 4,90
jack-o,Law & Order: Special Victims Unit: Season 17,90
hristine-orlando,Class Action Park,96
brian-orndorf,Dead Reckoning,24
brian-orndorf,Echo Boomers,32
brian-orndorf,Chick Fight,63
brian-orndorf,1 Night in San Diego,63
brian-orndorf,Dating Amber,71
brian-orndorf,Dreamland,71
brian-orndorf,Freaky,48
brian-orndorf,Proxima,79
brian-orndorf,Triggered,0
brian-orndorf,Call Me Brother,32
brian-orndorf,Jungleland,40
brian-orndorf,Kindred,48
brian-orndorf,Let Him Go,93
brian-orndorf,Mortal,79
brian-orndorf,The Craft: Legacy,24
brian-orndorf,Come Play,40
brian-orndorf,Spell,63
brian-orndorf,Holidate,24
brian-orndorf,The True Adventures of Wolfboy,40
brian-orndorf,Borat: Subsequent Moviefilm,71
brian-orndorf,The Witches,79
brian-orndorf,Synchronic,71
brian-orndorf,Friendsgiving,24
brian-orndorf,Rebecca,40
brian-orndorf,Honest Thief,63
brian-orndorf,Love and Monsters,71
brian-orndorf,Evil Eye,71
brian-orndorf,Nocturne,48
brian-orndorf,The Opening Act,79
brian-orndorf,Shithouse,71
brian-orndorf,The Devil Has a Name,48
brian-orndorf,Alone,63
brian-orndorf,The War with Grandpa,24
brian-orndorf,Vampires vs. The Bronx,79
brian-orndorf,Hubie Halloween,24
brian-orndorf,The Wolf of Snow Hollow,79
brian-orndorf,The Trial of the Chicago 7,71
brian-orndorf,The Doorman,32
brian-orndorf,The Lie,32
brian-orndorf,Black Box,63
brian-orndorf,The Planters,63
brian-orndorf,On The Rocks,79
brian-orndorf,Possessor: Uncut,86
brian-orndorf,Spontaneous,79
brian-orndorf,Welcome to Sudden Death,32
brian-orndorf,The Call,40
brian-orndorf,The Rising Hawk,71
brian-orndorf,2067,48
brian-orndorf,Death of Me,32
brian-orndorf,12 Hour Shift,71
gisela-orozco-26820,The House of Flowers,0
hristopher-o,The Mole Agent,95
hristopher-o,Metropolitan,93
hristopher-o,Sometimes Always Never,83
hristopher-o,The King of Staten Island,74
hristopher-o,The Vast of Night,92
hristopher-o,You Don't Nomi,88
hristopher-o,Be Like Others: Transsexuals in Iran,100
hristopher-o,Love Actually,64
hristopher-o,The Highwaymen,58
hristopher-o,Isn't It Romantic,70
hristopher-o,Everybody Knows,78
hristopher-o,Triple Frontier,71
hristopher-o,Vice,65
hristopher-o,Never Look Away,77
hristopher-o,Mary Poppins Returns,79
hristopher-o,Roma,96
hristopher-o,Green Book,77
hristopher-o,The Ballad of Buster Scruggs,90
hristopher-o,Ocean's 8,69
hristopher-o,How to Talk to Girls at Parties,48
hristopher-o,Solo: A Star Wars Story,69
hristopher-o,Deadpool 2,84
hristopher-o,Life of the Party,38
hristopher-o,Avengers: Infinity War,85
hristopher-o,I Feel Pretty,36
hristopher-o,You Were Never Really Here,89
hristopher-o,Isle of Dogs,90
hristopher-o,The Death of Stalin,95
hristopher-o,A Wrinkle in Time,42
hristopher-o,Annihilation,88
hristopher-o,Black Panther,97
hristopher-o,Fifty Shades Freed,11
hristopher-o,Phantom Thread,91
hristopher-o,Kill Bill: Volume 2,84
hristopher-o,Harry Potter and the Prisoner of Azkaban,90
hristopher-o,Hero,95
hristopher-o,The Post,88
hristopher-o,Star Wars: The Last Jedi,90
hristopher-o,The Shape of Water,92
hristopher-o,Coco,97
hristopher-o,Murder On The Orient Express,61
hristopher-o,"Three Billboards Outside Ebbing, Missouri",90
hristopher-o,Thor: Ragnarok,93
hristopher-o,The Snowman,7
hristopher-o,Blade Runner 2049,88
hristopher-o,Victoria & Abdul,65
hristopher-o,Kingsman: The Golden Circle,51
hristopher-o,mother!,68
hristopher-o,It,85
hristopher-o,Detroit,82
andi-ortiz,The Bold Type: Season 4,83
andi-ortiz,Pretty Little Liars: The Perfectionists: Season 1,100
andi-ortiz,Shadowhunters: Season 3,100
daniel-orton,Into The Storm,40
daniel-orton,Trash,80
daniel-orton,The Second Best Exotic Marigold Hotel,80
daniel-orton,Jurassic World,80
daniel-orton,Spectre,80
nathan-osborne,Lingua Franca,83
nathan-osborne,Bad Education,94
nathan-osborne,Babyteeth,94
nathan-osborne,Just Mercy,84
nathan-osborne,All Is True,72
nathan-osborne,If Beale Street Could Talk,95
nathan-osborne,Can You Ever Forgive Me?,98
nathan-osborne,Green Book,77
nathan-osborne,Widows,91
nathan-osborne,Two Plains & a Fancy,67
nathan-osborne,A Star Is Born,90
nathan-osborne,King of Thieves,34
nathan-osborne,The Children Act,74
nathan-osborne,Marrowbone,48
nathan-osborne,Sicario: Day of the Soldado,62
nathan-osborne,Book Club,55
nathan-osborne,Life of the Party,38
nathan-osborne,Beast,92
nathan-osborne,Ghost Stories,84
nathan-osborne,Red Sparrow,45
nathan-osborne,Human Flow,91
nathan-osborne,The Party,82
nathan-osborne,The Babysitter,72
nathan-osborne,American Made,85
nathan-osborne,The Family I Had,0
nathan-osborne,The Killing of a Sacred Deer,80
nathan-osborne,Kingsman: The Golden Circle,51
nathan-osborne,Film Stars Don't Die in Liverpool,80
nathan-osborne,Jungle,60
nathan-osborne,Kingdom of Us,100
nathan-osborne,Loving Vincent,85
nathan-osborne,Hell House LLC,89
nathan-osborne,American Assassin,35
nathan-osborne,Victoria & Abdul,65
nathan-osborne,My Life as a Zucchini,99
nathan-osborne,The House,20
nathan-osborne,Valerian and the City of a Thousand Planets,48
nathan-osborne,The Emoji Movie,7
nathan-osborne,The Ice Cream Truck,72
nathan-osborne,Cut Shoot Kill,71
nathan-osborne,Captain Underpants: The First Epic Movie,87
nathan-osborne,A Man Called Ove,91
nathan-osborne,Something Like Summer,0
nathan-osborne,Hampstead,43
nathan-osborne,My Cousin Rachel,76
nathan-osborne,Diary Of A Wimpy Kid: The Long Haul,18
nathan-osborne,People,0
nathan-osborne,In the Shadow of Iris,0
nathan-osborne,The Most Hated Woman In America,36
andrew-osborne,I'll Meet You There,83
andrew-osborne,Lapsis,93
andrew-osborne,Once Upon a Time in Uganda,100
andrew-osborne,The Donut King,96
andrew-osborne,My Darling Vivian,95
andrew-osborne,Booksmart,96
andrew-osborne,The Highwaymen,58
andrew-osborne,The Ballad of Buster Scruggs,90
andrew-osborne,Tower,99
andrew-osborne,On Chesil Beach,68
andrew-osborne,Small Town Crime,77
andrew-osborne,Atomic Blonde,78
andrew-osborne,David Lynch: The Art Life,91
andrew-osborne,Most Beautiful Island,93
andrew-osborne,Mr. Roosevelt,100
andrew-osborne,Suburbicon,28
andrew-osborne,Lady Bird,99
hris-osterndorf,Outbreak,60
hris-osterndorf,The Laundromat,50
hris-osterndorf,Jim Gaffigan: Cinco,83
hris-osterndorf,Deadwood: The Movie,80
hris-osterndorf,Happy as Lazzaro,50
hris-osterndorf,Sabrina,20
hris-osterndorf,Adam Sandler: 100% Fresh,60
hris-osterndorf,Searching,92
hris-osterndorf,The Package,40
hris-osterndorf,Father of the Year,0
hris-osterndorf,Ballet Now,50
hris-osterndorf,Wonder Wheel,50
hris-osterndorf,The Tale,99
hris-osterndorf,Anon,40
hris-osterndorf,The Week Of,40
hris-osterndorf,Dude,50
hris-osterndorf,Elvis Presley: The Searcher,50
hris-osterndorf,The Outsider,17
hris-osterndorf,Human Flow,70
hris-osterndorf,On Body and Soul,40
hris-osterndorf,The Ritual,50
hris-osterndorf,The Open House,15
hris-osterndorf,Bright,28
hris-osterndorf,Mudbound,70
hris-osterndorf,City of Ghosts,98
hris-osterndorf,The Meyerowitz Stories,92
hris-osterndorf,The Fundamentals of Caring,77
josh-oswald,A Christmas Prince,73
kofi-outlaw,Bad Boys for Life,80
kofi-outlaw,21 Bridges,60
kofi-outlaw,Gemini Man,40
kofi-outlaw,El Camino: A Breaking Bad Movie,80
kofi-outlaw,Rambo: Last Blood,20
kofi-outlaw,Child's Play,40
kofi-outlaw,Annabelle Comes Home,60
kofi-outlaw,Shaft,60
kofi-outlaw,Us,100
kofi-outlaw,Brightburn,60
kofi-outlaw,Batman: Assault on Arkham,90
kofi-outlaw,The Adventures of Tintin,74
kofi-outlaw,The Revenant,70
kofi-outlaw,Star Wars: Episode VII - The Force Awakens,80
kofi-outlaw,Creed,80
kofi-outlaw,The Hunger Games: Mockingjay - Part 2,80
kofi-outlaw,Spectre,50
kofi-outlaw,Crimson Peak,50
kofi-outlaw,Bridge of Spies,50
kofi-outlaw,Sicario,90
kofi-outlaw,The Visit,50
kofi-outlaw,We Are Your Friends,40
kofi-outlaw,Hitman: Agent 47,30
kofi-outlaw,American Ultra,50
kofi-outlaw,Straight Outta Compton,70
kofi-outlaw,Vacation,50
kofi-outlaw,Ant-Man,70
kofi-outlaw,Ted 2,60
kofi-outlaw,Dope,80
kofi-outlaw,Entourage,50
kofi-outlaw,Tomorrowland,50
kofi-outlaw,Mad Max: Fury Road,90
kofi-outlaw,Unfriended,50
kofi-outlaw,Get Hard,70
kofi-outlaw,The Gunman,40
kofi-outlaw,Run All Night,60
kofi-outlaw,Unfinished Business,30
kofi-outlaw,The Lazarus Effect,40
kofi-outlaw,Hot Tub Time Machine 2,60
kofi-outlaw,Fifty Shades of Grey,40
kofi-outlaw,Jupiter Ascending,50
kofi-outlaw,A Most Violent Year,60
kofi-outlaw,Strange Magic,40
kofi-outlaw,American Sniper,80
kofi-outlaw,Selma,90
kofi-outlaw,Blackhat,20
kofi-outlaw,The Gambler,40
kofi-outlaw,Unbroken,80
kofi-outlaw,Night at the Museum: Secret of the Tomb,60
kofi-outlaw,The Interview,50
olivia-ovenden,Isle of Dogs,90
olivia-ovenden,6 Balloons,86
olivia-ovenden,Revenge,93
jeffrey-overstree,Flannery,71
jeffrey-overstree,The Quarry,79
jeffrey-overstree,Palm Springs,56
jeffrey-overstree,Da 5 Bloods,79
jeffrey-overstree,The Vast of Night,79
jeffrey-overstree,Shirley,79
jeffrey-overstree,Onward,56
jeffrey-overstree,Strange Negotiations,79
jeffrey-overstree,A Hidden Life,86
jeffrey-overstree,1917,63
jeffrey-overstree,Star Wars: The Rise of Skywalker,40
jeffrey-overstree,Light from Light,79
jeffrey-overstree,A Beautiful Day in the Neighborhood,86
jeffrey-overstree,Ford v Ferrari,56
jeffrey-overstree,Wild Rose,86
jeffrey-overstree,The Farewell,63
jeffrey-overstree,The Man Who Killed Don Quixote,79
jeffrey-overstree,Toy Story 4,86
jeffrey-overstree,I Am Not a Witch,86
jeffrey-overstree,Her Smell,79
jeffrey-overstree,Ash Is Purest White,79
jeffrey-overstree,Chungking Express,93
jeffrey-overstree,The Man Without a Past,79
jeffrey-overstree,The Incredibles,93
jeffrey-overstree,I Heart Huckabees,71
jeffrey-overstree,Anchorman - The Legend Of Ron Burgundy,79
jeffrey-overstree,A Star Is Born,48
jeffrey-overstree,The Hate U Give,71
jeffrey-overstree,Madeline's Madeline,71
jeffrey-overstree,They Shall Not Grow Old,93
jeffrey-overstree,Widows,48
jeffrey-overstree,First Man,79
jeffrey-overstree,Puzzle,79
jeffrey-overstree,Crazy Rich Asians,63
jeffrey-overstree,Eighth Grade,93
jeffrey-overstree,Won't You Be My Neighbor?,100
jeffrey-overstree,Hearts Beat Loud,71
jeffrey-overstree,Three Identical Strangers,79
jeffrey-overstree,Prospect,79
jeffrey-overstree,Leave No Trace,79
jeffrey-overstree,The Rider,86
jeffrey-overstree,Incredibles 2,86
jeffrey-overstree,Ocean's 8,48
jeffrey-overstree,First Reformed,79
jeffrey-overstree,Solo: A Star Wars Story,48
jeffrey-overstree,Isle of Dogs,79
jeffrey-overstree,The Post,79
jeffrey-overstree,Good Time,79
jeffrey-overstree,Spider-Man: Homecoming,79
jeffrey-overstree,Maudie,79
ob-owen,Jingle Jangle: A Christmas Journey,95
ob-owen,A West Wing Special to Benefit When We All Vote,100
ob-owen,The Witches,50
ob-owen,Borat: Subsequent Moviefilm,86
ob-owen,9/11: The Final Minutes of Flight 93,0
ob-owen,You Don't Know Jack,83
ob-owen,Temple Grandin,100
ob-owen,Greyhound,79
ob-owen,Irresistible,40
ob-owen,Cinema Verite,61
ob-owen,Battlestar Galactica: The Miniseries,83
ob-owen,Salem's Lot,50
ob-owen,Prayers for Bobby,73
ob-owen,Let It Shine,0
ob-owen,Descendants,90
ob-owen,Tracey Ullman: Live and Exposed,40
ob-owen,Deadwood: The Movie,98
ob-owen,The Mists of Avalon,45
ob-owen,My House in Umbria,50
ob-owen,Saving Jessica Lynch,0
ob-owen,Born Rich,0
ob-owen,The Reagans,0
ob-owen,Foster,0
ob-owen,Escaping the Madhouse: The Nellie Bly Story,0
ob-owen,United We Fan,100
ob-owen,Instant Family,81
ob-owen,Too Big to Fail,77
ob-owen,Recount,79
ob-owen,- Pittsburgh Post-Gazett,0
ob-owen,Paterno,70
ob-owen,The Child in Time,79
ob-owen,7 Days in Entebbe,63
ob-owen,In Search of Fellini,75
ob-owen,Last Flag Flying,100
ob-owen,The Christmas Train,0
ob-owen,King Charles III,100
ob-owen,The Immortal Life of Henrietta Lacks,69
ob-owen,Tickled,94
ob-owen,The Obama Years: The Power of Words,0
ob-owen,Bright Lights: Starring Carrie Fisher and Debbie Reynolds,100
ob-owen,The Rocky Horror Picture Show: Let's Do the Time Warp Again,28
ob-owen,Killing Reagan,63
ob-owen,Sharknado: The 4th Awakens,14
ob-owen,Confirmation,83
ob-owen,A Very Murray Christmas,68
ob-owen,Jim Henson's Turkey Hollow,60
ob-owen,Mary Tyler Moore: A Celebration,0
ob-owen,"The Unauthorized Beverly Hills, 90210 Story",0
ob-owen,Sharknado 3: Oh Hell No!,36
ob-owen,7 Days in Hell,86
phil-owen,Homecoming: Season 2,58
phil-owen,American Horror Story:  1984 - Final Girl,88
phil-owen,Black Mirror:  Season 5 - Striking Vipers,73
phil-owen,True Detective : Season 3,85
phil-owen,American Horror Story:  Apocalypse - The Morning After,88
phil-owen,American Horror Story:  Apocalypse - The End,91
phil-owen,Black Mirror:  Season 4 - Hang the DJ,92
phil-owen,Marvel's Luke Cage: Season 2,85
phil-owen,Marvel's The Punisher: Season 1,67
phil-owen,Fear the Walking Dead:  Season 4 - What's Your Story?,100
phil-owen,The Walking Dead:  Season 8 - Still Gotta Mean Something,72
phil-owen,Riverdale:  Season 2 - Chapter Nineteen: Death Proof,91
phil-owen,Riverdale:  Season 2 - Chapter Eighteen: When a Stranger Calls,93
phil-owen,Dark: Season 1,89
phil-owen,The Crown: Season 2,89
phil-owen,"The Walking Dead:  Season 8 - The King, the Widow, and Rick",37
phil-owen,The Walking Dead:  Season 8 - Some Guy,90
phil-owen,Marco Polo: Season 2,100
phil-owen,Designated Survivor: Season 2,60
phil-owen,Riverdale: Season 2,88
phil-owen,Riverdale:  Season 2 - Chapter Sixteen: The Watcher in the Woods,100
phil-owen,Riverdale:  Season 2 - Chapter Fifteen: Nighthawks,87
phil-owen,The Walking Dead: Season 8,64
phil-owen,Stranger Things: Season 2,94
phil-owen,Game of Thrones:  Season 6 - The Door,98
guillem-martinez-oya,Border,80
guillem-martinez-oya,The Dark and the Wicked,0
guillem-martinez-oya,Come True,80
guillem-martinez-oya,Relic,0
guillem-martinez-oya,Tommaso,70
guillem-martinez-oya,Rifkin's Festival,0
guillem-martinez-oya,Lingua Franca,80
guillem-martinez-oya,The Offering,80
guillem-martinez-oya,Dry Wind,80
guillem-martinez-oya,Real Love,0
guillem-martinez-oya,Schoolgirls,80
guillem-martinez-oya,A Land Imagined,0
guillem-martinez-oya,Dead Slow Ahead,80
guillem-martinez-oya,The Mafia Is No Longer What It Used to Be,0
guillem-martinez-oya,Loro,0
guillem-martinez-oya,Tehran Taxi,90
guillem-martinez-oya,Last and First Men,100
guillem-martinez-oya,The Hunt,60
guillem-martinez-oya,System Crasher,80
guillem-martinez-oya,Nina Wu,80
guillem-martinez-oya,La Isla de las Mentiras,90
guillem-martinez-oya,Sound of Metal,80
guillem-martinez-oya,Babyteeth,70
guillem-martinez-oya,Corpus Christi,0
guillem-martinez-oya,Touch Me Not,0
guillem-martinez-oya,Ayka,70
guillem-martinez-oya,Nevrland,0
guillem-martinez-oya,Worlds of Ursula K. Le Guin,0
guillem-martinez-oya,Querelle,80
guillem-martinez-oya,Space Dogs,100
guillem-martinez-oya,Letter from Masanjia,80
guillem-martinez-oya,Ema,80
guillem-martinez-oya,The Square,70
guillem-martinez-oya,Pullman,80
guillem-martinez-oya,Little Joe,80
guillem-martinez-oya,The Swallows of Kabul,0
guillem-martinez-oya,Guns Akimbo,70
guillem-martinez-oya,You and the Night,90
guillem-martinez-oya,Vivarium,80
guillem-martinez-oya,Happy Together,80
guillem-martinez-oya,Queen & Slim,80
guillem-martinez-oya,Queen of Paradis,80
guillem-martinez-oya,Marona's Fantastic Tale,80
guillem-martinez-oya,The Bears' Famous Invasion of Sicily,90
guillem-martinez-oya,Color Out of Space,90
guillem-martinez-oya,1917,80
guillem-martinez-oya,A Faithful Man,80
guillem-martinez-oya,Midsommar,60
guillem-martinez-oya,Portrait of a Lady on Fire,100
guillem-martinez-oya,The Traitor,90
