erin-qualey,BoJack Horseman: Season 6,96
james-quand,Bacurau,91
james-quand,The Dead Don't Die,55
james-quand,Non-Fiction,87
james-quand,Dead Souls,100
james-quand,Sieranevada,92
ardo-de-querol,The First Temptation of Christ,0
ardo-de-querol,The King,77
aitlin-quinlan,Eternal Beauty,60
aitlin-quinlan,Rocks,98
aitlin-quinlan,Ema,80
aitlin-quinlan,Mogul Mowgli,80
aitlin-quinlan,After the Wedding,40
aitlin-quinlan,Uncut Gems,100
aitlin-quinlan,Three Summers,0
aitlin-quinlan,Jojo Rabbit,80
aitlin-quinlan,August,80
aitlin-quinlan,A Beautiful Day in the Neighborhood,60
aitlin-quinlan,Diego Maradona,80
aitlin-quinlan,Booksmart,60
aitlin-quinlan,Never Goin' Back,60
aitlin-quinlan,Red Joan,40
aitlin-quinlan,Mary Queen of Scots,63
aitlin-quinlan,10 Things I Hate About You,69
aitlin-quinlan,Teen Spirit,71
aitlin-quinlan,Mary Poppins Returns,80
aitlin-quinlan,The Tale,80
aitlin-quinlan,Suspiria,40
aitlin-quinlan,The Ballad of Buster Scruggs,60
aitlin-quinlan,White Boy Rick,60
aitlin-quinlan,Two for Joy,60
aitlin-quinlan,Johnny English Strikes Again,20
aitlin-quinlan,Vox Lux,60
aitlin-quinlan,Outlaw King,60
aitlin-quinlan,High Life,80
aitlin-quinlan,Widows,80
aitlin-quinlan,King of Thieves,40
aitlin-quinlan,A Star Is Born,80
aitlin-quinlan,Beautiful Boy,80
aitlin-quinlan,In Between,80
aitlin-quinlan,Berlin Syndrome,60
aitlin-quinlan,The Wedding Plan,40
karl-quinn,A Thousand Thoughts,80
karl-quinn,The Australian Dream,90
karl-quinn,Share,84
karl-quinn,I Am Mother,91
karl-quinn,Mystify: Michael Hutchence,100
karl-quinn,Homecoming: A Film by Beyoncé,98
karl-quinn,West of Sunshine,85
karl-quinn,Jirga,78
karl-quinn,Upgrade,88
karl-quinn,Cargo,88
karl-quinn,Strange Colours,100
karl-quinn,Ghosthunter,100
karl-quinn,Gurrumul,100
karl-quinn,Brothers' Nest,92
karl-quinn,Sweet Country,96
karl-quinn,The Ballad of Buster Scruggs,90
karl-quinn,Venom,30
karl-quinn,Cold War,92
karl-quinn,Our New President,65
karl-quinn,Acute Misfortune,93
karl-quinn,Bisbee '17,93
karl-quinn,The Raft,90
karl-quinn,Hannah Gadsby: Nanette,100
karl-quinn,Putuparri And The Rainmakers,0
karl-quinn,Snow Monkey,0
karl-quinn,Happy Christmas,76
karl-quinn,Supermensch: The Legend of Shep Gordon,78
karl-quinn,Barry,80
karl-quinn,Jodorowsky's Dune,97
karl-quinn,Monster's Ball,60
karl-quinn,Cut Snake,69
karl-quinn,O.J.: Made in America,100
karl-quinn,Predestination,84
karl-quinn,Kate Plays Christine,82
karl-quinn,The Killing of a Sacred Deer,80
karl-quinn,Friday on My Mind: The Story of The Easybeats,0
karl-quinn,That's Not Me,87
karl-quinn,mother!,68
angel-quintana,The Swallows of Kabul,88
angel-quintana,Song Without a Name,97
angel-quintana,Tommaso,78
angel-quintana,Frankie,58
angel-quintana,Parasite,99
angel-quintana,Invisible Life,93
angel-quintana,Once Upon a Time In Hollywood,85
angel-quintana,For the Money,71
angel-quintana,The Bears' Famous Invasion of Sicily,100
angel-quintana,Fire Will Come,91
angel-quintana,Particles,75
angel-quintana,Oh Mercy!,59
angel-quintana,Summer of Changsha,17
angel-quintana,Matthias & Maxime,66
angel-quintana,The Traitor,84
angel-quintana,Sibyl,55
angel-quintana,Once in Trubchevsk,100
angel-quintana,"Mektoub, My Love: Intermezzo",10
angel-quintana,It Must Be Heaven,95
angel-quintana,The Halt,83
angel-quintana,Zombi Child,86
angel-quintana,Little Joe,68
angel-quintana,Pain and Glory,97
angel-quintana,Papicha,90
angel-quintana,The Whistlers,83
angel-quintana,Liberté,68
angel-quintana,Joan of Arc,53
angel-quintana,Port Authority,83
angel-quintana,Portrait of a Lady on Fire,98
angel-quintana,The Wild Goose Lake,92
angel-quintana,A Hidden Life,81
angel-quintana,Adam,88
angel-quintana,On a Magical Night,65
angel-quintana,Young Ahmed,59
angel-quintana,Blow it to Bits,0
angel-quintana,Atlantics,96
angel-quintana,Beanpole,91
angel-quintana,Sorry We Missed You,87
angel-quintana,Living and Knowing You are Alive,100
angel-quintana,For Sama,99
angel-quintana,Les Misérables,88
angel-quintana,Deerskin,87
angel-quintana,Bull,90
angel-quintana,Bacurau,91
angel-quintana,The Dead Don't Die,55
angel-quintana,Us,93
angel-quintana,Knife + Heart,81
angel-quintana,Ayka,80
angel-quintana,The Wild Pear Tree,94
angel-quintana,In My Room,78
nicolas-quinteros,Hamilton,80
nicolas-quinteros,Sir,40
nicolas-quinteros,Light of My life,70
nicolas-quinteros,A Regular Woman,70
nicolas-quinteros,The Silence of Others,60
nicolas-quinteros,Holy Beasts,70
nicolas-quinteros,Arctic,60
nicolas-quinteros,Sink or Swim,40
nicolas-quinteros,The Wild Pear Tree,80
nicolas-quinteros,Mirai,90
nicolas-quinteros,"No Date, No Signature",70
