ker-zabala,A Rainy Day in New York,43
ker-zabala,The August Virgin,90
stephanie-zacharek,The Life Ahead,93
stephanie-zacharek,Mank,91
stephanie-zacharek,On The Rocks,86
stephanie-zacharek,Borat: Subsequent Moviefilm,86
stephanie-zacharek,Bruce Springsteen's Letter to You,94
stephanie-zacharek,Rebecca,41
stephanie-zacharek,David Byrne's American Utopia,97
stephanie-zacharek,The Forty-Year-Old Version,98
stephanie-zacharek,Charm City Kings,81
stephanie-zacharek,Dick Johnson Is Dead,100
stephanie-zacharek,Save Yourselves!,87
stephanie-zacharek,The Boys in the Band,81
stephanie-zacharek,Kajillionaire,89
stephanie-zacharek,The Trial of the Chicago 7,91
stephanie-zacharek,Antebellum,28
stephanie-zacharek,The Devil All the Time,64
stephanie-zacharek,Nomadland,97
stephanie-zacharek,Unpregnant,89
stephanie-zacharek,The Personal History of David Copperfield,92
stephanie-zacharek,Bill & Ted Face the Music,82
stephanie-zacharek,Lingua Franca,83
stephanie-zacharek,Chemical Hearts,62
stephanie-zacharek,She Dies Tomorrow,85
stephanie-zacharek,Made in Italy,49
stephanie-zacharek,An American Pickle,73
stephanie-zacharek,Martin Margiela: In His Own Words,78
stephanie-zacharek,Rebuilding Paradise,92
stephanie-zacharek,The Kissing Booth 2,29
stephanie-zacharek,Father Soldier Son,91
stephanie-zacharek,The Sunlit Night,35
stephanie-zacharek,Relic,91
stephanie-zacharek,Greyhound,79
stephanie-zacharek,Palm Springs,94
stephanie-zacharek,The Old Guard,81
stephanie-zacharek,Mucho Mucho Amor: The Legend of Walter Mercado,100
stephanie-zacharek,John Lewis: Good Trouble,96
stephanie-zacharek,Irresistible,40
stephanie-zacharek,Eurovision Song Contest: The Story of Fire Saga,64
stephanie-zacharek,Miss Juneteenth,99
stephanie-zacharek,The King of Staten Island,74
stephanie-zacharek,Da 5 Bloods,92
stephanie-zacharek,Shirley,88
stephanie-zacharek,On the Record,99
stephanie-zacharek,The Lovebirds,65
stephanie-zacharek,The Trip to Greece,87
stephanie-zacharek,Capone,41
stephanie-zacharek,Becoming,93
stephanie-zacharek,Blue Story,92
stephanie-zacharek,A Secret Love,100
stephanie-zacharek,The Half of It,97
brandon-zachary,Timmy Failure: Mistakes Were Made,86
brandon-zachary,Superman: Red Son,88
brandon-zachary,The Call of the Wild,62
brandon-zachary,Sonic the Hedgehog,63
brandon-zachary,Birds of Prey,78
brandon-zachary,Bad Boys for Life,77
brandon-zachary,1917,89
brandon-zachary,Star Wars: The Rise of Skywalker,51
brandon-zachary,Spies in Disguise,76
brandon-zachary,Jumanji: The Next Level,72
brandon-zachary,Invader Zim: Enter the Florpus,100
brandon-zachary,Frozen II,77
brandon-zachary,Charlie's Angels,52
brandon-zachary,Lady and the Tramp,66
brandon-zachary,Doctor Sleep,77
brandon-zachary,Rattlesnake,28
brandon-zachary,Terminator: Dark Fate,70
brandon-zachary,Zombieland: Double Tap,68
brandon-zachary,Rambo: Last Blood,26
brandon-zachary,It Chapter Two,63
brandon-zachary,Scary Stories to Tell in the Dark,78
brandon-zachary,Fast & Furious Presents: Hobbs & Shaw,67
brandon-zachary,Teen Titans Go! Vs. Teen Titans,100
brandon-zachary,Once Upon a Time In Hollywood,85
brandon-zachary,The Lion King,52
brandon-zachary,Annabelle Comes Home,64
brandon-zachary,Child's Play,63
brandon-zachary,Shaft,33
brandon-zachary,Toy Story 4,97
brandon-zachary,Ma,55
brandon-zachary,Avengers: Endgame,94
brandon-zachary,Missing Link,89
brandon-zachary,Captain Marvel,79
brandon-zachary,I Want to Eat Your Pancreas,93
brandon-zachary,Dragon Ball Super: Broly,82
jordan-zakarin,The Last Dance: Season 1,96
amin-bin-zak,The Witcher: Season 1,67
alexander-zalben,RoboCop,90
alexander-zalben,The Jerk,81
alexander-zalben,How to Train Your Dragon,60
annie-zaleski-25105,Beastie Boys Story,94
annie-zaleski-25105,Mystify: Michael Hutchence,100
natalie-zamora,Holidate,45
david-se-zapanta,Fear the Walking Dead:  Season 6 - Welcome to the Club,90
david-se-zapanta,Rush Hour: Season 1,60
david-se-zapanta,Fear the Walking Dead:  Season 5 - End of the Line,40
david-se-zapanta,Fear the Walking Dead:  Season 5 - Channel 5,60
david-se-zapanta,Fear the Walking Dead:  Season 5 - Today and Tomorrow,50
david-se-zapanta,Fear the Walking Dead:  Season 5 - Leave What You Don't,80
david-se-zapanta,Fear the Walking Dead:  Season 5 - Ner Tamid,60
david-se-zapanta,Fear the Walking Dead:  Season 5 - You're Still Here,46
david-se-zapanta,Fear the Walking Dead:  Season 5 - 210 Words Per Minute,50
david-se-zapanta,Preacher:  Season 4 - Deviant,20
david-se-zapanta,Preacher:  Season 4 - Last Supper,86
david-se-zapanta,Preacher:  Season 4 - Masada,86
david-se-zapanta,Fear the Walking Dead:  Season 5 - Channel 4,90
david-se-zapanta,The 100: Season 3,30
david-se-zapanta,The 100: Season 2,100
david-se-zapanta,Fear the Walking Dead:  Season 5 - Is Anybody Out There?,60
david-se-zapanta,Fear the Walking Dead:  Season 5 - Still Standing,30
david-se-zapanta,Fear the Walking Dead:  Season 5 - The Little Prince,30
david-se-zapanta,Fear the Walking Dead:  Season 5 - The End of Everything,90
david-se-zapanta,Fear the Walking Dead:  Season 5 - Skidmark,60
david-se-zapanta,Fear the Walking Dead:  Season 5 - Humbug's Gulch,50
david-se-zapanta,Fear the Walking Dead:  Season 5 - The Hurt That Will Happen,60
david-se-zapanta,Fear the Walking Dead:  Season 5 - Here to Help,80
david-se-zapanta,Dominion: Season 2,90
david-se-zapanta,Dominion: Season 1,70
david-se-zapanta,Lucifer: Season 1,100
david-se-zapanta,Banshee: Season 3,100
david-se-zapanta,Banshee: Season 2,100
david-se-zapanta,Fear the Walking Dead:  Season 4 - I Lose Myself,30
david-se-zapanta,Fear the Walking Dead:  Season 4 - I Lose People...,60
david-se-zapanta,Fear the Walking Dead:  Season 4 - MM 54,80
david-se-zapanta,Fear the Walking Dead:  Season 4 - Blackjack,80
david-se-zapanta,Fear the Walking Dead:  Season 4 - Weak,70
david-se-zapanta,Preacher:  Season 3 - The Light Above,100
david-se-zapanta,Fear the Walking Dead:  Season 4 - The Code,70
david-se-zapanta,Preacher:  Season 3 - Schwanzkopf,80
david-se-zapanta,Fear the Walking Dead:  Season 4 - Close Your Eyes,90
david-se-zapanta,Preacher:  Season 3 - The Tom/Brady,70
david-se-zapanta,Fear the Walking Dead:  Season 4 - People Like Us,90
david-se-zapanta,Preacher:  Season 3 - Hilter,70
david-se-zapanta,Preacher:  Season 3 - Les Enfants du Sang,90
david-se-zapanta,Preacher:  Season 3 - The Coffin,50
david-se-zapanta,Preacher:  Season 3 - The Tombs,60
david-se-zapanta,Preacher:  Season 3 - Gonna Hurt,50
david-se-zapanta,Preacher:  Season 3 - Sonsabitches,80
david-se-zapanta,Preacher:  Season 3 - Angelville,100
david-se-zapanta,Fear the Walking Dead:  Season 4 - The Wrong Side of Where You Are Now,40
david-se-zapanta,Fear the Walking Dead:  Season 4 - Just in Case,40
david-se-zapanta,Fear the Walking Dead:  Season 4 - Laura,100
david-se-zapanta,Fear the Walking Dead:  Season 4 - Buried,80
lara-zarum,Downhill,50
lara-zarum,Dolittle,50
lara-zarum,The Miseducation of Cameron Post,86
lara-zarum,Set It Up,92
lara-zarum,Whitney,88
lara-zarum,Hannah Gadsby: Nanette,100
lara-zarum,Won't You Be My Neighbor?,97
lara-zarum,The Tale,99
lara-zarum,"Tiny Shoulders, Rethinking Barbie",81
lara-zarum,Mudbound,97
lara-zarum,Too Funny To Fail,100
lara-zarum,Lady Bird,99
lara-zarum,One of Us,93
lara-zarum,Beauty and the Beast,71
lara-zarum,Beaches,50
lara-zarum,Passengers,30
lara-zarum,The Rocky Horror Picture Show: Let's Do the Time Warp Again,28
lara-zarum,Sausage Party,82
lara-zarum,O.J.: Made in America,100
lara-zarum,Neighbors 2: Sorority Rising,64
lara-zarum,Norman Lear: Just Another Version of You,86
lara-zarum,Spring Broke,0
lara-zarum,Everybody Wants Some!!,87
lara-zarum,Confirmation,83
lara-zarum,Me Him Her,50
lara-zarum,Bleak Street,58
lara-zarum,Body,42
lara-zarum,"Christmas, Again",100
lara-zarum,Entourage,33
lucy-zee,BossBabes: Season 1,0
lucy-zee,Derry Girls: Series 2,97
andi-zeisle,High Fidelity: Season 1,86
andi-zeisle,The Preppy Murder: Death in Central Park: Season 1,83
andi-zeisle,Mrs. Fletcher: Limited Series,82
andi-zeisle,The Good Place: Season 4,100
joule-zelman,First Cow,96
joule-zelman,Possession,86
joule-zelman,In Fabric,92
joule-zelman,The Mountain,64
joule-zelman,Midsommar,83
joule-zelman,I Do Not Care If We Go Down in History as Barbarians,96
joule-zelman,Suspiria,65
joule-zelman,The Atomic Cafe,93
joule-zelman,Mandy,91
joule-zelman,Revenge,93
joule-zelman,The Endless,92
joule-zelman,Marrowbone,48
joule-zelman,A Quiet Place,96
joule-zelman,Bombshell: The Hedy Lamarr Story,96
joule-zelman,The Future Perfect,100
joule-zelman,Scarred Hearts,78
joule-zelman,Thirst Street,75
joule-zelman,Jungle,60
joule-zelman,The War Show,100
joule-zelman,The Noonday Witch,80
joule-zelman,Annabelle: Creation,71
emily-zemle,Tenet,75
emily-zemle,Mudbound,97
jenny-zheng,All the Bright Places,80
li-zhou,The Bachelor: Season 23,40
debbie-zhou,Mulan,74
debbie-zhou,Babyteeth,80
debbie-zhou,The Farewell,98
debbie-zhou,Hustlers,88
debbie-zhou,1985,96
debbie-zhou,Transit,70
debbie-zhou,If Beale Street Could Talk,100
debbie-zhou,Crazy Rich Asians,80
brianna-zigle,Dick Johnson Is Dead,100
brianna-zigle,The Wild Goose Lake,92
brianna-zigle,The Rainbow Experiment,56
brianna-zigle,Teen Spirit,71
brianna-zigle,The Beach Bum,56
brianna-zigle,Lost Holiday,42
brianna-zigle,Crystal Swan,100
brianna-zigle,Impetus,0
brianna-zigle,Blood Bound,0
brianna-zigle,The Possession of Hannah Grace,18
alan-zilberman,Freaky,70
alan-zilberman,The Climb,91
alan-zilberman,Proxima,40
alan-zilberman,His House,100
alan-zilberman,Borat: Subsequent Moviefilm,80
alan-zilberman,12 Hour Shift,76
alan-zilberman,Hail to the Deadites,82
alan-zilberman,Get the Hell Out,63
alan-zilberman,Time,90
alan-zilberman,Minor Premise,100
alan-zilberman,The Trial of the Chicago 7,91
alan-zilberman,Charm City Kings,80
alan-zilberman,The Mole Agent,95
alan-zilberman,Kokoloko,100
alan-zilberman,The Heist of the Century,0
alan-zilberman,Ema,89
alan-zilberman,Possessor: Uncut,50
alan-zilberman,Dick Johnson Is Dead,100
alan-zilberman,Kajillionaire,90
alan-zilberman,Cell 211,98
alan-zilberman,The Nest,89
alan-zilberman,I'm Thinking of Ending Things,81
alan-zilberman,Rent-A-Pal,80
alan-zilberman,Tenet,40
alan-zilberman,The Personal History of David Copperfield,60
alan-zilberman,Tesla,60
alan-zilberman,Sputnik,80
alan-zilberman,Boys State,50
alan-zilberman,She Dies Tomorrow,85
alan-zilberman,Summerland,20
alan-zilberman,Amulet,60
alan-zilberman,The Rental,75
alan-zilberman,The Painted Bird,90
alan-zilberman,Through the Night,100
alan-zilberman,Relic,80
alan-zilberman,Palm Springs,94
alan-zilberman,John Lewis: Good Trouble,40
alan-zilberman,White Noise,80
alan-zilberman,Eurovision Song Contest: The Story of Fire Saga,80
alan-zilberman,Irresistible,0
alan-zilberman,The Reason I Jump,100
alan-zilberman,Through the Night,0
alan-zilberman,The Fight,98
alan-zilberman,The King of Staten Island,74
alan-zilberman,The Vast of Night,92
alan-zilberman,The Painter and the Thief,80
alan-zilberman,Blood and Money,39
alan-zilberman,Spaceship Earth,50
alan-zilberman,Butt Boy,70
alan-zilberman,Capital in the Twenty-First Century,50
gaspar-zimerman,Reset: Volver a Empezar,0
gaspar-zimerman,Operation Condor,0
gaspar-zimerman,Toxic,0
gaspar-zimerman,It's All in Your Head,0
gaspar-zimerman,Hacer la Vida,0
gaspar-zimerman,Neither Hero nor Traitor,0
gaspar-zimerman,My Spy,47
gaspar-zimerman,The Mystery of Henri Pick,90
gaspar-zimerman,Familia,0
gaspar-zimerman,Just Mercy,84
gaspar-zimerman,Sir,80
gaspar-zimerman,The Invisible Man,91
gaspar-zimerman,Underwater,48
gaspar-zimerman,It Must Be Heaven,95
gaspar-zimerman,Bombshell,69
gaspar-zimerman,Dolittle,14
gaspar-zimerman,The Heist of the Century,0
gaspar-zimerman,"Death Doesn't Exist, and Love Doesn't Either",0
gaspar-zimerman,Working Woman,98
gaspar-zimerman,Jumanji: The Next Level,72
gaspar-zimerman,Bacurau,91
gaspar-zimerman,21 Bridges,53
gaspar-zimerman,Lejos de Pekín,0
gaspar-zimerman,La Botera,0
gaspar-zimerman,La sabiduría,0
gaspar-zimerman,Maternal,100
gaspar-zimerman,Ricchi di fantasia,0
gaspar-zimerman,Ciegos,0
gaspar-zimerman,Last Christmas,47
gaspar-zimerman,The Good Intentions,100
gaspar-zimerman,In Safe Hands,85
gaspar-zimerman,Lectura según Justino,0
gaspar-zimerman,Charlie's Angels,52
gaspar-zimerman,El plan divino,0
gaspar-zimerman,Gemini Man,26
gaspar-zimerman,Cartero,0
gaspar-zimerman,Midsommar,83
gaspar-zimerman,Impossible Crimes,0
gaspar-zimerman,The Addams Family,44
gaspar-zimerman,Amanda,96
gaspar-zimerman,Brittany Runs a Marathon,88
gaspar-zimerman,Yo te gusto?,0
gaspar-zimerman,Porno para principiantes,0
gaspar-zimerman,Dead End,100
gaspar-zimerman,The Candidate,92
gaspar-zimerman,The Summer House,40
gaspar-zimerman,Scary Stories to Tell in the Dark,78
gaspar-zimerman,Birds of Passage,96
gaspar-zimerman,The Debt,0
gaspar-zimerman,Magalí,0
angela-zimmerman,Sesame Street: Elmo's World - Playdate!,80
angela-zimmerman,Low Down,40
angela-zimmerman,My Little Pony: Equestria Girls - Rainbow Rocks,60
amy-zimmerman,The Haunting of Sharon Tate,19
amy-zimmerman,The Dirt,38
amy-zimmerman,Generation Wealth,45
amy-zimmerman,Casting JonBenét,81
amy-zimmerman,To the Bone,72
amy-zimmerman,Step,96
jason-zinoman,Hannah Gadsby: Douglas,92
jason-zinoman,John Mulaney & The Sack Lunch Bunch,96
jason-zinoman,Gary Gulman: The Great Depresh,100
jason-zinoman,Cracked Up,0
jason-zinoman,Fiddler: A Miracle of Miracles,98
jason-zinoman,Reggie Watts: Spatial,0
jason-zinoman,"Norm Macdonald: Hitler's Dog, Gossip & Trickery",100
jason-zinoman,Patton Oswalt: Tragedy Plus Comedy Equals Time,80
jason-zinoman,Aziz Ansari: Right Now,84
jason-zinoman,Wanda Sykes: Not Normal,100
jason-zinoman,David Cross: Oh Come On,0
jason-zinoman,John Mulaney: Kid Gorgeous at Radio City,100
jason-zinoman,Fred Armisen: Standup For Drummers,67
jason-zinoman,Stan & Ollie,92
jason-zinoman,W. Kamau Bell: Private School Negro,82
jason-zinoman,Adam Sandler: 100% Fresh,90
jason-zinoman,Halloween,96
jason-zinoman,"Love, Gilda",88
jason-zinoman,Drew Michael,100
jason-zinoman,What Keeps You Alive,82
jason-zinoman,Killer Bees,80
jason-zinoman,Hannah Gadsby: Nanette,100
jason-zinoman,The Night Eats the World,86
jason-zinoman,Always at the Carlyle,58
jason-zinoman,Roxanne Roxanne,70
jason-zinoman,Chris Rock: Tamborine,100
jason-zinoman,Humor Me,70
jason-zinoman,Michelle Wolf: Nice Lady,100
jason-zinoman,Maria Bamford: Old Baby,100
jason-zinoman,The Greatest Showman,56
jason-zinoman,Gilbert,95
jason-zinoman,Wait for Your Laugh,89
jason-zinoman,Jerry Before Seinfeld,95
jason-zinoman,Louis C.K.: 2017,95
jason-zinoman,- New York Time,0
jason-zinoman,- New York Time,0
jason-zinoman,Tig,77
gina-zippill,Money Heist,100
gina-zippill,Station 19: Season 3,80
gina-zippill,Zoey's Extraordinary Playlist: Season 1,100
gina-zippill,FBI: Season 2,70
gina-zippill,Tom Clancy's Jack Ryan: Season 2,80
gina-zippill,Whiskey Cavalier: Season 1,100
dave-zirin,The Problem with Apu,90
lindsay-zoladz,Ad Astra,83
lindsay-zoladz,Lucy in the Sky,21
lindsay-zoladz,Once Upon a Time In Hollywood,85
lindsay-zoladz,Midsommar,83
lindsay-zoladz,Being John Malkovich,93
lindsay-zoladz,Roma,96
lindsay-zoladz,The Other Side of the Wind,84
lindsay-zoladz,Titicut Follies,100
lindsay-zoladz,American Dharma,62
lindsay-zoladz,"Monrovia, Indiana",84
lindsay-zoladz,A Star Is Born,90
lindsay-zoladz,Book Club,55
lindsay-zoladz,Please Give,87
lindsay-zoladz,Confirmation,83
lindsay-zoladz,Ghostbusters,74
lindsay-zoladz,20th Century Women,88
mikel-zorrilla,The Fanatic,50
mikel-zorrilla,Don't Kill It,70
mikel-zorrilla,The Devil All the Time,60
mikel-zorrilla,Enola Holmes,70
mikel-zorrilla,The Trial of the Chicago 7,70
mikel-zorrilla,I'm Thinking of Ending Things,80
mikel-zorrilla,Mulan,60
mikel-zorrilla,Phineas and Ferb the Movie: Candace Against the Universe,60
mikel-zorrilla,The Kissing Booth 2,50
mikel-zorrilla,Color Out of Space,70
mikel-zorrilla,The Silence,70
mikel-zorrilla,The Old Guard,50
mikel-zorrilla,Hamilton,90
mikel-zorrilla,Sweet Home,80
mikel-zorrilla,Mercy,0
mikel-zorrilla,"I Love You, Stupid",50
mikel-zorrilla,Lady and the Tramp,50
mikel-zorrilla,Bad Education,80
mikel-zorrilla,Die Hard: With a Vengeance,80
mikel-zorrilla,Da 5 Bloods,80
mikel-zorrilla,Scoob!,40
mikel-zorrilla,Poltergeist,31
mikel-zorrilla,It Follows,95
mikel-zorrilla,Tomorrowland,50
mikel-zorrilla,Insidious: Chapter 3,57
mikel-zorrilla,Dead Rising: Watchtower,0
mikel-zorrilla,Ant-Man,83
mikel-zorrilla,Requisitos para ser una persona normal,0
mikel-zorrilla,Horror Express,75
mikel-zorrilla,Child 44,27
mikel-zorrilla,Ahora o nunca,0
mikel-zorrilla,The Voices,74
mikel-zorrilla,The Willoughbys,80
mikel-zorrilla,Holy Motors,92
mikel-zorrilla,Terminator Genisys,27
mikel-zorrilla,Spy,95
mikel-zorrilla,Project Almanac,36
mikel-zorrilla,Extraction,70
mikel-zorrilla,Magic Mike XXL,65
mikel-zorrilla,The Age of Adaline,54
mikel-zorrilla,Mission: Impossible Rogue Nation,93
mikel-zorrilla,Tracers,24
mikel-zorrilla,Extinction,18
mikel-zorrilla,Mr. Holmes,88
mikel-zorrilla,Fantastic Four,9
mikel-zorrilla,Kidnapped,44
mikel-zorrilla,American Ultra,43
mikel-zorrilla,Everest,72
mikel-zorrilla,Anacleto: Agente Secreto,0
mikel-zorrilla,A Perfect Day,72
marina-zucch,Irresponsable: Saison 1,0
marina-zucch,Cleaning Up: Series 1,92
marina-zucch,Inhuman Resources,0
marina-zucch,Mythomaniac: Season 1,0
marina-zucch,Apache: The Life of Carlos Tevez: Season 1,0
esther-zuckerman,Mank,91
esther-zuckerman,On The Rocks,86
esther-zuckerman,The Trial of the Chicago 7,91
esther-zuckerman,She Dies Tomorrow,85
esther-zuckerman,The Other Lamb,75
esther-zuckerman,Da 5 Bloods,92
esther-zuckerman,The High Note,70
esther-zuckerman,The Lovebirds,65
esther-zuckerman,Love Wedding Repeat,32
esther-zuckerman,Stargirl,72
esther-zuckerman,Promising Young Woman,92
esther-zuckerman,The Nowhere Inn,75
esther-zuckerman,Worth,65
esther-zuckerman,Shirley,88
esther-zuckerman,The Painter and the Thief,97
esther-zuckerman,Never Rarely Sometimes Always,99
esther-zuckerman,La Llorona,97
esther-zuckerman,Crip Camp: A Disability Revolution,100
esther-zuckerman,The Assistant,92
esther-zuckerman,The Forty-Year-Old Version,98
esther-zuckerman,Miss Americana,91
esther-zuckerman,Star Wars: The Rise of Skywalker,51
esther-zuckerman,The Farewell,98
esther-zuckerman,Little Women,95
esther-zuckerman,Earthquake Bird,50
esther-zuckerman,Charlie's Angels,52
esther-zuckerman,Noelle,51
esther-zuckerman,The King,71
esther-zuckerman,The Irishman,96
esther-zuckerman,Ad Astra,83
esther-zuckerman,Hustlers,87
esther-zuckerman,A Beautiful Day in the Neighborhood,95
esther-zuckerman,Marriage Story,94
esther-zuckerman,Uncut Gems,92
esther-zuckerman,It Chapter Two,63
esther-zuckerman,Godzilla: King of the Monsters,43
esther-zuckerman,Aladdin,57
esther-zuckerman,Toy Story 4,97
esther-zuckerman,Spider-Man: Far From Home,90
esther-zuckerman,Midsommar,83
esther-zuckerman,Pokémon Detective Pikachu,68
esther-zuckerman,Avengers: Endgame,94
esther-zuckerman,Unicorn Store,64
esther-zuckerman,Shazam!,90
esther-zuckerman,Shazam!,90
esther-zuckerman,Us,93
esther-zuckerman,Captain Marvel,79
esther-zuckerman,High Flying Bird,91
esther-zuckerman,Big Time Adolescence,85
esther-zuckerman,Velvet Buzzsaw,62
lauren-zupkus,Black Boys,83
david-zurawik,All the Way,87
david-zurawik,Blood on the Wall,0
david-zurawik,Surge,0
david-zurawik,The Weight of Gold,94
david-zurawik,Hamilton,98
david-zurawik,Cinema Verite,61
david-zurawik,Created Equal: Clarence Thomas in His Own Words,33
david-zurawik,The Rat Pack,57
david-zurawik,Sometimes They Come Back,67
david-zurawik,Stephen King's 'The Langoliers',52
david-zurawik,Jane Austen's Emma,88
david-zurawik,Prayers for Bobby,88
david-zurawik,Chris Rock: Bigger & Blacker,86
david-zurawik,Will Ferrell: You're Welcome America - A Final Night with George W Bush,60
david-zurawik,Unmasking Jihadi John: Anatomy Of A Terrorist,88
david-zurawik,The Great Hack,87
david-zurawik,Charm City,100
david-zurawik,Won't You Be My Neighbor?,97
david-zurawik,RBG,94
david-zurawik,Recount,79
david-zurawik,Baltimore Rising,100
david-zurawik,You Must Remember This: The Warner Bros. Story,100
david-zurawik,The Wizard of Lies,75
david-zurawik,The Immortal Life of Henrietta Lacks,69
david-zurawik,Hairspray Live!,76
david-zurawik,Confirmation,83
david-zurawik,The Normal Heart,94
david-zurawik,Picture Paris,0
david-zurawik,Phil Spector,50
david-zurawik,George Harrison: Living In The Material World,86
janire-zurbano,For Sama,80
janire-zurbano,Holidate,70
janire-zurbano,Akelarre,70
janire-zurbano,Rosa's Wedding,60
janire-zurbano,Offering to the Storm,70
janire-zurbano,Wasp Network,40
janire-zurbano,Artemis Fowl,60
janire-zurbano,The Song of Names,60
janire-zurbano,21 Bridges,50
janire-zurbano,Our Mothers,70
janire-zurbano,Birds of Prey,70
janire-zurbano,The Biggest Little Farm,60
janire-zurbano,Malasaña 32,70
janire-zurbano,El silencio del pantano,50
janire-zurbano,Curiosa,60
janire-zurbano,Legado en los huesos,70
janire-zurbano,The Fourth Kingdom,80
janire-zurbano,Mon chien Stupide,70
janire-zurbano,The Good Girls,70
janire-zurbano,The King,60
janire-zurbano,The Goya Murders,60
janire-zurbano,Ready or Not,80
janire-zurbano,Stranded,70
janire-zurbano,Womit haben wir das verdient?,60
janire-zurbano,"Live Twice, Love Once",60
janire-zurbano,Lola & Her Brothers,60
janire-zurbano,Jesus,60
janire-zurbano,The Lion King,70
janire-zurbano,Spider-Man: Far From Home,80
janire-zurbano,Hunting Season,70
janire-zurbano,This is not Berlin,70
janire-zurbano,Un atardecer en la Toscana,60
janire-zurbano,Murder Mystery,40
janire-zurbano,The Tobacconist,60
janire-zurbano,Pokémon Detective Pikachu,70
janire-zurbano,The Accordionist's Son,60
janire-zurbano,Bel Canto,60
janire-zurbano,Beautiful Boy,70
janire-zurbano,Notes on Blindness,70
janire-zurbano,Skyscraper,60
janire-zurbano,Sofia,70
janire-zurbano,Mary Queen of Scots,60
janire-zurbano,Glass,70
janire-zurbano,Bridget Jones's Baby,70
janire-zurbano,The Grump,60
janire-zurbano,The Red Collar,60
janire-zurbano,Robin Hood,60
janire-zurbano,Ralph Breaks the Internet,70
janire-zurbano,Roma,100
janire-zurbano,Mowgli: Legend of the Jungle,60
