marina-vaizey,Taking Control: The Dominic Cummings Story,60
marina-vaizey,Confronting Holocaust Denial with David Baddiel,80
marina-vaizey,The Last Survivors,100
marina-vaizey,Queen of the World,60
marina-vaizey,Hockney,60
marina-vaizey,Peggy Guggenheim: Art Addict,80
marina-vaizey,Goya: Visions of Flesh and Blood,80
karen-valby,Kelly & Cal,93
karen-valby,- Entertainment Weekl,86
karen-valby,The Water Horse: Legend of the Deep,40
nick-valdez,My Hero Academia: Heroes Rising,100
nick-valdez,One Piece: Stampede,100
nick-valdez,Promare,100
nick-valdez,Kingdom,100
nick-valdez,Made In Abyss: Journey's Dawn,80
hugo-hernandez-valdivia,Tenet,65
hugo-hernandez-valdivia,I'm Thinking of Ending Things,85
hugo-hernandez-valdivia,Da 5 Bloods,70
hugo-hernandez-valdivia,1917,90
hugo-hernandez-valdivia,Little Women,70
hugo-hernandez-valdivia,Bad Boys for Life,50
hugo-hernandez-valdivia,Jojo Rabbit,60
hugo-hernandez-valdivia,The Two Popes,80
hugo-hernandez-valdivia,The Dead Don't Die,70
hugo-hernandez-valdivia,Black Christmas,15
hugo-hernandez-valdivia,A Rainy Day in New York,65
hugo-hernandez-valdivia,Star Wars: The Rise of Skywalker,60
hugo-hernandez-valdivia,Parasite,100
hugo-hernandez-valdivia,Marriage Story,90
hugo-hernandez-valdivia,The Irishman,100
hugo-hernandez-valdivia,Frozen II,60
hugo-hernandez-valdivia,Doctor Sleep,75
hugo-hernandez-valdivia,Terminator: Dark Fate,60
hugo-hernandez-valdivia,Shoplifters,100
hugo-hernandez-valdivia,Maleficent: Mistress of Evil,50
hugo-hernandez-valdivia,Gemini Man,60
hugo-hernandez-valdivia,Joker,75
hugo-hernandez-valdivia,Ad Astra,80
hugo-hernandez-valdivia,The Freshmen,70
hugo-hernandez-valdivia,Once Upon a Time In Hollywood,60
hugo-hernandez-valdivia,Booksmart,65
hugo-hernandez-valdivia,Lemonade,89
hugo-hernandez-valdivia,Fast & Furious Presents: Hobbs & Shaw,67
hugo-hernandez-valdivia,The Image Book,90
hugo-hernandez-valdivia,Rocketman,70
hugo-hernandez-valdivia,Spider-Man: Far From Home,65
hugo-hernandez-valdivia,Toy Story 4,75
hugo-hernandez-valdivia,Gloria Bell,75
hugo-hernandez-valdivia,Tolkien,65
hugo-hernandez-valdivia,Dark Phoenix,60
hugo-hernandez-valdivia,Aladdin,65
hugo-hernandez-valdivia,Avengers: Endgame,70
hugo-hernandez-valdivia,The Professor and the Madman,65
hugo-hernandez-valdivia,Capernaum,75
hugo-hernandez-valdivia,The Favourite,90
hugo-hernandez-valdivia,Vice,65
hugo-hernandez-valdivia,BlacKkKlansman,80
hugo-hernandez-valdivia,Spider-Man: Into the Spider-Verse,85
hugo-hernandez-valdivia,Widows,70
hugo-hernandez-valdivia,Roma,90
hugo-hernandez-valdivia,Return of the Hero,60
hugo-hernandez-valdivia,First Man,85
hugo-hernandez-valdivia,Bohemian Rhapsody,65
hugo-hernandez-valdivia,A Star Is Born,90
hugo-hernandez-valdivia,Memories of Underdevelopment,92
sebastian-valencia,Menendez: The Day of the Lord,50
sebastian-valencia,Trolls World Tour,50
sebastian-valencia,Da 5 Bloods,80
sebastian-valencia,The Lovebirds,50
sebastian-valencia,At War,70
sebastian-valencia,Sergio,40
sebastian-valencia,Tupamaro: Urban Guerrillas,70
sebastian-valencia,Miss Americana,70
sebastian-valencia,The Turning,40
sebastian-valencia,Amanda,70
sebastian-valencia,Love at Second Sight,40
sebastian-valencia,Booksmart,90
sebastian-valencia,Under the Silver Lake,50
sebastian-valencia,UglyDolls,30
sebastian-valencia,The Other Woman,50
sebastian-valencia,Unicorn Store,50
sebastian-valencia,The Highwaymen,60
sebastian-valencia,Free Solo,90
sebastian-valencia,Eighth Grade,70
sebastian-valencia,The Blue Years,80
sebastian-valencia,An Interview With God,50
sebastian-valencia,Once Upon a Deadpool,40
sebastian-valencia,Home Alone,80
sebastian-valencia,Mandy,90
mel-valentin,The Boy Behind the Door,100
mel-valentin,How to Deter a Robber,83
mel-valentin,Mulan,74
mel-valentin,Z,96
mel-valentin,Spree,63
mel-valentin,The Tax Collector,19
mel-valentin,Shifter,0
mel-valentin,What We Found,56
mel-valentin,A Girl Missing,70
mel-valentin,Calm with Horses,94
mel-valentin,Holy Trinity,82
mel-valentin,Flannery,81
mel-valentin,Carmilla,71
mel-valentin,The Old Guard,81
mel-valentin,Greyhound,79
mel-valentin,Archive,71
mel-valentin,Eurovision Song Contest: The Story of Fire Saga,64
mel-valentin,My Spy,47
mel-valentin,Irresistible,40
mel-valentin,You Should Have Left,40
mel-valentin,7500,70
mel-valentin,Da 5 Bloods,92
mel-valentin,The King of Staten Island,74
mel-valentin,Tommaso,78
mel-valentin,The High Note,70
mel-valentin,Clementine,65
mel-valentin,Save Yourselves!,87
mel-valentin,Shirley,88
mel-valentin,Promising Young Woman,92
mel-valentin,Downhill,38
mel-valentin,La Llorona,97
mel-valentin,The Night House,86
mel-valentin,Palm Springs,94
mel-valentin,Possessor: Uncut,93
mel-valentin,Wendy,38
mel-valentin,Come Away,36
mel-valentin,Scare Me,82
mel-valentin,The Night Clerk,36
mel-valentin,Run Sweetheart Run,71
mel-valentin,The Assistant,92
mel-valentin,Horse Girl,70
mel-valentin,Brothers in Arms,70
mel-valentin,Divergent,63
mel-valentin,The Future,80
mel-valentin,Get Smart's Bruce and Lloyd Out of Control,60
mel-valentin,Lockout,40
mel-valentin,21 Jump Street,80
mel-valentin,Valentine's Day,40
mel-valentin,Real Steel,60
mel-valentin,Moneyball,60
genevieve-valentine,Cold in July,84
genevieve-valentine,Dark Star: HR Giger's World,68
genevieve-valentine,Iris,98
genevieve-valentine,Kill Me Three Times,16
genevieve-valentine,Seymour: An Introduction,100
genevieve-valentine,An Honest Liar,98
genevieve-valentine,'71,96
genevieve-valentine,She's Beautiful When She's Angry,93
genevieve-valentine,A Girl Walks Home Alone at Night,96
genevieve-valentine,McFarland USA,81
genevieve-valentine,Red Army,92
genevieve-valentine,Jupiter Ascending,27
genevieve-valentine,Black Sea,80
genevieve-valentine,Mommy,88
genevieve-valentine,"Two Days, One Night",97
genevieve-valentine,American Sniper,72
genevieve-valentine,Mr. Turner,97
genevieve-valentine,Selma,99
genevieve-valentine,Leviathan,98
genevieve-valentine,12 Years a Slave,95
genevieve-valentine,Frank,92
genevieve-valentine,Interstellar,72
genevieve-valentine,The Theory of Everything,80
genevieve-valentine,Big Hero 6,89
genevieve-valentine,Godzilla,76
genevieve-valentine,Live Die Repeat: Edge of Tomorrow,91
genevieve-valentine,Wild,88
genevieve-valentine,Gloria,99
genevieve-valentine,Jodorowsky's Dune,97
genevieve-valentine,Captain America: The Winter Soldier,90
genevieve-valentine,Whiplash,94
genevieve-valentine,Nightcrawler,95
genevieve-valentine,Gone Girl,87
genevieve-valentine,Birdman,91
genevieve-valentine,The Grand Budapest Hotel,92
genevieve-valentine,Snowpiercer,94
genevieve-valentine,Boyhood,97
genevieve-valentine,Frozen,90
genevieve-valentine,Guardians of the Galaxy,91
genevieve-valentine,Deliverance Creek,71
genevieve-valentine,The Drop,89
genevieve-valentine,Innocence,19
genevieve-valentine,Borgman,87
genevieve-valentine,Petals on the Wind,63
genevieve-valentine,Flowers in the Attic,63
oni-vall,The Band's Visit,50
oni-vall,Talk to Me,70
oni-vall,Silk,40
oni-vall,Joe Strummer: The Future Is Unwritten,60
oni-vall,Die Herbstzeitlosen,60
oni-vall,The Kite Runner,40
oni-vall,The Best of Me,70
oni-vall,Arctic Tale,40
oni-vall,Closing the Ring,50
oni-vall,w Delta z,40
oni-vall,El Ultimo Justo,30
oni-vall,Rambo,50
oni-vall,My Way: A Gangster's Saga,60
oni-vall,The People Upstairs,60
oni-vall,Emma.,70
oni-vall,The Diving Bell and the Butterfly,90
oni-vall,Rifkin's Festival,60
oni-vall,Eternal Beauty,70
oni-vall,A Beautiful Day in the Neighborhood,60
oni-vall,Ropes,60
oni-vall,The Gentlemen,70
oni-vall,The Innocence,60
oni-vall,Little White Lies 2,70
oni-vall,Little White Lies,70
oni-vall,The Endless Trench,80
oni-vall,Hitler's Hollywood,80
oni-vall,Incident In a Ghost Land,60
oni-vall,Eye for an Eye,70
oni-vall,Rojo,80
oni-vall,The Silence Before Bach,70
oni-vall,Black Christmas,0
oni-vall,School for Scoundrels,60
oni-vall,Life Without Sara Amat,60
oni-vall,My Name Is Violeta,70
oni-vall,Kin,60
oni-vall,Close Enemies,60
oni-vall,A Private War,70
oni-vall,Son of a Gun,60
oni-vall,7 Reasons to Run Away,40
oni-vall,A Man in a Hurry,60
oni-vall,Please Stand By,60
oni-vall,"Mujeres, de Coque Malla",60
oni-vall,Sing Street,70
oni-vall,Lucia's Grace,43
oni-vall,Ben is Back,60
oni-vall,Another Day of Life,70
oni-vall,Giants Don't Exist,70
oni-vall,Book Club,60
oni-vall,The Midwife,80
oni-vall,The Best Summer of My Life,40
arlos-valladares,High Flying Bird,75
arlos-valladares,Christ Stopped at Eboli,88
arlos-valladares,Capernaum,25
arlos-valladares,Springsteen on Broadway,50
arlos-valladares,The Untamed,50
jackson-mchenry-and-kathryn-vanarendonk,Emmys: 71st Emmys,29
kathryn-vanarendonk,Sarah Cooper: Everything's Fine,63
kathryn-vanarendonk,What the Constitution Means to Me,100
kathryn-vanarendonk,Sam Jay: 3 in the Morning,83
kathryn-vanarendonk,"Yvonne Orji: Momma, I made it!",0
kathryn-vanarendonk,Hannah Gadsby: Douglas,92
kathryn-vanarendonk,Patton Oswalt: I Love Everything,100
kathryn-vanarendonk,Jerry Seinfeld: 23 Hours to Kill,75
kathryn-vanarendonk,Maria Bamford: Weakness is the Brand,0
kathryn-vanarendonk,Marc Maron: End Times Fun,71
kathryn-vanarendonk,Pete Davidson: Alive From New York,40
kathryn-vanarendonk,Leslie Jones: Time Machine,100
kathryn-vanarendonk,Mike Birbiglia: The New One,100
kathryn-vanarendonk,John Mulaney & The Sack Lunch Bunch,96
kathryn-vanarendonk,Michelle Wolf: Joke Show,100
kathryn-vanarendonk,Seth Meyers: Lobby Baby,0
kathryn-vanarendonk,Jenny Slate: Stage Fright,100
kathryn-vanarendonk,Gary Gulman: The Great Depresh,100
kathryn-vanarendonk,Bill Burr: Paper Tiger,86
kathryn-vanarendonk,My Favorite Shapes by Julio Torres,100
kathryn-vanarendonk,Aziz Ansari: Right Now,84
kathryn-vanarendonk,Deadwood: The Movie,100
kathryn-vanarendonk,Wanda Sykes: Not Normal,100
kathryn-vanarendonk,Anthony Jeselnik: Fire in the Maternity Ward,80
kathryn-vanarendonk,Howie Mandel Presents Howie Mandel at the Howie Mandel Comedy Club,0
kathryn-vanarendonk,Kevin Hart: Irresponsible,100
kathryn-vanarendonk,Amy Schumer Growing,79
kathryn-vanarendonk,Ellen DeGeneres: Relatable,92
kelly-vance,White Noise,85
kelly-vance,Roy's World: Barry Gifford's Chicago,0
kelly-vance,The Trial of the Chicago 7,91
kelly-vance,The Burnt Orange Heresy,66
kelly-vance,Sorry We Missed You,87
kelly-vance,Human Nature,97
kelly-vance,Greed,47
kelly-vance,Incitement,96
kelly-vance,Zombi Child,86
kelly-vance,Once Were Brothers: Robbie Robertson and The Band,83
kelly-vance,Beanpole,91
kelly-vance,The Traitor,84
kelly-vance,What She Said: The Art of Pauline Kael,88
kelly-vance,Birds of Prey,78
kelly-vance,The Assistant,92
kelly-vance,The Last Full Measure,59
kelly-vance,The Gentlemen,75
kelly-vance,Color Out of Space,86
kelly-vance,Citizen K,95
kelly-vance,Les Misérables,88
kelly-vance,Clemency,92
kelly-vance,Just Mercy,84
kelly-vance,Varda by Agnès,98
kelly-vance,1917,89
kelly-vance,Invisible Life,93
kelly-vance,Uncut Gems,92
kelly-vance,Little Women,95
kelly-vance,Bombshell,69
kelly-vance,A Hidden Life,81
kelly-vance,Richard Jewell,77
kelly-vance,The Kingmaker,97
kelly-vance,Knives Out,97
kelly-vance,Shooting the Mafia,74
kelly-vance,Dark Waters,90
kelly-vance,Marriage Story,94
kelly-vance,Queen & Slim,82
kelly-vance,Motherless Brooklyn,63
kelly-vance,Ága,96
kelly-vance,Scandalous: The Untold Story of the National Enquirer,83
kelly-vance,Ford v Ferrari,92
kelly-vance,Doctor Sleep,77
kelly-vance,The Irishman,96
kelly-vance,Synonyms,88
kelly-vance,Frankie,58
kelly-vance,Parasite,99
kelly-vance,The Lighthouse,90
kelly-vance,The Death of Dick Long,75
kelly-vance,Pain and Glory,97
kelly-vance,Where's My Roy Cohn?,87
kelly-vance,Dolemite Is My Name,97
barbara-vandenburgh,Portrait of a Lady on Fire,100
barbara-vandenburgh,Les Misérables,70
barbara-vandenburgh,Just Mercy,60
barbara-vandenburgh,The Song of Names,50
barbara-vandenburgh,Little Women,70
barbara-vandenburgh,A Hidden Life,100
barbara-vandenburgh,Queen & Slim,70
barbara-vandenburgh,Frozen II,60
barbara-vandenburgh,The Report,40
barbara-vandenburgh,Ford v Ferrari,70
barbara-vandenburgh,Last Christmas,40
barbara-vandenburgh,First Love,70
barbara-vandenburgh,Brittany Runs a Marathon,70
barbara-vandenburgh,The Kitchen,50
barbara-vandenburgh,Tel Aviv on Fire,60
barbara-vandenburgh,Once Upon a Time In Hollywood,80
barbara-vandenburgh,Midsommar,70
barbara-vandenburgh,The Proposal,70
barbara-vandenburgh,The Last Black Man in San Francisco,70
barbara-vandenburgh,Late Night,60
barbara-vandenburgh,Aladdin,40
barbara-vandenburgh,All Is True,50
barbara-vandenburgh,John Wick: Chapter 3 - Parabellum,90
barbara-vandenburgh,Hail Satan?,70
barbara-vandenburgh,Hotel Mumbai,76
barbara-vandenburgh,The Mustang,80
barbara-vandenburgh,Captain Marvel,60
barbara-vandenburgh,Isn't It Romantic,40
barbara-vandenburgh,Alita: Battle Angel,50
barbara-vandenburgh,Arctic,70
barbara-vandenburgh,The LEGO Movie 2: The Second Part,70
barbara-vandenburgh,Destroyer,50
barbara-vandenburgh,Cold War,80
barbara-vandenburgh,The Aspern Papers,30
barbara-vandenburgh,Bumblebee,70
barbara-vandenburgh,Aquaman,40
barbara-vandenburgh,The House That Jack Built,80
barbara-vandenburgh,Spider-Man: Into the Spider-Verse,90
barbara-vandenburgh,Becoming Astrid,70
barbara-vandenburgh,At Eternity's Gate,70
barbara-vandenburgh,Widows,80
barbara-vandenburgh,Instant Family,50
barbara-vandenburgh,Green Book,60
barbara-vandenburgh,What They Had,80
barbara-vandenburgh,Galveston,50
barbara-vandenburgh,First Man,90
barbara-vandenburgh,Papillon,60
barbara-vandenburgh,The Spy Who Dumped Me,40
barbara-vandenburgh,Equalizer 2,80
barbara-vandenburgh,Hotel Transylvania 3: Summer Vacation,50
mike-vanderbil,Shakespeare's Shitstorm,40
mike-vanderbil,Spenser Confidential,56
mike-vanderbil,Bad Boys for Life,71
mike-vanderbil,Star Wars: The Rise of Skywalker,51
mike-vanderbil,Daniel Isn't Real,71
mike-vanderbil,VFW,79
mike-vanderbil,Phantom of Winnipeg,0
mike-vanderbil,Once Upon a Time In Hollywood,85
mike-vanderbil,Without Warning,0
mike-vanderbil,The Standoff at Sparrow Creek,78
mike-vanderbil,The Amityville Murders,6
mike-vanderbil,Fighting the Sky,0
mike-vanderbil,Upgrade,88
mike-vanderbil,Won't You Be My Neighbor?,97
mike-vanderbil,Top Knot Detective,100
mike-vanderbil,Let the Corpses Tan,76
mike-vanderbil,Summer of '84,72
mike-vanderbil,Buffalo Boys,79
mike-vanderbil,The Night Comes For Us,91
mike-vanderbil,It Comes At Night,87
mike-vanderbil,Baby Driver,92
mike-vanderbil,Solo: A Star Wars Story,69
mike-vanderbil,Star Wars: The Last Jedi,90
mike-vanderbil,Bliss,88
mike-vanderbil,Shaft,40
mike-vanderbil,Show Me the Picture: The Story of Jim Marshall,91
mike-vanderbil,Amazing Grace,99
mike-vanderbil,Tales from the Hood 2,75
mike-vanderbil,Nightmare Cinema,77
mike-vanderbil,Satanic Panic,62
mike-vanderbil,The Dead Don't Die,55
mike-vanderbil,Puppet Master: The Littlest Reich,70
mike-vanderbil,St. Agatha,64
mike-vanderbil,Halloween,79
mike-vanderbil,The Curse of La Llorona,28
emily-vanderwerff-14823,The Special Relationship,83
emily-vanderwerff-14823,The Sunset Limited,68
emily-vanderwerff-14823,The Half of It,50
emily-vanderwerff-14823,Trolls World Tour,70
emily-vanderwerff-14823,Portrait of a Lady on Fire,100
emily-vanderwerff-14823,Noelle,50
emily-vanderwerff-14823,Hustlers,90
emily-vanderwerff-14823,Deadwood: The Movie,90
emily-vanderwerff-14823,Live in Front of a Studio Audience: Norman Lear's 'All in the Family' and 'The Jeffersons',88
emily-vanderwerff-14823,Pokémon Detective Pikachu,70
emily-vanderwerff-14823,Mirai,90
emily-vanderwerff-14823,The LEGO Movie 2: The Second Part,60
emily-vanderwerff-14823,The Village,43
emily-vanderwerff-14823,You Were Never Really Here,80
emily-vanderwerff-14823,Vice,80
emily-vanderwerff-14823,Welcome to Marwen,30
emily-vanderwerff-14823,Mowgli: Legend of the Jungle,40
emily-vanderwerff-14823,The Stingiest Man in Town,100
emily-vanderwerff-14823,The Stingiest Man in Town,79
emily-vanderwerff-14823,The Life & Adventures of Santa Claus,63
emily-vanderwerff-14823,"Nestor, the Long-Eared Christmas Donkey",56
emily-vanderwerff-14823,Cricket on the Hearth,0
emily-vanderwerff-14823,The Little Drummer Boy,75
emily-vanderwerff-14823,Pinocchio's Christmas,20
emily-vanderwerff-14823,Rudolph and Frosty: Christmas in July,20
emily-vanderwerff-14823,Jack Frost,57
emily-vanderwerff-14823,Jack Frost,57
emily-vanderwerff-14823,Rudolph's Shiny New Year,50
emily-vanderwerff-14823,Santa Claus Is Comin' to Town,93
emily-vanderwerff-14823,The Christmas Chronicles,50
emily-vanderwerff-14823,Leprechaun's Christmas Gold,0
emily-vanderwerff-14823,Creed II,70
emily-vanderwerff-14823,Ralph Breaks the Internet,80
emily-vanderwerff-14823,The Year Without a Santa Claus,90
emily-vanderwerff-14823,Halloween,70
emily-vanderwerff-14823,Life Itself,20
emily-vanderwerff-14823,The Predator,50
emily-vanderwerff-14823,BlacKkKlansman,96
emily-vanderwerff-14823,Christopher Robin,70
emily-vanderwerff-14823,Hotel Transylvania 3: Summer Vacation,62
emily-vanderwerff-14823,Uncle Drew,61
emily-vanderwerff-14823,Book Club,70
emily-vanderwerff-14823,Solo: A Star Wars Story,69
emily-vanderwerff-14823,Avengers: Infinity War,85
emily-vanderwerff-14823,The Death of Stalin,90
emily-vanderwerff-14823,"Love, Simon",60
emily-vanderwerff-14823,Red Sparrow,70
emily-vanderwerff-14823,Black Panther,97
emily-vanderwerff-14823,The Man Who Invented Christmas,70
emily-vanderwerff-14823,"Roman J. Israel, Esq.",40
jean-francois-vandeuren,"Mystery, Alaska",70
jean-francois-vandeuren,Unstoppable,60
jean-francois-vandeuren,The Social Network,90
jean-francois-vandeuren,Prince of Persia: The Sands of Time,50
jean-francois-vandeuren,Micmacs,60
jean-francois-vandeuren,Sherlock Holmes,60
jean-francois-vandeuren,Inception,90
jean-francois-vandeuren,Green Zone,70
jean-francois-vandeuren,A Prophet,90
jean-francois-vandeuren,Kick-Ass,80
jean-francois-vandeuren,The Girlfriend Experience,80
jean-francois-vandeuren,Fish Tank,80
jean-francois-vandeuren,The Lovely Bones,50
jean-francois-vandeuren,The Secret Life of Words,70
jean-francois-vandeuren,Avatar,60
jean-francois-vandeuren,Kinatay,40
jean-francois-vandeuren,Daybreakers,60
jean-francois-vandeuren,Fantastic Mr. Fox,80
jean-francois-vandeuren,An Education,60
jean-francois-vandeuren,2012,50
jean-francois-vandeuren,Gran Torino,80
jean-francois-vandeuren,Extract,60
jean-francois-vandeuren,High Fidelity,80
jean-francois-vandeuren,Grosse Pointe Blank,70
jean-francois-vandeuren,District 9,70
jean-francois-vandeuren,G.I. Joe: The Rise of Cobra,40
jean-francois-vandeuren,500 Days of Summer,70
jean-francois-vandeuren,Gomorrah,80
jean-francois-vandeuren,Terminator Salvation,50
jean-francois-vandeuren,Waltz with Bashir,80
jean-francois-vandeuren,Polytechnique,70
jean-francois-vandeuren,Surveillance,70
jean-francois-vandeuren,Martyrs,80
jean-francois-vandeuren,The Day the Earth Stood Still,40
jean-francois-vandeuren,The Wrestler,80
jean-francois-vandeuren,District!,50
jean-francois-vandeuren,Persepolis,80
jean-francois-vandeuren,Man on Wire,80
jean-francois-vandeuren,Lupin III: The Castle of Cagliostro,60
jean-francois-vandeuren,Casshern,60
jean-francois-vandeuren,Caché,90
jean-francois-vandeuren,Alexandra's Project,40
jean-francois-vandeuren,Efter brylluppet,70
jean-francois-vandeuren,Aliens,80
jean-francois-vandeuren,Akira,80
jean-francois-vandeuren,Alien Resurrection,80
jean-francois-vandeuren,AVP - Alien Vs. Predator,40
jean-francois-vandeuren,American Splendor,80
jean-francois-vandeuren,National Lampoon's Animal House,70
jean-francois-vandeuren,Smiley Face,30
alani-vargas,"Batwoman:  Season 1 - O, Mouse!",71
alani-vargas,Batwoman:  Season 1 - Through the Looking-Glass,86
alani-vargas,Batwoman:  Season 1 - Drink Me,63
alani-vargas,Batwoman:  Season 1 - Take Your Choice,93
alani-vargas,Batwoman:  Season 1 - An Un-Birthday Present,86
alani-vargas,Batwoman:  Season 1 - How Queer Everything Is Today!,63
alani-vargas,Batwoman:  Season 1 - Crisis on Infinite Earths: Part Two,71
alani-vargas,Batwoman:  Season 1 - A Mad Tea-Party,86
alani-vargas,Batwoman:  Season 1 - Tell Me the Truth,71
alani-vargas,"Batwoman:  Season 1 - I'll Be Judge, I'll Be Jury",63
alani-vargas,Batwoman:  Season 1 - Mine Is a Long and a Sad Tale,79
alani-vargas,Batwoman:  Season 1 - Who Are You?,79
alani-vargas,Batwoman:  Season 1 - Down Down Down,71
alani-vargas,Batwoman:  Season 1 - The Rabbit Hole,71
alani-vargas,Batwoman:  Season 1 - Pilot,63
franco-varise,Apache: The Life of Carlos Tevez: Season 1,0
franco-varise,Monzón: A Knockout Blow: Season 1,0
sankeertana-varma,Jaanu,0
sankeertana-varma,Sye Raa Narasimha Reddy,57
sankeertana-varma,Majili,60
sankeertana-varma,Mithai,40
zach-vasquez,Saturday Night Live:  Season 46 - John Mulaney; The Strokes,86
zach-vasquez,Saturday Night Live:  Season 46 - Adele; H.E.R,90
zach-vasquez,Saturday Night Live:  Season 46 - Chris Rock; Megan Thee Stallion,29
zach-vasquez,Saturday Night Live:  Season 45 - At Home Episode,89
zach-vasquez,Saturday Night Live:  Season 45 - Saturday Night Live At Home,87
zach-vasquez,Saturday Night Live:  Season 45 - Daniel Craig; The Weeknd,80
zach-vasquez,Saturday Night Live:  Season 45 - John Mulaney; David Byrne,100
zach-vasquez,Saturday Night Live:  Season 45 - RuPaul; Justin Bieber,50
zach-vasquez,Saturday Night Live:  Season 45 - JJ Watt; Luke Combs,11
zach-vasquez,Saturday Night Live:  Season 45 - Adam Driver; Halsey,100
zach-vasquez,Saturday Night Live:  Season 45 - Eddie Murphy; Lizzo,100
zach-vasquez,Saturday Night Live:  Season 45 - Scarlett Johansson; Niall Horan,67
zach-vasquez,Saturday Night Live:  Season 45 - Jennifer Lopez; DaBaby,90
zach-vasquez,Saturday Night Live:  Season 45 - Will Ferrell; King Princess,80
zach-vasquez,Saturday Night Live:  Season 45 - Harry Styles,70
zach-vasquez,Saturday Night Live:  Season 45 - Kristen Stewart,30
zach-vasquez,Saturday Night Live:  Season 45 - Chance the Rapper,92
zach-vasquez,Saturday Night Live:  Season 45 - David Harbour; Camila Cabello,80
zach-vasquez,Saturday Night Live:  Season 45 - Phoebe Waller-Bridge; Taylor Swift,83
zach-vasquez,Saturday Night Live:  Season 45 - Woody Harrelson; Billie Eilish,36
zach-vasquez,Saturday Night Live:  Season 44 - Paul Rudd; DJ Khaled,83
zach-vasquez,Saturday Night Live:  Season 44 - Emma Thompson; Jonas Brothers,73
zach-vasquez,Saturday Night Live:  Season 44 - Adam Sandler; Shawn Mendes,91
zach-vasquez,Saturday Night Live:  Season 44 - Emma Stone; BTS,67
zach-vasquez,Saturday Night Live:  Season 44 - Kit Harrington; Sara Bareilles,75
zach-vasquez,Saturday Night Live:  Season 44 - Sandra Oh; Tame Impala,58
zach-vasquez,Saturday Night Live:  Season 44 - Idris Elba; Khalid,67
zach-vasquez,Saturday Night Live:  Season 44 - John Mulaney; Thomas Rhett,100
zach-vasquez,Saturday Night Live:  Season 44 - Don Cheadle; Gary Clark Jr.,64
zach-vasquez,Saturday Night Live:  Season 44 - Halsey,45
zach-vasquez,Saturday Night Live:  Season 44 - James McAvoy; Meek Mill,70
zach-vasquez,Saturday Night Live:  Season 44 - Rachel Brosnahan; Greta Van Fleet,69
zach-vasquez,Saturday Night Live:  Season 44 - Matt Damon; Mark Ronson & Miley Cyrus,80
zach-vasquez,Saturday Night Live:  Season 44 - Jason Momoa; Mumford & Sons,46
zach-vasquez,Saturday Night Live:  Season 44 - Claire Foy; Anderson .Paak,67
zach-vasquez,Saturday Night Live:  Season 44 - Steve Carell; Ella Mai,29
zach-vasquez,Saturday Night Live:  Season 44 - Liev Schreiber; Lil Wayne,73
zach-vasquez,Saturday Night Live:  Season 44 - Jonah Hill; Maggie Rogers,100
zach-vasquez,The Conners: Season 1,93
zach-vasquez,Saturday Night Live:  Season 44 - Seth Meyers; Paul Simon,69
zach-vasquez,Saturday Night Live:  Season 44 - Awkwafina; Travis Scott,15
zach-vasquez,Saturday Night Live:  Season 44 - Adam Driver; Kanye West,30
shea-vassa,Beans,100
shea-vassa,Shiva Baby,80
shea-vassa,Nomadland,80
shea-vassa,"Yes, God, Yes",90
shea-vassa,Sibyl,80
shea-vassa,The Whistlers,40
shea-vassa,Tigers Are Not Afraid,90
shea-vassa,Atlantics,80
shea-vassa,The Irishman,90
shea-vassa,Varda by Agnès,80
shea-vassa,Les Misérables,80
shea-vassa,Blood Quantum,70
ob-vaux,Color Out of Space,80
ob-vaux,Star Wars: The Rise of Skywalker,70
ob-vaux,Doctor Sleep,90
ob-vaux,Terminator: Dark Fate,70
ob-vaux,Maleficent: Mistress of Evil,40
ob-vaux,Gemini Man,60
ob-vaux,Joker,90
ob-vaux,It Chapter Two,60
ob-vaux,Ready or Not,70
ob-vaux,The Lion King,60
ob-vaux,Spider-Man: Far From Home,0
ob-vaux,The Last Unicorn,71
ob-vaux,Men in Black International,50
ob-vaux,Dark Phoenix,20
ob-vaux,Godzilla: King of the Monsters,40
ob-vaux,Aladdin,70
ob-vaux,Avengers: Endgame,90
ob-vaux,Shazam!,30
ob-vaux,Pet Sematary,40
ob-vaux,Us,90
ob-vaux,Captain Marvel,80
ob-vaux,The Death of Superman / Reign of the Supermen Double Feature,80
ob-vaux,Aquaman,60
ob-vaux,Mary Poppins Returns,100
ob-vaux,Mortal Engines,40
ob-vaux,Ralph Breaks the Internet,70
ob-vaux,Fantastic Beasts: The Crimes of Grindelwald,70
ob-vaux,The Grinch,40
ob-vaux,Halloween,80
ob-vaux,Bad Times at the El Royale,74
ob-vaux,Robot Chicken: Star Wars Episode III,0
ob-vaux,The Predator,40
ob-vaux,The Happytime Murders,40
ob-vaux,Ant-Man and the Wasp,75
ob-vaux,Jurassic World: Fallen Kingdom,0
ob-vaux,Incredibles 2,90
ob-vaux,Solo: A Star Wars Story,70
ob-vaux,Deadpool 2,50
ob-vaux,Avengers: Infinity War,80
ob-vaux,Ready Player One,80
ob-vaux,Tomb Raider,50
ob-vaux,Black Panther,80
ob-vaux,Justice League,60
ob-vaux,Please Stand By,58
ob-vaux,Mayhem,80
ob-vaux,Dr. Strangelove Or How I Learned to Stop Worrying and Love the Bomb,98
ob-vaux,Star Wars: The Last Jedi,90
ob-vaux,Gladiator,77
ob-vaux,Twelve Monkeys,89
ob-vaux,Monty Python's Life of Brian,95
pablo-vazquez,Red Moon Tide,80
pablo-vazquez,Papicha,80
pablo-vazquez,Queen of Hearts,60
pablo-vazquez,Öndög,80
pablo-vazquez,Judy,40
pablo-vazquez,Malasaña 32,60
pablo-vazquez,Richard Jewell,80
pablo-vazquez,Legado en los huesos,60
pablo-vazquez,Legado en los huesos,60
pablo-vazquez,Historias de nuestro cine,60
pablo-vazquez,Frozen II,60
pablo-vazquez,Mother,80
pablo-vazquez,If I Were Rich Man,80
pablo-vazquez,Abuelos,60
pablo-vazquez,Los Rodríguez y el más allá,80
pablo-vazquez,Four Hands,80
pablo-vazquez,The August Virgin,80
pablo-vazquez,Ibiza,60
pablo-vazquez,An Accidental Studio,60
pablo-vazquez,The Influence,60
pablo-vazquez,The Breadwinner,80
kiko-vega,Sweat,70
kiko-vega,"Endings, Beginnings",40
kiko-vega,Borat: Subsequent Moviefilm,80
kiko-vega,I'm Thinking of Ending Things,80
kiko-vega,The Paramedic,60
kiko-vega,The Vigil,60
kiko-vega,Hubie Halloween,80
kiko-vega,Corpus Christi,80
kiko-vega,Ane is Missing,70
kiko-vega,The King of Staten Island,80
kiko-vega,Unknown Origins,70
kiko-vega,Pelican Blood,80
kiko-vega,Last and First Men,100
kiko-vega,True History of the Kelly Gang,60
kiko-vega,Gremlins 2: The New Batch,70
kiko-vega,Little Joe,70
kiko-vega,Bacurau,80
kiko-vega,The Lovebirds,60
kiko-vega,Come to Daddy,80
kiko-vega,Becky,60
kiko-vega,The Wrong Missy,60
kiko-vega,Deerskin,100
kiko-vega,The Onania Club,70
kiko-vega,Beastie Boys Story,100
kiko-vega,Circus of Books,70
kiko-vega,The Little Hours,80
kiko-vega,Blow the Man Down,60
kiko-vega,The Hunt,80
kiko-vega,Coffee & Kareem,80
kiko-vega,Blood & Flesh: The Reel Life & Ghastly Death of Al Adamson,80
kiko-vega,Ropes,40
kiko-vega,Gretel & Hansel,70
kiko-vega,Jordi's Letters,60
kiko-vega,The Swallows of Kabul,80
kiko-vega,Öndög,60
kiko-vega,First Love,80
kiko-vega,Waves,50
kiko-vega,Fantasy Island,60
kiko-vega,Monos,60
kiko-vega,Ema,80
kiko-vega,Para toda la muerte,50
kiko-vega,Domino,50
kiko-vega,Bliss,70
kiko-vega,Historias de nuestro cine,70
kiko-vega,Adoration,80
kiko-vega,Good Boys,80
kiko-vega,Dora and the Lost City of Gold,85
kiko-vega,Dolemite Is My Name,80
kiko-vega,Gemini Man,60
kiko-vega,The Forest of Love,80
alonso-diaz-de-la-vega,Inside Llewyn Davis,92
alonso-diaz-de-la-vega,Nashville,90
alonso-diaz-de-la-vega,The Green Fog,96
alonso-diaz-de-la-vega,The King of Comedy,89
alonso-diaz-de-la-vega,Night Moves,86
alonso-diaz-de-la-vega,Unforgiven,96
alonso-diaz-de-la-vega,The Flower,95
alonso-diaz-de-la-vega,"Merry Christmas, Mr. Lawrence",82
alonso-diaz-de-la-vega,Diary of a Country Priest,95
alonso-diaz-de-la-vega,Midnight Family,97
alonso-diaz-de-la-vega,Manta Ray,100
alonso-diaz-de-la-vega,Waves,84
alonso-diaz-de-la-vega,Distant Constellation,84
alonso-diaz-de-la-vega,Land,80
alonso-diaz-de-la-vega,Uncut Gems,92
alonso-diaz-de-la-vega,Little Women,95
alonso-diaz-de-la-vega,Parasite,99
alonso-diaz-de-la-vega,Marriage Story,94
alonso-diaz-de-la-vega,The Guardian of Memory,100
alonso-diaz-de-la-vega,The Irishman,96
alonso-diaz-de-la-vega,The Dead Don't Die,55
alonso-diaz-de-la-vega,Notes on an Appearance,87
alonso-diaz-de-la-vega,Thunder Road,96
alonso-diaz-de-la-vega,Too Late to Die Young,70
alonso-diaz-de-la-vega,Joker,68
alonso-diaz-de-la-vega,Ad Astra,83
alonso-diaz-de-la-vega,Midsommar,83
alonso-diaz-de-la-vega,The Nothing Factory,80
alonso-diaz-de-la-vega,Asako I & II,77
alonso-diaz-de-la-vega,High Life,82
alonso-diaz-de-la-vega,Armed to the Teeth,0
alonso-diaz-de-la-vega,The Chambermaid,99
alonso-diaz-de-la-vega,The Wolf House,80
alonso-diaz-de-la-vega,Love Me Not,0
alonso-diaz-de-la-vega,The Image Book,90
alonso-diaz-de-la-vega,3 Faces,98
alonso-diaz-de-la-vega,Rolling Thunder Revue: A Bob Dylan Story By Martin Scorsese,92
alonso-diaz-de-la-vega,Ghost Tropic,100
alonso-diaz-de-la-vega,The Traitor,84
alonso-diaz-de-la-vega,Young Ahmed,59
alonso-diaz-de-la-vega,Matthias & Maxime,66
alonso-diaz-de-la-vega,The Halt,83
alonso-diaz-de-la-vega,Deerskin,87
alonso-diaz-de-la-vega,For the Money,71
alonso-diaz-de-la-vega,Tommaso,78
alonso-diaz-de-la-vega,Frankie,58
alonso-diaz-de-la-vega,Little Joe,68
alonso-diaz-de-la-vega,Beanpole,91
alonso-diaz-de-la-vega,The Lighthouse,90
alonso-diaz-de-la-vega,Joan of Arc,53
jim-vejvoda,The New Mutants,70
jim-vejvoda,Bill & Ted Face the Music,70
jim-vejvoda,Unhinged,60
jim-vejvoda,Capone,70
jim-vejvoda,True History of the Kelly Gang,0
jim-vejvoda,Blood Quantum,0
jim-vejvoda,The Last House on the Left,42
jim-vejvoda,Leap Year,23
jim-vejvoda,Fantasy Island,40
jim-vejvoda,Star Wars: The Rise of Skywalker,70
jim-vejvoda,Lady and the Tramp,0
jim-vejvoda,Terminator: Dark Fate,80
jim-vejvoda,It Chapter Two,70
jim-vejvoda,Joker,100
jim-vejvoda,The Kitchen,55
jim-vejvoda,Once Upon a Time In Hollywood,0
jim-vejvoda,Crawl,0
jim-vejvoda,Spider-Man: Far From Home,0
jim-vejvoda,Dark Phoenix,0
jim-vejvoda,Deadwood: The Movie,80
jim-vejvoda,John Wick: Chapter 3 - Parabellum,85
jim-vejvoda,Street Fighter: The Legend of Chun-Li,5
jim-vejvoda,Shazam!,0
jim-vejvoda,Pet Sematary,80
jim-vejvoda,The Curse of La Llorona,0
jim-vejvoda,Springsteen on Broadway,85
jim-vejvoda,Aquaman,75
jim-vejvoda,Bumblebee,70
jim-vejvoda,Mowgli: Legend of the Jungle,0
jim-vejvoda,Ralph Breaks the Internet,80
jim-vejvoda,The Girl in the Spider's Web,70
jim-vejvoda,Bohemian Rhapsody,0
jim-vejvoda,My Bloody Valentine 3-D,63
jim-vejvoda,Bad Times at the El Royale,0
jim-vejvoda,Halloween,90
jim-vejvoda,The Predator,65
jim-vejvoda,Outlaw King,0
jim-vejvoda,The Death of Superman,0
jim-vejvoda,Mission: Impossible - Fallout,0
jim-vejvoda,Solo: A Star Wars Story,70
jim-vejvoda,Rampage,55
jim-vejvoda,Suicide Squad: Hell to Pay,75
jim-vejvoda,Annihilation,75
jim-vejvoda,Black Panther,90
jim-vejvoda,The Shape of Water,0
jim-vejvoda,Justice League,70
jim-vejvoda,Thor: Ragnarok,0
jim-vejvoda,American Made,75
jim-vejvoda,Kingsman: The Golden Circle,85
jim-vejvoda,Valerian and the City of a Thousand Planets,0
julio-velez,Dragon Ball Super: Broly,80
julio-velez,Curvature,70
julio-velez,Selma,100
julio-velez,Doctor Who: Shada,70
julio-velez,Mazinger Z: Infinity,80
julio-velez,Orphan,50
julio-velez,Akira,100
julio-velez,Sword Art Online The Movie: Ordinal Scale,90
julio-velez,In This Corner of the World,100
julio-velez,The Beatles: Eight Days a Week - The Touring Years,90
julio-velez,Batman: Return Of The Caped Crusaders,94
julio-velez,Dragon Ball: Mystical Adventure,0
julio-velez,Boruto: Naruto The Movie,70
julio-velez,When Marnie Was There,100
julio-velez,Alvin and the Chipmunks: The Road Chip,60
julio-velez,Beasts of No Nation,90
julio-velez,Dragon Ball Z: Resurrection 'F',80
nick-venable,7 Days in Hell,86
nick-venable,The Robot Chicken Walking Dead Special: Look Who's Walking,90
nick-venable,Bone Tomahawk,80
nick-venable,Burying the Ex,60
nick-venable,Big Driver,70
nick-venable,ABCs of Death 2,80
malcolm-venable,Fyre,0
malcolm-venable,Dirty Dancing,19
malcolm-venable,Hairspray Live!,76
malcolm-venable,The Rocky Horror Picture Show: Let's Do the Time Warp Again,28
william-venegas,The Lighthouse,60
william-venegas,The Hitcher,19
william-venegas,Onward,60
william-venegas,The Invisible Man,80
william-venegas,The Gentlemen,100
william-venegas,Dark Waters,80
william-venegas,Corpus Christi,100
william-venegas,Uncut Gems,60
william-venegas,1917,60
william-venegas,Little Women,80
william-venegas,Bombshell,100
william-venegas,Jojo Rabbit,40
william-venegas,Official Secrets,100
william-venegas,Cats,20
william-venegas,Richard Jewell,100
william-venegas,La boda del tigre,40
william-venegas,Papicha,60
william-venegas,Parasite,100
william-venegas,Star Wars: The Rise of Skywalker,51
william-venegas,The Two Popes,89
william-venegas,Ford v Ferrari,60
william-venegas,21 Bridges,60
william-venegas,Knives Out,100
william-venegas,The Irishman,100
william-venegas,Frozen II,40
william-venegas,Motherless Brooklyn,60
william-venegas,Doctor Sleep,80
william-venegas,Carol,94
william-venegas,Terminator: Dark Fate,60
william-venegas,Tremors,60
william-venegas,Heroic Losers,80
william-venegas,Hustlers,60
william-venegas,The Laundromat,80
william-venegas,Dos Fridas,0
william-venegas,Gemini Man,20
william-venegas,Joker,100
william-venegas,Rambo: Last Blood,20
william-venegas,Abominable,81
william-venegas,"Extremely Wicked, Shockingly Evil and Vile",60
william-venegas,Ad Astra,100
william-venegas,Crawl,60
william-venegas,Yesterday,20
william-venegas,Te presento a mi novio,40
william-venegas,The Red Sea Diving Resort,40
william-venegas,Scary Stories to Tell in the Dark,60
william-venegas,Once Upon a Time In Hollywood,80
william-venegas,Dora and the Lost City of Gold,40
william-venegas,Angel Has Fallen,20
william-venegas,It Chapter Two,20
william-venegas,Todos somos Oscar,40
lauren-venezian,Let Him Go,80
lauren-venezian,Enola Holmes,80
lauren-venezian,Hubie Halloween,70
lauren-venezian,Charm City Kings,70
lauren-venezian,The Witches,80
lauren-venezian,Borat: Subsequent Moviefilm,70
lauren-venezian,Rebecca,40
lauren-venezian,After We Collided,80
lauren-venezian,Work It,70
lauren-venezian,The Kissing Booth 2,70
lauren-venezian,Chemical Hearts,80
lauren-venezian,The One and Only Ivan,80
lauren-venezian,Unhinged,70
lauren-venezian,Da 5 Bloods,90
lauren-venezian,The King of Staten Island,90
lauren-venezian,The High Note,90
lauren-venezian,Capone,70
lauren-venezian,Scoob!,70
lauren-venezian,The Half of It,70
lauren-venezian,"Endings, Beginnings",80
lauren-venezian,Fantasy Island,60
lauren-venezian,Like a Boss,70
lauren-venezian,Underwater,70
lauren-venezian,Love Wedding Repeat,70
lauren-venezian,The Gentlemen,70
lauren-venezian,Bloodshot,30
lauren-venezian,Emma.,80
lauren-venezian,The Hunt,80
lauren-venezian,Spenser Confidential,70
lauren-venezian,Onward,60
lauren-venezian,The Way Back,80
lauren-venezian,The Invisible Man,90
lauren-venezian,Downhill,90
lauren-venezian,The Photograph,80
lauren-venezian,To All the Boys: P.S. I Still Love You,90
lauren-venezian,Birds of Prey,100
lauren-venezian,The Rhythm Section,60
lauren-venezian,Bad Boys for Life,80
lauren-venezian,Joker,90
lauren-venezian,1917,80
lauren-venezian,Uncut Gems,90
lauren-venezian,Little Women,90
lauren-venezian,Cats,50
lauren-venezian,Bombshell,90
lauren-venezian,Star Wars: The Rise of Skywalker,80
lauren-venezian,Marriage Story,100
lauren-venezian,Waves,80
lauren-venezian,The Irishman,80
lauren-venezian,Queen & Slim,90
lauren-venezian,Knives Out,100
shikhar-verma,Wolfwalkers,70
shikhar-verma,IRL,50
shikhar-verma,Nine Days,80
shikhar-verma,Spark: A Burning Man Story,60
shikhar-verma,Gaza Mon Amour,70
shikhar-verma,Maze Runner: The Scorch Trials,40
shikhar-verma,Enemies of the State,60
shikhar-verma,The Disciple,80
shikhar-verma,Beasts Clawing at Straws,60
shikhar-verma,79 Parts,40
shikhar-verma,Gravity,80
shikhar-verma,Labyrinth of Cinema,60
shikhar-verma,The Mentor,20
shikhar-verma,Wildland,50
shikhar-verma,Dinner in America,60
shikhar-verma,Random Acts of Violence,50
shikhar-verma,Lapsis,70
shikhar-verma,For Sama,70
shikhar-verma,Never Rarely Sometimes Always,70
shikhar-verma,The Overnight,70
shikhar-verma,Aviva,60
shikhar-verma,All Is Well,70
shikhar-verma,Turbo Kid,50
shikhar-verma,Ema,70
shikhar-verma,The Rental,40
shikhar-verma,The Beach House,50
shikhar-verma,Shirley,80
shikhar-verma,The Bare Necessity,70
shikhar-verma,The Farewell,70
shikhar-verma,Game of Death,40
shikhar-verma,365 Days,10
shikhar-verma,Hush,60
shikhar-verma,Choked: Paisa Bolta Hai,50
shikhar-verma,Luce,70
shikhar-verma,Take Me Somewhere Nice,70
shikhar-verma,"Oslo, August 31st",90
shikhar-verma,Bad Education,70
shikhar-verma,To Let,70
shikhar-verma,Parasite,70
shikhar-verma,Les Misérables,70
shikhar-verma,Clementine,40
shikhar-verma,Nasir,60
shikhar-verma,The Occupant,60
shikhar-verma,Ad Astra,70
shikhar-verma,Little Women,70
shikhar-verma,Jackie & Ryan,60
shikhar-verma,Holy Motors,100
shikhar-verma,Ferris Bueller's Day Off,70
shikhar-verma,1917,70
shikhar-verma,Bacurau,70
james-verniere,Wolfwalkers,86
james-verniere,The Climb,71
james-verniere,City Hall,93
james-verniere,Let Him Go,56
james-verniere,The Life Ahead,86
james-verniere,Kindred,79
james-verniere,The True Adventures of Wolfboy,63
james-verniere,Come Play,56
james-verniere,Wolfman's Got Nards,71
james-verniere,The Craft: Legacy,56
james-verniere,Synchronic,86
james-verniere,Coming Home Again,86
james-verniere,Bad Hair,71
james-verniere,Borat: Subsequent Moviefilm,40
james-verniere,Martin Eden,86
james-verniere,Honest Thief,56
james-verniere,Rebecca,48
james-verniere,A Rainy Day in New York,71
james-verniere,The War with Grandpa,79
james-verniere,The Curse of Audrey Earnshaw,86
james-verniere,Possessor: Uncut,79
james-verniere,On The Rocks,71
james-verniere,The Glorias,56
james-verniere,The Boys in the Band,86
james-verniere,LX 2048,63
james-verniere,The Trial of the Chicago 7,86
james-verniere,Misbehaviour,79
james-verniere,Enola Holmes,86
james-verniere,Antebellum,56
james-verniere,Blackbird,71
james-verniere,The Secrets We Keep,71
james-verniere,The Devil All the Time,63
james-verniere,I Am Woman,86
james-verniere,All In: The Fight for Democracy,86
james-verniere,Mulan,93
james-verniere,Phineas and Ferb the Movie: Candace Against the Universe,79
james-verniere,The Personal History of David Copperfield,79
james-verniere,Bill & Ted Face the Music,32
james-verniere,All Together Now,71
james-verniere,Train to Busan Presents: Peninsula,79
james-verniere,Tesla,86
james-verniere,Unhinged,56
james-verniere,I Used to Go Here,79
james-verniere,Sputnik,79
james-verniere,The Bay of Silence,63
james-verniere,Waiting for the Barbarians,79
james-verniere,An American Pickle,56
james-verniere,Made in Italy,79
james-verniere,The Burnt Orange Heresy,86
james-verniere,Flannery,86
nick-veronin,Borat: Subsequent Moviefilm,86
nick-veronin,The Prey,73
nick-veronin,Finding Vivian Maier,75
jennifer-verzuh,The Lodge,74
jennifer-verzuh,After the Wedding,45
ethan-vestby,Dolemite Is My Name,56
ethan-vestby,A Faithful Man,79
ethan-vestby,Disappearance,64
ethan-vestby,Our Time,48
ethan-vestby,What You Gonna Do When the World's on Fire?,48
ethan-vestby,Hold the Dark,24
ethan-vestby,Let Me Fall,88
ethan-vestby,The Day I Lost My Shadow,67
ethan-vestby,In Fabric,71
ethan-vestby,Angel,50
ethan-vestby,Caniba,56
ethan-vestby,Scarred Hearts,71
ethan-vestby,Old Stone,94
ethan-vestby,My Entire High School Sinking Into the Sea,85
ethan-vestby,Jean of the Joneses,75
ethan-vestby,The Girl With All the Gifts,86
ethan-vestby,Barakah Meets Barakah,100
ethan-vestby,Miami,0
ethan-vestby,Custody,96
ethan-vestby,First Reformed,79
ethan-vestby,Jeannette: The Childhood of Joan of Arc,79
ethan-vestby,Darkest Hour,32
ethan-vestby,Thelma,56
ethan-vestby,Bodied,79
ethan-vestby,The Ornithologist,79
ethan-vestby,Hermia & Helena,86
ethan-vestby,By the Time It Gets Dark,63
ethan-vestby,The Human Surge,71
ethan-vestby,Apprentice,40
ethan-vestby,Resident Evil: The Final Chapter,79
ethan-vestby,Sully,100
ethan-vestby,The Death of Louis XIV,79
ethan-vestby,Raw,48
ethan-vestby,Justin Timberlake + The Tennessee Kids,63
ethan-vestby,The Woman Who Left,79
ethan-vestby,Salt and Fire,71
ethan-vestby,The Belko Experiment,56
ethan-vestby,The Assignment,71
ethan-vestby,How Heavy This Hammer,79
ethan-vestby,Donald Cried,71
ethan-vestby,The Girl With All the Gifts,48
ethan-vestby,Casualties of War,83
ethan-vestby,Greetings,88
ethan-vestby,Countdown,0
ethan-vestby,Lesson of the Evil,79
ethan-vestby,The Dirties,71
ethan-vestby,Big Ass Spider!,32
ethan-vestby,Big Bad Wolves,24
ethan-vestby,24 Exposures,63
ethan-vestby,Riaru: Kanzen naru kubinagaryû no hi,79
anna-mm-vetticad-18518,Kaali Khuhi,0
anna-mm-vetticad-18518,Dolly Kitty Aur Woh Chamakte Sitare,40
anna-mm-vetticad-18518,Sadak 2,0
anna-mm-vetticad-18518,Class of '83,70
anna-mm-vetticad-18518,Gunjan Saxena: The Kargil Girl,80
anna-mm-vetticad-18518,Dil Bechara,40
anna-mm-vetticad-18518,Sufiyum Sujatayum,30
anna-mm-vetticad-18518,Bulbbul,60
anna-mm-vetticad-18518,Choked: Paisa Bolta Hai,40
anna-mm-vetticad-18518,Gulabo Sitabo,70
anna-mm-vetticad-18518,English Medium,0
anna-mm-vetticad-18518,Baaghi 3,30
anna-mm-vetticad-18518,Thappad,70
anna-mm-vetticad-18518,Shubh Mangal Zyada Saavdhan,70
anna-mm-vetticad-18518,Panga,0
anna-mm-vetticad-18518,Big Brother,0
anna-mm-vetticad-18518,Jai Mummy Di,10
anna-mm-vetticad-18518,Chhapaak,50
anna-mm-vetticad-18518,Mardaani 2,80
anna-mm-vetticad-18518,Panipat,40
anna-mm-vetticad-18518,Marjaavaan,20
anna-mm-vetticad-18518,Pagalpanti,30
anna-mm-vetticad-18518,Adhya Rathri,0
anna-mm-vetticad-18518,Under World,0
anna-mm-vetticad-18518,Nalpathiyonnu,50
anna-mm-vetticad-18518,Pranaya Meenukalude Kadal,0
anna-mm-vetticad-18518,Marjaavaan,20
anna-mm-vetticad-18518,Bala,50
anna-mm-vetticad-18518,Drive,10
anna-mm-vetticad-18518,Saand Ki Aankh,70
anna-mm-vetticad-18518,The Sky Is Pink,60
anna-mm-vetticad-18518,War,40
anna-mm-vetticad-18518,The Zoya Factor,0
anna-mm-vetticad-18518,Finals,40
anna-mm-vetticad-18518,Dream Girl,50
anna-mm-vetticad-18518,Chhichhore,0
anna-mm-vetticad-18518,Kalki,0
anna-mm-vetticad-18518,Saaho,20
anna-mm-vetticad-18518,Jabariya Jodi,10
anna-mm-vetticad-18518,Khandaani Shafakhana,30
anna-mm-vetticad-18518,Judgementall Hai Kya,50
anna-mm-vetticad-18518,Super 30,40
anna-mm-vetticad-18518,Malaal,10
anna-mm-vetticad-18518,Unda,80
anna-mm-vetticad-18518,Thamasha,70
anna-mm-vetticad-18518,Article 15,90
anna-mm-vetticad-18518,Kabir Singh,20
anna-mm-vetticad-18518,Game Over,70
anna-mm-vetticad-18518,Bharat,40
anna-mm-vetticad-18518,India's Most Wanted,30
jeff-vice,Blended,30
jeff-vice,X-Men: Days of Future Past,90
jeff-vice,Million Dollar Arm,60
jeff-vice,Godzilla,70
jeff-vice,Last Vegas,40
jeff-vice,Thor: The Dark World,60
jeff-vice,About Time,60
jeff-vice,Dallas Buyers Club,80
jeff-vice,The Hobbit: The Desolation of Smaug,80
jeff-vice,Walking With Dinosaurs,40
jeff-vice,Grudge Match,40
jeff-vice,The Wind Rises,80
jeff-vice,300: Rise of an Empire,30
jeff-vice,Need For Speed,50
jeff-vice,The Raid 2,80
jeff-vice,Oculus,30
jeff-vice,Cuban Fury,60
jeff-vice,Disneynature Bears,60
jeff-vice,Fading Gigolo,60
jeff-vice,Transcendence,40
jeff-vice,Brick Mansions,26
jeff-vice,Rio 2,30
jeff-vice,Captain America: The Winter Soldier,90
jeff-vice,The Other Woman,30
jeff-vice,The Amazing Spider-Man 2,40
jeff-vice,Legends of Oz: Dorothy's Return,20
jeff-vice,Neighbors,70
jeff-vice,Cairo Time,63
jeff-vice,Going the Distance,50
jeff-vice,Restrepo,88
jeff-vice,Piranha 3-D,38
jeff-vice,The American,75
jeff-vice,The Last Exorcism,25
jeff-vice,Waking Sleeping Beauty,100
jeff-vice,Get Low,75
jeff-vice,Centurion,50
jeff-vice,Takers,38
jeff-vice,Wild Grass,68
jeff-vice,Life During Wartime,68
jeff-vice,Nanny McPhee Returns,76
jeff-vice,The Switch,52
jeff-vice,The Expendables,63
jeff-vice,Holy Rollers,50
jeff-vice,Eat Pray Love,50
jeff-vice,Scott Pilgrim vs. the World,75
jeff-vice,Step Up 3,50
jeff-vice,Coco Chanel & Igor Stravinsky,50
jeff-vice,The Other Guys,75
jeff-vice,Countdown to Zero,75
jeff-vice,Cats & Dogs: The Revenge of Kitty Galore,38
mia-vicino,Let Him Go,50
mia-vicino,Coming Home Again,50
mia-vicino,She Dies Tomorrow,75
mia-vicino,John Lewis: Good Trouble,96
mia-vicino,Charlie's Angels,52
mia-vicino,Ready or Not,88
mia-vicino,"Where'd You Go, Bernadette",50
mia-vicino,The Kitchen,24
mia-vicino,Men in Black International,50
mia-vicino,Booksmart,96
mia-vicino,Long Shot,81
mia-vicino,The Aftermath,50
mia-vicino,Miss Bala,25
megan-vick,The Last Summer,0
megan-vick,Grease: Live!,92
monique-vigneaul,The Wasteland,0
monique-vigneaul,Molecules,0
monique-vigneaul,Wasp Network,39
monique-vigneaul,Hope Gap,64
monique-vigneaul,Ema,89
monique-vigneaul,Simple Women,100
monique-vigneaul,Martin Eden,84
monique-vigneaul,Pain and Glory,97
monique-vigneaul,Portrait of a Lady on Fire,98
monique-vigneaul,The Goldfinch,24
monique-vigneaul,Barbara Rubin & the Exploding NY Underground,100
eric-vilas-boas,Borat: Subsequent Moviefilm,88
eric-vilas-boas,Invader Zim: Enter the Florpus,100
eric-vilas-boas,Rocko's Modern Life: Static Cling,92
pablo-villaca-5765,Borat: Subsequent Moviefilm,80
pablo-villaca-5765,Onward,80
pablo-villaca-5765,Bacurau,100
pablo-villaca-5765,The Edge of Democracy,100
pablo-villaca-5765,Judy,20
pablo-villaca-5765,Marriage Story,80
pablo-villaca-5765,1917,60
pablo-villaca-5765,Bombshell,60
pablo-villaca-5765,Little Women,80
pablo-villaca-5765,A Beautiful Day in the Neighborhood,80
pablo-villaca-5765,The Lighthouse,100
pablo-villaca-5765,Cats,20
pablo-villaca-5765,Invisible Life,80
pablo-villaca-5765,Knives Out,80
pablo-villaca-5765,It Must Be Heaven,100
pablo-villaca-5765,Star Wars: The Rise of Skywalker,40
pablo-villaca-5765,The Irishman,100
pablo-villaca-5765,Bixa Travesty,100
pablo-villaca-5765,Doctor Sleep,80
pablo-villaca-5765,Terminator: Dark Fate,80
pablo-villaca-5765,El Camino: A Breaking Bad Movie,80
pablo-villaca-5765,Gemini Man,40
pablo-villaca-5765,Joker,80
pablo-villaca-5765,It Chapter Two,40
pablo-villaca-5765,1922,60
pablo-villaca-5765,Once Upon a Time In Hollywood,80
pablo-villaca-5765,Toy Story 4,80
pablo-villaca-5765,Unremember,100
pablo-villaca-5765,Pain and Glory,80
pablo-villaca-5765,Midnight Family,80
pablo-villaca-5765,Dark Phoenix,40
pablo-villaca-5765,What She Said: The Art of Pauline Kael,80
pablo-villaca-5765,John Wick: Chapter 3 - Parabellum,80
pablo-villaca-5765,Rocketman,60
pablo-villaca-5765,Avengers: Endgame,100
pablo-villaca-5765,Us,80
pablo-villaca-5765,Captain Marvel,60
pablo-villaca-5765,Glass,40
pablo-villaca-5765,Aquaman,80
pablo-villaca-5765,Hard Paint,100
pablo-villaca-5765,Won't You Be My Neighbor?,100
pablo-villaca-5765,Utøya: July 22,80
pablo-villaca-5765,Leto,100
pablo-villaca-5765,Fantastic Beasts: The Crimes of Grindelwald,80
pablo-villaca-5765,Fahrenheit 451,20
pablo-villaca-5765,Solo: A Star Wars Story,60
pablo-villaca-5765,Annihilation,80
pablo-villaca-5765,Black Panther,80
pablo-villaca-5765,Phantom Thread,100
pablo-villaca-5765,Stronger,40
alberto-saez-villarino,Birds of Passage,0
alberto-saez-villarino,Wildlife,0
alberto-saez-villarino,Everybody Knows,0
alberto-saez-villarino,Parasite,0
alberto-saez-villarino,Portrait of a Lady on Fire,100
alberto-saez-villarino,The Lighthouse,80
alberto-saez-villarino,Matthias & Maxime,80
alberto-saez-villarino,The Traitor,80
alberto-saez-villarino,Once Upon a Time In Hollywood,100
alberto-saez-villarino,A Hidden Life,80
alberto-saez-villarino,The Dead Don't Die,60
alberto-saez-villarino,The Sisters Brothers,80
alberto-saez-villarino,Velvet Buzzsaw,80
alberto-saez-villarino,If Beale Street Could Talk,100
alberto-saez-villarino,The Favourite,100
alberto-saez-villarino,Sunset,60
alberto-saez-villarino,The Ballad of Buster Scruggs,80
alberto-saez-villarino,Dogman,100
alberto-saez-villarino,BlacKkKlansman,100
alberto-saez-villarino,Burning,100
alberto-saez-villarino,Petra,100
alberto-saez-villarino,First Man,80
alberto-saez-villarino,The Rider,80
alberto-saez-villarino,Sicario: Day of the Soldado,80
alberto-saez-villarino,Cold War,80
alberto-saez-villarino,Shoplifters,80
alberto-saez-villarino,The Wild Pear Tree,100
alberto-saez-villarino,Under the Silver Lake,80
alberto-saez-villarino,The House That Jack Built,100
alberto-saez-villarino,Climax,80
alberto-saez-villarino,Hostiles,60
alberto-saez-villarino,A Quiet Place,80
alberto-saez-villarino,In Syria,80
alberto-saez-villarino,Lucky,80
alberto-saez-villarino,Spotlight,80
alberto-saez-villarino,Lady Bird,100
alberto-saez-villarino,The Shape of Water,60
alberto-saez-villarino,The Light of the Moon,80
alberto-saez-villarino,Wonder Wheel,80
alberto-saez-villarino,Loving Vincent,80
alberto-saez-villarino,Thelma,80
alberto-saez-villarino,Logan Lucky,60
alberto-saez-villarino,Blade Runner 2049,100
alberto-saez-villarino,Detroit,80
alberto-saez-villarino,mother!,80
alberto-saez-villarino,Free Fire,80
alberto-saez-villarino,Directions,80
alberto-saez-villarino,In the Fade,40
alberto-saez-villarino,Based on a True Story,60
alberto-saez-villarino,You Were Never Really Here,100
phil-villarreal,Ammonite,63
phil-villarreal,Let Him Go,75
phil-villarreal,The Witches,75
phil-villarreal,Mulan,50
phil-villarreal,The Personal History of David Copperfield,63
phil-villarreal,Happy Happy Joy Joy: The Ren & Stimpy Story,88
phil-villarreal,Spaceship Earth,75
phil-villarreal,Song of the South,75
phil-villarreal,I Still Believe,38
phil-villarreal,Onward,75
phil-villarreal,The Invisible Man,75
phil-villarreal,Brahms: The Boy II,75
phil-villarreal,Sonic the Hedgehog,63
phil-villarreal,Birds of Prey,75
phil-villarreal,The Rhythm Section,50
phil-villarreal,The Gentlemen,75
phil-villarreal,Bad Boys for Life,75
phil-villarreal,Like a Boss,38
phil-villarreal,The Grudge,50
phil-villarreal,Uncut Gems,100
phil-villarreal,Star Wars: The Rise of Skywalker,75
phil-villarreal,Jumanji: The Next Level,63
phil-villarreal,Playmobil: The Movie,25
phil-villarreal,Playing with Fire,25
phil-villarreal,Knives Out,75
phil-villarreal,Frozen II,50
phil-villarreal,Charlie's Angels,50
phil-villarreal,Midway,88
phil-villarreal,Doctor Sleep,75
phil-villarreal,Terminator: Dark Fate,75
phil-villarreal,Countdown,38
phil-villarreal,Zombieland: Double Tap,75
phil-villarreal,Gemini Man,50
phil-villarreal,Joker,100
phil-villarreal,Abominable,25
phil-villarreal,Ad Astra,50
phil-villarreal,Hustlers,88
phil-villarreal,It Chapter Two,75
phil-villarreal,The Angry Birds Movie 2,75
phil-villarreal,Fast & Furious Presents: Hobbs & Shaw,75
phil-villarreal,Once Upon a Time In Hollywood,100
phil-villarreal,The Lion King,75
phil-villarreal,Crawl,50
phil-villarreal,Spider-Man: Far From Home,75
phil-villarreal,Yesterday,75
phil-villarreal,Toy Story 4,88
phil-villarreal,Men in Black International,25
phil-villarreal,Dark Phoenix,75
phil-villarreal,Aladdin,50
phil-villarreal,John Wick: Chapter 3 - Parabellum,88
brittany-vincen,The Promised Neverland: Season 1,0
brittany-vincen,Seis Manos: Season 1,100
brittany-vincen,Carole & Tuesday: Part 1,100
brittany-vincen,Cannon Busters: Season 1,100
brittany-vincen,Gurren Lagann: Season 1,100
elisabeth-vincentell,Rogue City,0
elisabeth-vincentell,What the Constitution Means to Me,100
elisabeth-vincentell,#Alive,88
elisabeth-vincentell,The Beach House,81
elisabeth-vincentell,Lost Bullet,86
elisabeth-vincentell,Blood Quantum,90
elisabeth-vincentell,The Plagues of Breslau,83
elisabeth-vincentell,Spenser Confidential,37
elisabeth-vincentell,One Cut of the Dead,100
elisabeth-vincentell,Lady and the Tramp,66
elisabeth-vincentell,Little Monsters,80
elisabeth-vincentell,Tall Girl,44
elisabeth-vincentell,Point Blank,38
elisabeth-vincentell,Murder Mystery,43
elisabeth-vincentell,The Legend of Cocaine Island,78
elisabeth-vincentell,Soni,88
elisabeth-vincentell,The World Is Yours,95
elisabeth-vincentell,A Very Murray Christmas,75
elisabeth-vincentell,The Wiz Live!,91
elisabeth-vincentell,Azur et Asmar,100
elisabeth-vincentell,Un Secret,80
elisabeth-vincentell,Priceless,80
elisabeth-vincentell,OSS 117: Le Caire Nid d'Espions,80
elisabeth-vincentell,Avenue Montaigne,0
brian-vine,Words on Bathroom Walls,80
brian-vine,A Christmas Gift from Bob,40
brian-vine,Stardust,40
brian-vine,Shirley,80
brian-vine,Relic,60
brian-vine,His House,60
brian-vine,Mogul Mowgli,80
brian-vine,The Burnt Orange Heresy,60
brian-vine,Rocks,80
brian-vine,The Devil All the Time,80
brian-vine,Bill & Ted Face the Music,40
brian-vine,David Attenborough: A Life on Our Planet,100
brian-vine,Eternal Beauty,60
brian-vine,The Forty-Year-Old Version,80
brian-vine,On The Rocks,60
brian-vine,The Trial of the Chicago 7,60
brian-vine,Waiting for the Barbarians,40
brian-vine,The Broken Hearts Gallery,40
brian-vine,The Roads Not Taken,60
brian-vine,The New Mutants,40
brian-vine,I'm Thinking of Ending Things,40
brian-vine,Mulan,60
brian-vine,The Duke,100
brian-vine,Papicha,80
brian-vine,Young Ahmed,60
brian-vine,An American Pickle,60
brian-vine,Make Up,60
brian-vine,The Vigil,60
brian-vine,Coda,60
brian-vine,Summerland,60
brian-vine,Proxima,80
brian-vine,Unhinged,20
brian-vine,Arkansas,40
brian-vine,Saint Frances,80
brian-vine,Come As You Are,80
brian-vine,Hamilton,60
brian-vine,The Booksellers,90
brian-vine,Ride Like a Girl,60
brian-vine,Eurovision Song Contest: The Story of Fire Saga,60
brian-vine,7500,70
brian-vine,Resistance,56
brian-vine,The King of Staten Island,80
brian-vine,A Rainy Day in New York,40
brian-vine,Echo In the Canyon,60
brian-vine,Dating Amber,80
brian-vine,Days of the Bagnold Summer,80
brian-vine,The Go-Between,80
brian-vine,Moffie,60
brian-vine,Extraction,40
brian-vine,The Host,20
ynthia-vinney,Mank,91
ynthia-vinney,Come Away,40
ynthia-vinney,Chick Fight,60
ynthia-vinney,Dreamland,80
ynthia-vinney,Hillbilly Elegy,30
ynthia-vinney,Flytrap,80
ynthia-vinney,The True Adventures of Wolfboy,78
ynthia-vinney,The Trial of the Chicago 7,91
ynthia-vinney,On The Rocks,86
ynthia-vinney,Henchmen,14
ynthia-vinney,Love and Monsters,91
ynthia-vinney,Rebecca,41
ynthia-vinney,Spontaneous,98
ynthia-vinney,Misbehaviour,84
ynthia-vinney,Bill & Ted Face the Music,82
ynthia-vinney,Waiting for the Barbarians,53
ynthia-vinney,Lake Michigan Monster,84
ynthia-vinney,The Vanished,15
ynthia-vinney,Most Wanted,69
ynthia-vinney,The Big Ugly,41
ynthia-vinney,Elvis from Outer Space,0
ynthia-vinney,Sometimes Always Never,83
ynthia-vinney,Greyhound,79
ynthia-vinney,Irresistible,40
ynthia-vinney,I Am Vengeance: Retaliation,44
ynthia-vinney,You Should Have Left,40
ynthia-vinney,Soundwave,85
ynthia-vinney,The Last Days of American Crime,0
ynthia-vinney,Hammer,79
ynthia-vinney,The Haunted,0
ynthia-vinney,Body Cam,44
ynthia-vinney,Scoob!,48
ynthia-vinney,Capone,41
ynthia-vinney,The Legion,0
ynthia-vinney,Robert the Bruce,44
ynthia-vinney,Why Don't You Just Die!,97
ynthia-vinney,Trolls World Tour,70
ynthia-vinney,Only,40
ynthia-vinney,To Your Last Death,67
ynthia-vinney,Onward,88
ynthia-vinney,Gretel & Hansel,66
ynthia-vinney,Maleficent: Mistress of Evil,39
ynthia-vinney,Gemini Man,26
ynthia-vinney,Abominable,81
graeme-virtue,"Balance, Not Symmetry",0
graeme-virtue,Brightburn,58
graeme-virtue,Booksmart,96
graeme-virtue,Dragged Across Concrete,76
graeme-virtue,At Eternity's Gate,80
graeme-virtue,Border,80
graeme-virtue,Instant Family,60
graeme-virtue,Vice,60
graeme-virtue,Stan & Ollie,92
graeme-virtue,The Old Man & the Gun,93
graeme-virtue,The Girl in the Spider's Web,39
graeme-virtue,They Live,86
graeme-virtue,- Guardia,0
graeme-virtue,One Direction: This Is Us,60
graeme-virtue,2 Guns,60
graeme-virtue,Red Dawn,40
graeme-virtue,Parker,40
pilot-virue,"Knock Knock, It's Tig Notaro",89
pilot-virue,The Mummy,16
pilot-virue,Beware the Slenderman,83
pilot-virue,Mascots,49
pilot-virue,Amanda Knox,82
gnatiy-vishnevetsky,Mank,56
gnatiy-vishnevetsky,Rebecca,40
gnatiy-vishnevetsky,The Wolf of Snow Hollow,71
gnatiy-vishnevetsky,A Rainy Day in New York,24
gnatiy-vishnevetsky,Alone,71
gnatiy-vishnevetsky,Sibyl,71
gnatiy-vishnevetsky,Tesla,56
gnatiy-vishnevetsky,The Tax Collector,32
gnatiy-vishnevetsky,Summerland,48
gnatiy-vishnevetsky,Radioactive,40
gnatiy-vishnevetsky,Greyhound,71
gnatiy-vishnevetsky,Wasp Network,56
gnatiy-vishnevetsky,The King of Staten Island,48
gnatiy-vishnevetsky,Tommaso,79
gnatiy-vishnevetsky,Joan of Arc,56
gnatiy-vishnevetsky,The Wrong Missy,32
gnatiy-vishnevetsky,On a Magical Night,63
gnatiy-vishnevetsky,Extraction,48
gnatiy-vishnevetsky,"Endings, Beginnings",24
gnatiy-vishnevetsky,Banana Split,48
gnatiy-vishnevetsky,Spenser Confidential,40
gnatiy-vishnevetsky,The Wild Goose Lake,71
gnatiy-vishnevetsky,The Whistlers,79
gnatiy-vishnevetsky,Vitalina Varela,79
gnatiy-vishnevetsky,The Last Thing He Wanted,40
gnatiy-vishnevetsky,"I Was at Home, But...",56
gnatiy-vishnevetsky,A Shaun the Sheep Movie: Farmageddon,56
gnatiy-vishnevetsky,And Then We Danced,56
gnatiy-vishnevetsky,The Rhythm Section,48
gnatiy-vishnevetsky,Zombi Child,71
gnatiy-vishnevetsky,Bad Boys for Life,48
gnatiy-vishnevetsky,Underwater,63
gnatiy-vishnevetsky,Jumanji: The Next Level,48
gnatiy-vishnevetsky,Richard Jewell,63
gnatiy-vishnevetsky,Queen & Slim,56
gnatiy-vishnevetsky,The Hottest August,63
gnatiy-vishnevetsky,Midway,48
gnatiy-vishnevetsky,Redoubt,56
gnatiy-vishnevetsky,Synonyms,63
gnatiy-vishnevetsky,Jay & Silent Bob Reboot,32
gnatiy-vishnevetsky,Mister America,56
gnatiy-vishnevetsky,Gemini Man,63
gnatiy-vishnevetsky,Memory: The Origins of Alien,56
gnatiy-vishnevetsky,The Death of Dick Long,63
gnatiy-vishnevetsky,Rambo: Last Blood,40
gnatiy-vishnevetsky,Ad Astra,86
gnatiy-vishnevetsky,Super Size Me 2: Holy Chicken!,48
gnatiy-vishnevetsky,Don't Let Go,48
gnatiy-vishnevetsky,Angel Has Fallen,48
gnatiy-vishnevetsky,Cold Case Hammarskjöld,63
dave-vitagliano,Raised by Wolves: Season 1,78
dave-vitagliano,Vikings: Season 6,70
dave-vitagliano,Van Helsing: Season 4,80
dave-vitagliano,Killjoys: Season 5,80
dave-vitagliano,Lucifer: Season 4,100
dave-vitagliano,Knightfall: Season 2,80
dave-vitagliano,Van Helsing: Season 3,0
dave-vitagliano,Killjoys: Season 4,90
dave-vitagliano,Knightfall: Season 1,80
dave-vitagliano,Vikings: Season 5,90
dave-vitagliano,Van Helsing: Season 2,0
dave-vitagliano,Van Helsing:  Season 2 - In Redemption,90
dave-vitagliano,Lucifer:  Season 3 - The One With the Baby Carrot,80
dave-vitagliano,Lucifer: Season 3,100
dave-vitagliano,Killjoys: Season 3,0
sarah-voon,Bombshell,80
sarah-voon,Red Joan,40
sarah-voon,The Happy Prince,80
sarah-voon,Yellow is Forbidden,80
sarah-voon,The Seagull,60
sarah-voon,"Westwood: Punk, Icon, Activist",80
sarah-voon,Ladies in Black,40
sarah-voon,McQueen,80
sarah-voon,Mary Shelley,60
sarah-voon,Paddington 2,100
sarah-voon,Film Stars Don't Die in Liverpool,60
sarah-voon,Wonder,60
jim-vorel,Train to Busan Presents: Peninsula,50
jim-vorel,Spree,0
jim-vorel,Villains,0
jim-vorel,Child's Play,0
jim-vorel,Halloween,0
jim-vorel,The Last Sharknado: It's About Time,45
jim-vorel,Tau,0
jim-vorel,Mute,0
jim-vorel,The Ritual,0
jim-vorel,The Cloverfield Paradox,70
jim-vorel,The Disaster Artist,80
jim-vorel,Trick 'r Treat,81
jim-vorel,Gerald's Game,80
jim-vorel,Sharknado 5: Global Swarming,40
jim-vorel,The Dark Tower,0
jim-vorel,Spider-Man: Homecoming,0
jim-vorel,Colossal,80
jim-vorel,Kong: Skull Island,65
jim-vorel,Logan,0
jim-vorel,John Wick: Chapter 2,0
jim-vorel,Split,80
jim-vorel,Passengers,0
jim-vorel,Rogue One: A Star Wars Story,0
jim-vorel,The Monster,0
jim-vorel,Godzilla Resurgence,75
jim-vorel,Doctor Strange,0
jim-vorel,Blair Witch,0
jim-vorel,Sharknado: The 4th Awakens,35
jim-vorel,Zoolander 2,50
jim-vorel,"Hail, Caesar!",0
jim-vorel,Victor Frankenstein,60
jim-vorel,Finders Keepers,0
jim-vorel,The Visit,0
jim-vorel,Fantastic Four,0
jim-vorel,Sharknado 3: Oh Hell No!,70
jim-vorel,Zombeavers,60
jim-vorel,The Keeping Room,0
jim-vorel,Sharknado 2: The Second One,65
jim-vorel,Godzilla,0
jim-vorel,Big Ass Spider!,75
jim-vorel,Ghost Shark,35
jim-vorel,Sharknado,70
lacey-vorrasi-banis,Good Girls: Season 2,79
lacey-vorrasi-banis,Good Girls: Season 1,71
lacey-vorrasi-banis,Grey's Anatomy: Season 14,71
ed-vulliamy,Maradona in Mexico: Limited Series,0
enuka-vyavahare,Gunjan Saxena: The Kargil Girl,80
enuka-vyavahare,Bulbbul,60
enuka-vyavahare,Game Over,60
enuka-vyavahare,Bharat,70
enuka-vyavahare,Godzilla: King of the Monsters,60
enuka-vyavahare,India's Most Wanted,70
enuka-vyavahare,PM Narendra Modi,50
enuka-vyavahare,A Dog's Journey,60
enuka-vyavahare,Romeo Akbar Walter,60
enuka-vyavahare,Junglee,70
enuka-vyavahare,Mard Ko Dard Nahi Hota,70
enuka-vyavahare,Photograph,60
enuka-vyavahare,Sonchiriya,70
enuka-vyavahare,Glass,70
enuka-vyavahare,Uri,70
enuka-vyavahare,Green Book,80
enuka-vyavahare,The Girl in the Spider's Web,70
enuka-vyavahare,First Man,90
enuka-vyavahare,Andhadhun,70
enuka-vyavahare,Village Rockstars,80
enuka-vyavahare,Manto,60
enuka-vyavahare,Love Sonia,60
enuka-vyavahare,Searching,90
enuka-vyavahare,Karwaan,70
enuka-vyavahare,Trapped,70
enuka-vyavahare,Ant-Man and the Wasp,80
enuka-vyavahare,Singh Is Bliing,60
enuka-vyavahare,You Were Never Really Here,80
enuka-vyavahare,The Wretched,67
enuka-vyavahare,Sonali Cable,40
enuka-vyavahare,Wedding Pullav,30
enuka-vyavahare,Deadpool 2,90
enuka-vyavahare,Tum Bin 2,60
enuka-vyavahare,The Perfect Girl,50
enuka-vyavahare,The Legend Of Michael Mishra,40
enuka-vyavahare,The Ghazi Attack,60
enuka-vyavahare,Tutak Tutak Tutiya,60
enuka-vyavahare,Sardaar Gabbar Singh,50
enuka-vyavahare,Saat Uchakkey,40
enuka-vyavahare,Rustom,80
enuka-vyavahare,Rock On 2,60
enuka-vyavahare,Ready Player One,80
enuka-vyavahare,Rahasya,50
enuka-vyavahare,Raaz Reboot,50
enuka-vyavahare,Qaidi Band,50
enuka-vyavahare,Poster Boys,70
enuka-vyavahare,Parathe Wali Gali,40
enuka-vyavahare,M.S. Dhoni: The Untold Story,70
enuka-vyavahare,Madaari,70
enuka-vyavahare,Dil Juunglee,50
vycevictus,Crazy Samurai Musashi,56
vycevictus,The Outpost,79
vycevictus,Da 5 Bloods,79
vycevictus,Rosewood,87
vycevictus,Capone,60
vycevictus,Brick Mansions,26
vycevictus,RoboCop,48
vycevictus,Patriots Day,80
vycevictus,Seoul Station,100
vycevictus,Twisted Justice,0
vycevictus,Belly,16
vycevictus,Zero Motivation,88
vycevictus,The Gunman,16
vycevictus,Home,51
vycevictus,Chocolate City,60
vycevictus,Dope,89
vycevictus,Beasts of No Nation,91
vycevictus,Ride Along 2,13
vycevictus,Gods Of Egypt,16
vycevictus,Do Not Resist,91
vycevictus,Bad Rap,70
vycevictus,The Wailing,99
vycevictus,Master and Commander: The Far Side of the World,85
vycevictus,The Final Countdown,47
vycevictus,300: Rise of an Empire,45
vycevictus,The Admiral: Roaring Currents,86
vycevictus,The Road to Mandalay,87
vycevictus,The Survival Family,0
vycevictus,Kingsman: The Golden Circle,51
vycevictus,Blade,56
vycevictus,Crimson Tide,88
vycevictus,G.I. Jane,51
vycevictus,Superfly,50
vycevictus,The Guardian,37
vycevictus,Operation Chromite,40
vycevictus,The Transfiguration,85
vycevictus,6 Underground,60
vycevictus,Feral,86
vycevictus,We Are the Heat,80
vycevictus,Uri,79
vycevictus,Burning,100
vycevictus,Upgrade,48
vycevictus,Rampage,63
vycevictus,Black Panther,79
vycevictus,Equalizer 2,71
