josh-jackson,I Am Mother,75
josh-jackson,Magic in the Moonlight,0
josh-jackson,Kung Fu Panda,87
josh-jackson,Harry Potter and the Deathly Hallows - Part 1,0
josh-jackson,Up,0
josh-jackson,The King's Speech,0
josh-jackson,Mud,0
josh-jackson,Sound City,0
josh-jackson,The Gatekeepers,0
josh-jackson,Crystal Fairy,0
josh-jackson,The Tree of Life,0
josh-jackson,How to Train Your Dragon,0
josh-jackson,Paul,0
josh-jackson,Rango,80
josh-jackson,The Green Hornet,0
josh-jackson,Gulliver's Travels,0
mark-jackson,The Patriot,80
mark-jackson,In Full Bloom,50
mark-jackson,Casablanca,90
mark-jackson,Gandhi,0
mark-jackson,The Croods,80
mark-jackson,Lion,90
mark-jackson,Secretariat,80
mark-jackson,National Velvet,80
mark-jackson,The Tree of Life,90
mark-jackson,Runner,80
mark-jackson,The Short History of the Long Road,0
mark-jackson,For Love of the Game,80
mark-jackson,Bull Durham,90
mark-jackson,Braveheart,90
mark-jackson,Thunderheart,80
mark-jackson,The Cowboys,60
mark-jackson,Blood and Money,50
mark-jackson,Annie Hall,90
mark-jackson,The Sunshine Boys,80
mark-jackson,Stand by Me,90
mark-jackson,Thelma & Louise,90
mark-jackson,Apollo 13,80
mark-jackson,Napoleon Dynamite,80
mark-jackson,Midnight Run,90
mark-jackson,Welcome to the Men's Group,40
mark-jackson,Click,60
mark-jackson,The Secret Life Of Walter Mitty,70
mark-jackson,The Milagro Beanfield War,90
mark-jackson,I Still Believe,60
mark-jackson,The Way Back,70
mark-jackson,Miracle,80
mark-jackson,Once Were Brothers: Robbie Robertson and The Band,70
mark-jackson,Buffaloed,70
mark-jackson,Birds of Prey,40
mark-jackson,The Rhythm Section,50
mark-jackson,The Last Full Measure,70
mark-jackson,The Gentlemen,70
mark-jackson,Bad Boys for Life,70
mark-jackson,Dolittle,20
mark-jackson,Mr. Smith Goes to Washington,80
mark-jackson,Underwater,50
mark-jackson,A Room With a View,90
mark-jackson,Uncut Gems,60
mark-jackson,Little Women,90
mark-jackson,Bombshell,50
mark-jackson,1917,80
mark-jackson,Richard Jewell,80
mark-jackson,12 Angry Men,90
mark-jackson,Enchanted April,60
mark-jackson,Dark Waters,80
hris-jackson,Nail in the Coffin: The Fall and Rise of Vampiro,80
hris-jackson,Class of 1999,80
hris-jackson,Leprechaun Returns,80
hris-jackson,Gremlin,50
hris-jackson,Blood Diner,90
hris-jackson,Shock Treatment,100
james-jackson,Black Classical Music: The Forgotten History,80
james-jackson,Return to Belsen,80
james-jackson,"Young, Sikh and Proud",80
james-jackson,Einstein's Quantum Riddle,80
james-jackson,Martin's Close,80
james-jackson,The Family Secret,80
james-jackson,Takaya: Lone Wolf,60
james-jackson,The Trouble with Naipaul,80
james-jackson,What's My Name: Muhammad Ali,80
james-jackson,Alastair Campbell: Depression and Me,80
james-jackson,Road to Brexit,60
james-jackson,"Raymond Briggs: Snowmen, Bogeymen & Milkmen",80
james-jackson,The Dead Room,80
james-jackson,Car Crash: Who's Lying?,80
james-jackson,Becoming Cary Grant,80
james-jackson,The Fires that Foretold Grenfell,100
james-jackson,The Bank That Almost Broke Britain,80
james-jackson,British Sitcom - 60 Years Of Laughing At Ourselves,60
james-jackson,Manchester: The Night of the Bomb,80
james-jackson,Can You Rebuild My Brain?,80
dan-jackson,American Murder: The Family Next Door,85
dan-jackson,Project Power,60
dan-jackson,The Tax Collector,19
dan-jackson,7500,70
dan-jackson,The Last Days of American Crime,0
dan-jackson,The Wrong Missy,33
dan-jackson,Capone,41
dan-jackson,Dangerous Lies,25
dan-jackson,Extraction,66
dan-jackson,Coffee & Kareem,20
dan-jackson,The Platform,79
dan-jackson,Possessor: Uncut,93
dan-jackson,Zola,89
dan-jackson,Spree,63
dan-jackson,Mucho Mucho Amor: The Legend of Walter Mercado,100
dan-jackson,The Mountains Are a Dream That Call to Me,80
dan-jackson,Bad Boys for Life,77
dan-jackson,Rolling Thunder Revue: A Bob Dylan Story By Martin Scorsese,92
dan-jackson,Deadwood: The Movie,98
dan-jackson,Fractured,59
dan-jackson,In the Shadow of the Moon,58
dan-jackson,American Factory,96
dan-jackson,The Red Sea Diving Resort,29
dan-jackson,Anima,100
dan-jackson,Child's Play,63
dan-jackson,Hellboy,18
dan-jackson,Dragged Across Concrete,76
dan-jackson,The Highwaymen,58
dan-jackson,Triple Frontier,71
dan-jackson,Cold Pursuit,69
dan-jackson,The Hole in the Ground,83
dan-jackson,Io,31
dan-jackson,Aquaman,65
dan-jackson,Outlaw King,61
dan-jackson,CAM,93
dan-jackson,The Night Comes For Us,91
dan-jackson,Apostle,78
dan-jackson,Private Life,94
dan-jackson,Quincy,82
dan-jackson,The After Party,0
dan-jackson,Mile 22,23
dan-jackson,The Package,42
dan-jackson,Christopher Robin,73
dan-jackson,Extinction,33
dan-jackson,Calibre,95
dan-jackson,Win It All,85
dan-jackson,Skyscraper,48
dan-jackson,The Week Of,27
dan-jackson,The First Purge,56
dan-jackson,The Titan,18
helsea-jackson,Titans: Season 2,81
helsea-jackson,Swamp Thing: Season 1,92
helsea-jackson,Doom Patrol: Season 1,96
helsea-jackson,Young Justice: Outsiders,95
kosoko-jackson,Waves,79
kosoko-jackson,It Chapter Two,0
lauren-michele-jackson,Time,99
eammon-jacobs,Knives Out,97
eammon-jacobs,It Chapter Two,63
eammon-jacobs,The Hummingbird Project,58
eammon-jacobs,The Death of Superman,80
laura-jacobs,First Cow,90
laura-jacobs,Empty Metal,70
azadeh-jafa,The Wild Goose Lake,92
azadeh-jafa,Fire Will Come,91
azadeh-jafa,Everybody Knows,78
azadeh-jafa,The Load,100
azadeh-jafa,3 Faces,98
azadeh-jafa,A Fish Out of Water,0
azadeh-jafa,3/4,83
kevin-jagernauth,Honey Bee,71
kevin-jagernauth,Echo Boomers,24
kevin-jagernauth,Mary & Martha,24
kevin-jagernauth,Dear Mr. Brody,0
kevin-jagernauth,Primal,24
kevin-jagernauth,Murmur,71
kevin-jagernauth,Mr. Jones,71
kevin-jagernauth,The Green Years,93
kevin-jagernauth,Change of Life,93
kevin-jagernauth,The August Virgin,71
kevin-jagernauth,The Sunset Limited,48
kevin-jagernauth,Days of the Whale,71
kevin-jagernauth,"Yes, God, Yes",40
kevin-jagernauth,Cinema Verite,61
kevin-jagernauth,Hemingway & Gellhorn,49
kevin-jagernauth,Holy Rollers: The True Story Of Card Counting Christians,71
kevin-jagernauth,Survivor,16
kevin-jagernauth,Insert Coin,63
kevin-jagernauth,Father,86
kevin-jagernauth,Death of Nintendo,48
kevin-jagernauth,Time,48
kevin-jagernauth,The Audition,24
kevin-jagernauth,Disco,40
kevin-jagernauth,7 Days in Hell,40
kevin-jagernauth,Domino,24
kevin-jagernauth,Lords of Chaos,24
kevin-jagernauth,Divine Love,79
kevin-jagernauth,The Kid Who Would Be King,93
kevin-jagernauth,Peppermint Soda,79
kevin-jagernauth,Sisters,79
kevin-jagernauth,After Everything,48
kevin-jagernauth,Too Big to Fail,71
kevin-jagernauth,The Cloverfield Paradox,56
kevin-jagernauth,Star Wars: The Last Jedi,79
kevin-jagernauth,Justice League,40
kevin-jagernauth,Thor: Ragnarok,71
kevin-jagernauth,The Snowman,0
kevin-jagernauth,Professor Marston & The Wonder Women,48
kevin-jagernauth,Euphoria,48
kevin-jagernauth,Kodachrome,48
kevin-jagernauth,Chappaquiddick,48
kevin-jagernauth,Let the Corpses Tan,71
kevin-jagernauth,Unicorn Store,56
kevin-jagernauth,Beast,48
kevin-jagernauth,Submergence,24
kevin-jagernauth,Outside In,79
kevin-jagernauth,Woman Walks Ahead,71
kevin-jagernauth,Disobedience,79
kevin-jagernauth,Mary Shelley,24
kevin-jagernauth,The Death of Stalin,79
david-jagneaux,Dragon's Dogma: Season 1,70
jeremy-jahns,Freaky,85
jeremy-jahns,Love and Monsters,91
jeremy-jahns,Hubie Halloween,51
jeremy-jahns,Mulan,74
jeremy-jahns,Tenet,71
jeremy-jahns,The New Mutants,32
jeremy-jahns,Bill & Ted Face the Music,82
jeremy-jahns,Project Power,60
jeremy-jahns,The Old Guard,81
jeremy-jahns,Guns Akimbo,52
jeremy-jahns,Hamilton,98
jeremy-jahns,Artemis Fowl,8
jeremy-jahns,Da 5 Bloods,92
jeremy-jahns,The King of Staten Island,74
jeremy-jahns,Turbo Kid,91
jeremy-jahns,The Lovebirds,65
jeremy-jahns,Scoob!,48
jeremy-jahns,Capone,41
jeremy-jahns,Bad Education,94
jeremy-jahns,Extraction,66
jeremy-jahns,Mortal Kombat Legends: Scorpion's Revenge,89
jeremy-jahns,Jay & Silent Bob Reboot,66
jeremy-jahns,Doom: Annihilation,43
jeremy-jahns,The Hunt,57
jeremy-jahns,Bloodshot,30
jeremy-jahns,The Way Back,84
jeremy-jahns,Impractical Jokers: The Movie,35
jeremy-jahns,The Invisible Man,91
jeremy-jahns,Brahms: The Boy II,9
jeremy-jahns,Onward,88
jeremy-jahns,The Call of the Wild,62
jeremy-jahns,Fantasy Island,7
jeremy-jahns,Sonic the Hedgehog,63
jeremy-jahns,Parasite,99
jeremy-jahns,Birds of Prey,78
jeremy-jahns,Jojo Rabbit,80
jeremy-jahns,Gretel & Hansel,66
jeremy-jahns,The Rhythm Section,28
jeremy-jahns,The Turning,11
jeremy-jahns,The Gentlemen,75
jeremy-jahns,Dolittle,14
jeremy-jahns,Bad Boys for Life,77
jeremy-jahns,Just Mercy,84
jeremy-jahns,Underwater,48
jeremy-jahns,The Grudge,20
jeremy-jahns,Uncut Gems,92
jeremy-jahns,Cats,20
jeremy-jahns,Star Wars: The Rise of Skywalker,51
jeremy-jahns,6 Underground,36
jeremy-jahns,Richard Jewell,77
kaveh-jalinous,Small Axe: Lovers Rock,65
aryn-james,A Call to Spy,72
aryn-james,The Road Up,0
aryn-james,Rebecca,40
aryn-james,Nasrin,0
aryn-james,On The Rocks,80
aryn-james,Nomadland,80
aryn-james,Ammonite,100
aryn-james,The Violent Heart,0
aryn-james,I Am Greta,80
aryn-james,Chemical Hearts,62
aryn-james,Shine Your Eyes,100
aryn-james,Jimmy Carter: Rock & Roll President,94
aryn-james,9to5: The Story of A Movement,100
aryn-james,Da 5 Bloods,100
aryn-james,The Rat Pack,57
aryn-james,Tomboy,71
aryn-james,The Nutcracker Prince,14
aryn-james,The Hunt,60
aryn-james,Rodgers & Hammerstein's Cinderella,86
aryn-james,Emma.,87
aryn-james,1917,100
aryn-james,Little Women,100
aryn-james,Bombshell,80
aryn-james,The Apollo,95
aryn-james,Jane Austen's Emma,88
aryn-james,Queen & Slim,100
aryn-james,The Lion King II: Simba's Pride,62
aryn-james,He Dreams of Giants,71
aryn-james,Maleficent: Mistress of Evil,60
aryn-james,The Irishman,80
aryn-james,Nightjohn,100
aryn-james,A Beautiful Day in the Neighborhood,80
aryn-james,Knives Out,60
aryn-james,Downton Abbey,60
aryn-james,The Goldfinch,60
aryn-james,The Giant,46
aryn-james,The Personal History of David Copperfield,80
aryn-james,The Cave,97
aryn-james,The Art of Racing in the Rain,43
aryn-james,Otherhood,23
aryn-james,The Lion King,80
aryn-james,Yesterday,80
aryn-james,Blowing Up Right Now,0
aryn-james,Rolling Thunder Revue: A Bob Dylan Story By Martin Scorsese,92
aryn-james,Dark Phoenix,40
aryn-james,The Sun Is Also a Star,51
aryn-james,Booksmart,80
aryn-james,2/1,56
aryn-james,Blow the Man Down,98
aryn-james,Long Shot,60
kendra-james,The Lion King,52
kendra-james,Aladdin,57
kendra-james,Dumbo,46
kendra-james,Captain Marvel,79
kendra-james,Get Out,98
kendra-james,The Beguiled,79
ommy-james,The Babysitter,70
dante-james,What Killed Michael Brown?,90
dante-james,The Stand: How One Gesture Shook the World,70
dante-james,Da 5 Bloods,60
dante-james,Uncle Tom,70
dante-james,Risen: The Story of Chron ''Hell Razah'' Smith,90
dante-james,Rag Doll,60
dante-james,"Hello, Privilege. It's Me, Chelsea",60
dante-james,Dave Chappelle: Sticks & Stones,100
dante-james,The Night Sitter,30
dante-james,John Wick: Chapter 3 - Parabellum,90
dante-james,One Child Nation,100
dante-james,Rich Kids,80
dante-james,2050,50
dante-james,Abe,60
dante-james,Sweetheart,70
dante-james,Mope,80
dante-james,The Last Tree,80
dante-james,Creed II,90
dante-james,The ToyBox,50
dante-james,Bikini Moon,60
dante-james,Studio 54,100
dante-james,Monsoon,50
dante-james,Kingsway,50
dante-james,The Warriors,100
dante-james,Unfriended: Dark Web,70
dante-james,The First Purge,70
dante-james,The Valley,60
dante-james,Soft Matter,10
dante-james,Broken Ceiling,70
dante-james,A Swingers Weekend,30
dante-james,Wild Honey Pie!,50
dante-james,Rogers Park,90
dante-james,Caniba,50
dante-james,Wrestle,80
dante-james,Scary Mother,60
dante-james,Sweet Country,80
dante-james,Mighty Ground,80
dante-james,A Wrinkle in Time,50
dante-james,Driving While Black,70
hristopher-james,The Life Ahead,75
hristopher-james,Blackbird,63
hristopher-james,The Boys in the Band,88
hristopher-james,What the Constitution Means to Me,93
hristopher-james,Over the Moon,88
hristopher-james,To All the Boys: P.S. I Still Love You,75
hristopher-james,Weathering with You,75
hristopher-james,The Truth,50
hristopher-james,The Kingmaker,75
hristopher-james,Togo,75
hristopher-james,Frankie,63
hristopher-james,Honey Boy,88
hristopher-james,Seven Samurai,100
hristopher-james,Good Boys,63
hristopher-james,Wild Rose,88
hristopher-james,Crawl,25
hristopher-james,The Biggest Little Farm,88
hristopher-james,"Hello, Dolly! 50th Anniversary Presented By TCM",88
hristopher-james,Hail Satan?,88
hristopher-james,Red Joan,38
hristopher-james,The Bad Seed,50
hristopher-james,A Woman Under the Influence,100
hristopher-james,A Raisin in the Sun,100
hristopher-james,"Goodbye, Mr. Chips",63
hristopher-james,Day for Night,100
hristopher-james,Apollo 11,88
hristopher-james,Rent Live,50
hristopher-james,Fyre,88
hristopher-james,Fyre Fraud,63
hristopher-james,Dumplin',88
hristopher-james,A Christmas Prince: The Royal Wedding,25
hristopher-james,The Princess Switch,50
hristopher-james,The Christmas Chronicles,75
hristopher-james,El Angel,63
hristopher-james,The Grinch,63
hristopher-james,Shoplifters,100
hristopher-james,The Great Pretender,25
hristopher-james,Relaxer,25
hristopher-james,They'll Love Me When I'm Dead,75
hristopher-james,Out of Iraq,75
hristopher-james,Political Animals,88
hristopher-james,The Sweet Life,38
hristopher-james,Wiener-Dog,75
hristopher-james,Mike and Dave Need Wedding Dates,63
hristopher-james,Florence Foster Jenkins,75
hristopher-james,Buster's Mal Heart,50
hristopher-james,It's Only the End of the World,75
hristopher-james,The Most Hated Woman In America,50
hristopher-james,Queen of the Desert,38
hristopher-james,Colossal,88
becca-james,The Pale Door,51
becca-james,Vinyl Nation,100
becca-james,Archive,71
becca-james,Porno,81
becca-james,Becky,72
becca-james,1BR,86
becca-james,Straight Up,92
becca-james,A Good Woman Is Hard to Find,92
becca-james,The Turning,11
becca-james,Brahms: The Boy II,9
alexandra-james,Father Soldier Son,91
doug-jamieson,Freaky,70
doug-jamieson,Hillbilly Elegy,40
doug-jamieson,Wolfwalkers,90
doug-jamieson,Cicada,90
doug-jamieson,Padrenostro,60
doug-jamieson,Notturno,80
doug-jamieson,Charlatan,60
doug-jamieson,Dear Comrades,80
doug-jamieson,Summer of 85,60
doug-jamieson,Belushi,80
doug-jamieson,Apples,70
doug-jamieson,The Dark and the Wicked,80
doug-jamieson,The Life Ahead,80
doug-jamieson,The Father,90
doug-jamieson,The Witches,50
doug-jamieson,Borat: Subsequent Moviefilm,90
doug-jamieson,Shithouse,80
doug-jamieson,Rebecca,60
doug-jamieson,Over the Moon,80
doug-jamieson,Totally Under Control,80
doug-jamieson,The Forty-Year-Old Version,80
doug-jamieson,The Trial of the Chicago 7,80
doug-jamieson,Possessor: Uncut,80
doug-jamieson,The Glorias,80
doug-jamieson,Stage Mother,60
doug-jamieson,Gossamer Folds,80
doug-jamieson,Breaking Fast,70
doug-jamieson,The Boys in the Band,80
doug-jamieson,Sound of Metal,80
doug-jamieson,On The Rocks,80
doug-jamieson,Last Call,80
doug-jamieson,The Secrets We Keep,60
doug-jamieson,The Devil All the Time,70
doug-jamieson,The Broken Hearts Gallery,70
doug-jamieson,After We Collided,30
doug-jamieson,I'm Thinking of Ending Things,80
doug-jamieson,Mulan,80
doug-jamieson,Antebellum,40
doug-jamieson,The New Mutants,40
doug-jamieson,Dinner in America,90
doug-jamieson,Bleed with Me,70
doug-jamieson,Bill & Ted Face the Music,70
doug-jamieson,12 Hour Shift,60
doug-jamieson,I Am Woman,60
doug-jamieson,Class Action Park,70
doug-jamieson,Crazy Samurai Musashi,60
doug-jamieson,Tenet,70
doug-jamieson,The Columnist,80
doug-jamieson,The One and Only Ivan,80
doug-jamieson,Sequin in a Blue Room,80
sarah-jane,My Darling Vivian,95
lily-janiak,Hamilton,100
lily-janiak,We Are Freestyle Love Supreme,75
lily-janiak,House In The Alley,25
lily-janiak,Shepard & Dark,86
lily-janiak,36 Saints,0
lily-janiak,No Place On Earth,80
lily-janiak,Cuchillo de palo,100
lily-janiak,Mariachi Gringo,43
gavin-jaspe,"Nestor, the Long-Eared Christmas Donkey",56
gavin-jaspe,Leprechaun: Origins,50
ken-jaworowsk,Human Nature,97
ken-jaworowsk,Afterward,88
ken-jaworowsk,Everybody's Everything,100
ken-jaworowsk,To Be of Service,0
ken-jaworowsk,Adopt a Highway,69
ken-jaworowsk,Western Stars,94
ken-jaworowsk,The Current War: Director's Cut,61
ken-jaworowsk,The Elephant Queen,91
ken-jaworowsk,Back to the Fatherland,44
ken-jaworowsk,16 Shots,88
ken-jaworowsk,Pavarotti,87
ken-jaworowsk,The Russian Five,100
ken-jaworowsk,The Spy Behind Home Plate,77
ken-jaworowsk,Walking on Water,88
ken-jaworowsk,Chasing Portraits,88
ken-jaworowsk,Satan & Adam,83
ken-jaworowsk,Reinventing Rosalee,0
ken-jaworowsk,Who Will Write Our History,92
ken-jaworowsk,People's Republic of Desire,97
ken-jaworowsk,Family in Transition,100
ken-jaworowsk,Weightless,58
ken-jaworowsk,Foreign Land,0
ken-jaworowsk,On Her Shoulders,96
ken-jaworowsk,The Sentence,90
ken-jaworowsk,Bikini Moon,60
ken-jaworowsk,Sadie,76
ken-jaworowsk,A Crooked Somebody,80
ken-jaworowsk,Shine,50
ken-jaworowsk,Cruise,38
ken-jaworowsk,Goyo: The Boy General,0
ken-jaworowsk,Call Her Ganda,100
ken-jaworowsk,I Think We're Alone Now,63
ken-jaworowsk,Letter from Masanjia,100
ken-jaworowsk,American Chaos,66
ken-jaworowsk,Active Measures,81
ken-jaworowsk,The Rest I Make Up,0
ken-jaworowsk,Do You Trust this Computer?,71
ken-jaworowsk,The Bleeding Edge,100
ken-jaworowsk,Teen Titans Go! To the Movies,91
ken-jaworowsk,The Workers Cup,82
ken-jaworowsk,The Doctor from India,40
ken-jaworowsk,In Darkness,47
ken-jaworowsk,Dark Crimes,0
ken-jaworowsk,The Most Unknown,83
ken-jaworowsk,Breaking In,27
ken-jaworowsk,Anything,67
ken-jaworowsk,Mountain,87
ken-jaworowsk,Becoming Who I Was,100
ken-jaworowsk,The Test & The Art of Thinking,100
ken-jaworowsk,After Auschwitz,100
michelle-jaworsk,Time,100
michelle-jaworsk,The Trial of the Chicago 7,80
michelle-jaworsk,David Byrne's American Utopia,100
michelle-jaworsk,Mulan,70
michelle-jaworsk,An American Pickle,60
michelle-jaworsk,Palm Springs,90
michelle-jaworsk,Crip Camp: A Disability Revolution,90
michelle-jaworsk,Miss Americana,70
michelle-jaworsk,Zola,80
michelle-jaworsk,Cuties,60
michelle-jaworsk,Promising Young Woman,80
michelle-jaworsk,Wendy,70
michelle-jaworsk,Uncut Gems,80
michelle-jaworsk,Bully. Coward. Victim. The Story of Roy Cohn,60
michelle-jaworsk,Tell Me Who I Am,80
michelle-jaworsk,Motherless Brooklyn,50
michelle-jaworsk,The Irishman,80
michelle-jaworsk,Bacurau,80
michelle-jaworsk,Atlantics,70
michelle-jaworsk,XY Chelsea,60
michelle-jaworsk,Gay Chorus Deep South,60
michelle-jaworsk,Game of Thrones: The Last Watch,70
michelle-jaworsk,American Factory,70
michelle-jaworsk,At the Heart of Gold: Inside the USA Gymnastics Scandal,80
michelle-jaworsk,Ask Dr. Ruth,70
michelle-jaworsk,Avengers: Endgame,70
michelle-jaworsk,Shazam!,80
michelle-jaworsk,The Boy Who Harnessed the Wind,70
michelle-jaworsk,Shoplifters,90
michelle-jaworsk,High Flying Bird,80
michelle-jaworsk,Velvet Buzzsaw,70
michelle-jaworsk,Ánimas,50
michelle-jaworsk,The American Meme,60
michelle-jaworsk,Jonathan,60
michelle-jaworsk,Liz and the Blue Bird,80
michelle-jaworsk,Fantastic Beasts: The Crimes of Grindelwald,50
michelle-jaworsk,Sierra Burgess Is a Loser,60
michelle-jaworsk,The Bleeding Edge,70
michelle-jaworsk,Zoe,50
michelle-jaworsk,Ant-Man and the Wasp,87
michelle-jaworsk,Cargo,80
michelle-jaworsk,The Rachel Divide,50
michelle-jaworsk,"Tiny Shoulders, Rethinking Barbie",80
michelle-jaworsk,Sunday's Illness,80
michelle-jaworsk,Mary and The Witch's Flower,89
michelle-jaworsk,Jumanji: Welcome to the Jungle,76
michelle-jaworsk,Beware the Slenderman,83
michelle-jaworsk,Batman: Return Of The Caped Crusaders,94
michelle-jaworsk,Hidden Figures,93
morgan-jeffery,Red Dwarf: The Promised Land,60
morgan-jeffery,Skyscraper,60
morgan-jeffery,- Digital Sp,0
stuart-jeffries,Everything: The Real Thing Story,100
stuart-jeffries,The Kemps: All True,60
stuart-jeffries,What's My Name: Muhammad Ali,80
stuart-jeffries,Rich Hall's Red Menace,80
stuart-jeffries,Inside the Social Network: Facebook's Difficult Year,40
stuart-jeffries,The Last Survivors,100
stuart-jeffries,David Bowie: Finding Fame,80
diego-jemio,Social Distance: Season 1,55
diego-jemio,The Duchess: Season 1,63
diego-jemio,The Great Heist,60
diego-jemio,Lambs of God: Season 1,100
diego-jemio,El Presidente: Season 1,100
diego-jemio,Girls from Ipanema,100
diego-jemio,Almost Happy: Season 1,0
diego-jemio,The Valhalla Murders: Season 1,83
diego-jemio,Bauhaus - A New Era: Season 1,0
diego-jemio,"Sex, Explained: Limited Series",100
diego-jemio,Cheer: Season 1,96
diego-jemio,After Life: Season 2,76
diego-jemio,The Family: Limited Series,80
diego-jemio,El rey del valle,0
diego-jemio,More Tales Of The City: Season 1,75
diego-jemio,High Seas,0
diego-jemio,Good Girls: Season 1,63
diego-jemio,Chernobyl: Miniseries,96
diego-jemio,Unauthorized Living,0
diego-jemio,After Life: Season 1,73
diego-jemio,The Innocent Man: Season 1,74
diego-jemio,Valley of the Boom: Miniseries,72
diego-jemio,Patrick Melrose: Miniseries,90
mark-jenkins,This Is Not a Movie,75
mark-jenkins,Unpregnant,63
mark-jenkins,Fisherman's Friends,50
mark-jenkins,John Lewis: Good Trouble,75
mark-jenkins,A Regular Woman,63
mark-jenkins,Why Don't You Just Die!,97
mark-jenkins,I Still Believe,50
mark-jenkins,Sorry We Missed You,87
mark-jenkins,The Whistlers,83
mark-jenkins,Onward,50
mark-jenkins,The Night Clerk,36
mark-jenkins,Buffaloed,78
mark-jenkins,The Rhythm Section,28
mark-jenkins,Color Out of Space,86
mark-jenkins,A Hidden Life,81
mark-jenkins,The Kingmaker,75
mark-jenkins,Queen & Slim,82
mark-jenkins,Dark Waters,90
mark-jenkins,The Warrior Queen of Jhansi,38
mark-jenkins,Harriet,74
mark-jenkins,The Current War: Director's Cut,61
mark-jenkins,Western Stars,63
mark-jenkins,Loro,79
mark-jenkins,Monos,92
mark-jenkins,Vita & Virginia,42
mark-jenkins,One Child Nation,88
mark-jenkins,After the Wedding,45
mark-jenkins,Tel Aviv on Fire,90
mark-jenkins,I Do Not Care If We Go Down in History as Barbarians,96
mark-jenkins,The Plagiarists,77
mark-jenkins,16 Shots,88
mark-jenkins,The Fall of the American Empire,60
mark-jenkins,The Tomorrow Man,38
mark-jenkins,The Souvenir,89
mark-jenkins,Shadow,94
mark-jenkins,Breakthrough,50
mark-jenkins,Little,25
mark-jenkins,Long Day's Journey Into Night,93
mark-jenkins,High Life,63
mark-jenkins,The Best of Enemies,63
mark-jenkins,The Chaperone,46
mark-jenkins,Ash Is Purest White,99
mark-jenkins,Mapplethorpe,38
mark-jenkins,Giant Little Ones,50
mark-jenkins,Climax,68
mark-jenkins,Apollo 11,75
mark-jenkins,Hotel by the River,95
mark-jenkins,Cold Pursuit,63
mark-jenkins,Arctic,90
mark-jenkins,Who Will Write Our History,92
david-jenkins,The Burnt Orange Heresy,60
david-jenkins,Being a Human Person,80
david-jenkins,Time,80
david-jenkins,Limbo,92
david-jenkins,Les Misérables,60
david-jenkins,The Traitor,80
david-jenkins,Litigante,80
david-jenkins,Eurovision Song Contest: The Story of Fire Saga,60
david-jenkins,Citizens of the World,60
david-jenkins,Days of the Bagnold Summer,60
david-jenkins,Guest of Honour,40
david-jenkins,"Krabi, 2562",80
david-jenkins,The Whistlers,60
david-jenkins,Extraction,20
david-jenkins,Fire Will Come,80
david-jenkins,Cunningham,60
david-jenkins,Calm with Horses,60
david-jenkins,Toni Morrison: The Pieces I Am,80
david-jenkins,Little Joe,80
david-jenkins,Underwater,40
david-jenkins,Queen & Slim,40
david-jenkins,Star Wars: The Rise of Skywalker,40
david-jenkins,Shooting the Mafia,60
david-jenkins,Atlantics,80
david-jenkins,Knives Out,80
david-jenkins,Little Women,100
david-jenkins,21 Bridges,20
david-jenkins,Ford v Ferrari,60
david-jenkins,Frozen II,40
david-jenkins,Driven,40
david-jenkins,A Dog Called Money,60
david-jenkins,Zombieland: Double Tap,20
david-jenkins,Fanny Lye Deliver'd,96
david-jenkins,Non-Fiction,60
david-jenkins,American Woman,60
david-jenkins,Normal,20
david-jenkins,For Sama,100
david-jenkins,Babyteeth,94
david-jenkins,About Endlessness,100
david-jenkins,The Painted Bird,80
david-jenkins,The Laundromat,80
david-jenkins,Wasp Network,39
david-jenkins,Ema,89
david-jenkins,Joker,20
david-jenkins,Seberg,40
david-jenkins,Ad Astra,100
david-jenkins,The Perfect Candidate,93
david-jenkins,Marriage Story,94
david-jenkins,A Million Little Pieces,40
david-jenkins,Stones Have Laws,60
lisa-jensen,The Personal History of David Copperfield,100
lisa-jensen,Blow the Man Down,98
lisa-jensen,Wendy,63
lisa-jensen,Emma.,88
lisa-jensen,Seberg,50
lisa-jensen,The Assistant,75
lisa-jensen,Downhill,63
lisa-jensen,The Song of Names,75
lisa-jensen,63 Up,75
lisa-jensen,Little Women,75
lisa-jensen,Cats,63
lisa-jensen,Frankie,50
lisa-jensen,Waves,75
lisa-jensen,The Good Liar,63
lisa-jensen,Harriet,75
lisa-jensen,The Current War: Director's Cut,75
lisa-jensen,Lucy in the Sky,50
lisa-jensen,Raise Hell: The Life & Times of Molly Ivins,100
lisa-jensen,Judy,63
lisa-jensen,Downton Abbey,75
lisa-jensen,Official Secrets,75
lisa-jensen,"Where'd You Go, Bernadette",75
lisa-jensen,Mike Wallace Is Here,63
lisa-jensen,Sword of Trust,88
lisa-jensen,Lost & Found,73
lisa-jensen,The Art of Self-Defense,75
lisa-jensen,Wild Rose,63
lisa-jensen,Yesterday,100
lisa-jensen,The Last Black Man in San Francisco,88
lisa-jensen,The Dead Don't Die,63
lisa-jensen,All Is True,88
lisa-jensen,The Souvenir,50
lisa-jensen,The White Crow,75
lisa-jensen,Photograph,63
lisa-jensen,Tolkien,75
lisa-jensen,Wild Nights with Emily,75
lisa-jensen,The Chaperone,60
lisa-jensen,Ash Is Purest White,75
lisa-jensen,The Mustang,75
lisa-jensen,Hotel Mumbai,63
lisa-jensen,The Wedding Guest,63
lisa-jensen,Never Look Away,75
lisa-jensen,Everybody Knows,75
lisa-jensen,Late Afternoon,0
lisa-jensen,Skin,0
lisa-jensen,Mother,0
lisa-jensen,Detainment,83
lisa-jensen,Marguerite,0
lisa-jensen,Animal Behaviour,0
lisa-jensen,Capernaum,75
erin-jensen,Ricky Gervais: Humanity,47
frantz-jerome,Capone,41
frantz-jerome,Extraction,66
frantz-jerome,Parasite,99
frantz-jerome,Alita: Battle Angel,61
frantz-jerome,Glass,37
frantz-jerome,Robin Hood,15
frantz-jerome,Upgrade,88
frantz-jerome,Roxanne Roxanne,70
frantz-jerome,I Am Not Your Negro,99
amanda-jeronimus,Perpetual Grace LTD: Season 1,88
amanda-jeronimus,Younger: Season 6,100
amanda-jeronimus,Euphoria: Season 1,82
amanda-jeronimus,GLOW: Season 2,98
amanda-jeronimus,Dark: Season 1,89
amanda-jeronimus,Love You More: Pilot,100
udita-jhunjhunwala,Dil Bechara,87
udita-jhunjhunwala,Guilty,60
udita-jhunjhunwala,Onward,88
udita-jhunjhunwala,Shubh Mangal Zyada Saavdhan,92
udita-jhunjhunwala,BHOOT - Part One: The Haunted Ship,50
udita-jhunjhunwala,Jojo Rabbit,80
udita-jhunjhunwala,Shikara,50
udita-jhunjhunwala,Malang,40
udita-jhunjhunwala,Gul Makai,20
udita-jhunjhunwala,Jawaani Jaaneman,60
udita-jhunjhunwala,Judy,82
udita-jhunjhunwala,Dolittle,14
udita-jhunjhunwala,Bhangra Paa Le,40
udita-jhunjhunwala,Bombshell,69
udita-jhunjhunwala,Good Newwz,75
udita-jhunjhunwala,Star Wars: The Rise of Skywalker,51
udita-jhunjhunwala,Jumanji: The Next Level,72
udita-jhunjhunwala,The Body,50
udita-jhunjhunwala,Panipat,43
udita-jhunjhunwala,Pati Patni Aur Woh,50
udita-jhunjhunwala,The Warrior Queen of Jhansi,40
udita-jhunjhunwala,Hotel Mumbai,76
udita-jhunjhunwala,Aamis,87
udita-jhunjhunwala,Charlie's Angels,52
udita-jhunjhunwala,Marjaavaan,8
udita-jhunjhunwala,Saand Ki Aankh,56
udita-jhunjhunwala,Gemini Man,26
udita-jhunjhunwala,Downton Abbey,84
udita-jhunjhunwala,Prassthanam,40
udita-jhunjhunwala,Section 375,70
udita-jhunjhunwala,Chhichhore,58
udita-jhunjhunwala,Angel Has Fallen,39
udita-jhunjhunwala,Batla House,50
udita-jhunjhunwala,Raabta,11
udita-jhunjhunwala,Sonata,0
udita-jhunjhunwala,The Fate of the Furious,67
udita-jhunjhunwala,Naam Shabana,22
udita-jhunjhunwala,Kung-Fu Yoga,48
udita-jhunjhunwala,xXx: Return of Xander Cage,45
udita-jhunjhunwala,Shivaay,11
udita-jhunjhunwala,Housefull 3,25
udita-jhunjhunwala,Warcraft,28
udita-jhunjhunwala,Alice Through the Looking Glass,29
udita-jhunjhunwala,Money Monster,59
udita-jhunjhunwala,Laal Rang,56
udita-jhunjhunwala,The Man Who Knew Infinity,63
udita-jhunjhunwala,Tere Bin Laden: Dead or Alive,40
udita-jhunjhunwala,The Divergent Series: Allegiant,11
udita-jhunjhunwala,Joy,60
udita-jhunjhunwala,Kyaa Kool Hain Hum 3,0
antonio-r-jimenez,The Juniper Tree,60
antonio-r-jimenez,I Lost My Body,80
antonio-r-jimenez,One Piece: Stampede,50
antonio-r-jimenez,Rashômon,80
antonio-r-jimenez,Hotel by the River,70
antonio-r-jimenez,Algo muy gordo,80
antonio-r-jimenez,In This Corner of the World,97
antonio-r-jimenez,Life and Nothing More,93
antonio-r-jimenez,Paradise,70
antonio-r-jimenez,The Red Turtle,93
antonio-r-jimenez,"Lots of Kids, a Monkey and a Castle",96
antonio-r-jimenez,The Motive,60
antonio-r-jimenez,Season of the Devil,80
antonio-r-jimenez,Shadow,70
antonio-r-jimenez,My Dear Friend,0
antonio-r-jimenez,An Elephant Sitting Still,90
antonio-r-jimenez,Guava Island,70
antonio-r-jimenez,The Image Book,90
antonio-r-jimenez,Stockholm,70
gonzalo-jimenez,Cable Girls: Season 4,0
jimmyo,The Craft: Legacy,60
jimmyo,The Witches,70
jimmyo,Rebecca,60
jimmyo,Don't Look Back,80
jimmyo,The Wolf of Snow Hollow,90
jimmyo,The Way I See It,90
jimmyo,Last Call,90
jimmyo,Papi Chulo,90
jimmyo,I Am Woman,80
jimmyo,Bill & Ted Face the Music,80
jimmyo,Skin: A History of Nudity in the Movies,70
jimmyo,Relic,80
jimmyo,My Spy,50
jimmyo,You Don't Nomi,90
jimmyo,Judy & Punch,80
jimmyo,The Trip to Greece,90
jimmyo,Inheritance,70
jimmyo,Blood and Money,70
jimmyo,Scoob!,70
jimmyo,Valley Girl,70
jimmyo,Beastie Boys Story,100
jimmyo,True History of the Kelly Gang,80
jimmyo,"Endings, Beginnings",80
jimmyo,Trolls World Tour,70
jimmyo,Brahms: The Boy II,10
jimmyo,Birds of Prey,70
jimmyo,The Turning,40
jimmyo,Ip Man 4: The Finale,70
jimmyo,Clemency,80
jimmyo,Little Women,90
jimmyo,The Curse of Buckout Road,70
jimmyo,Togo,80
jimmyo,Black Christmas,40
jimmyo,In Fabric,70
jimmyo,Charlie's Angels,40
jimmyo,Paradise Hills,70
jimmyo,Countdown,20
jimmyo,The Current War: Director's Cut,90
jimmyo,Terminator: Dark Fate,90
jimmyo,Low Tide,50
jimmyo,47 Meters Down: Uncaged,60
jimmyo,Scary Stories to Tell in the Dark,70
jimmyo,Crawl,90
jimmyo,Yesterday,90
jimmyo,Rocketman,90
jimmyo,Ma,70
jimmyo,John Wick: Chapter 3 - Parabellum,100
jimmyo,El Chicano,70
jimmyo,Room for Rent,70
jimmyo,Teen Spirit,90
mick-joes,The Politician: Season 1,90
mick-joes,Neo Yokio: Season 1,54
mick-joes,Josie and the Pussycats: Season 1,0
mick-joes,Star Trek: Discovery:  Season 2 - The Red Angel,60
mick-joes,Supergirl:  Season 4 - Suspicious Minds,90
mick-joes,This Is Us:  Season 3 - The Last Seven Weeks,90
mick-joes,Black Mirror: Bandersnatch,73
mick-joes,The Flash:  Season 5 - All Doll'd Up,94
mick-joes,Doctor Who:  Season 11 - The Ghost Monument,93
mick-joes,Magnum P.I.: Season 1,80
mick-joes,This Is Us:  Season 3 - Nine Bucks,82
mick-joes,Teen Titans Go!: Season 4,0
mick-joes,Yellowstone: Season 1,80
mick-joes,Legion:  Season 2 - Chapter 19,57
mick-joes,Riverdale:  Season 2 - Chapter Thirty-Five: Brave New World,85
mick-joes,Riverdale:  Season 2 - Chapter Thirty-Four: Judgment Night,82
mick-joes,Legion:  Season 2 - Chapter 10,100
mick-joes,Legion:  Season 2 - Chapter 9,100
mick-joes,The Looming Tower: Miniseries,88
mick-joes,Riverdale:  Season 2 - Chapter Twenty-Six: The Tell-Tale Heart,89
mick-joes,This Is Us:  Season 2 - The Wedding,95
mick-joes,Star Trek: Discovery:  Season 1 - What's Past Is Prologue,89
mick-joes,MTV Floribama Shore: Season 1,70
mick-joes,Future Man: Season 1,80
mick-joes,The Good Place: Season 2,100
mick-joes,Trial & Error: Season 1,60
udy-joggers,Hellboy II: The Golden Army,88
udy-joggers,Soom,88
udy-joggers,Doomsday,88
udy-joggers,The Taste of Tea,88
udy-joggers,Woman on the Beach,100
udy-joggers,Severance,88
udy-joggers,The Hills Have Eyes,75
udy-joggers,Plagues & Pleasures on the Salton Sea,75
udy-joggers,Nobody Knows,100
udy-joggers,Oldboy,100
udy-joggers,Head-On,75
udy-joggers,Club Dread,63
udy-joggers,House of the Dead,13
maryann-johanson,Pawn Sacrifice,40
maryann-johanson,45 Years,80
maryann-johanson,Harbinger Down,38
maryann-johanson,52 Tuesdays,90
maryann-johanson,Of Girls and Horses,0
maryann-johanson,Frank The Bastard,10
maryann-johanson,African Apocalypse,90
maryann-johanson,Black or White,38
maryann-johanson,The Reconstruction Of William Zero,25
maryann-johanson,The Last 5 Years,60
maryann-johanson,The Tale of the Princess Kaguya,100
maryann-johanson,Song Of The Sea,99
maryann-johanson,A Dark Reflection,0
maryann-johanson,Borat: Subsequent Moviefilm,100
maryann-johanson,Love and Monsters,70
maryann-johanson,Calvary,89
maryann-johanson,Totally Under Control,80
maryann-johanson,The Zero Theorem,49
maryann-johanson,The State Within,0
maryann-johanson,The Raid 2,81
maryann-johanson,Grand Central,89
maryann-johanson,Radio Free Albemuth,33
maryann-johanson,Pluto,0
maryann-johanson,Leave To Remain,100
maryann-johanson,Hellion,60
maryann-johanson,Enemy,70
maryann-johanson,They Came Together,68
maryann-johanson,3 Days To Kill,27
maryann-johanson,Faith Based,80
maryann-johanson,Touchy Feely,40
maryann-johanson,After Tiller,92
maryann-johanson,"Like Father, Like Son",87
maryann-johanson,X-Men: Days of Future Past,90
maryann-johanson,2067,20
maryann-johanson,Pompeii,28
maryann-johanson,The Legend of Hercules,4
maryann-johanson,Knights of Badassdom,63
maryann-johanson,All In: The Fight for Democracy,80
maryann-johanson,I Am Woman,60
maryann-johanson,Electro Chaabi,0
maryann-johanson,H Is For Happiness,50
maryann-johanson,Blackbird,60
maryann-johanson,Mulan,60
maryann-johanson,#Unfit: The Psychology of Donald Trump,100
maryann-johanson,Bill & Ted Face the Music,60
maryann-johanson,Tesla,50
maryann-johanson,African Violet,100
maryann-johanson,She Dies Tomorrow,80
maryann-johanson,The Secret Garden,40
maryann-johanson,The Secret: Dare to Dream,20
g-allen-johnson,Freaky,25
g-allen-johnson,Ammonite,100
g-allen-johnson,Hillbilly Elegy,75
g-allen-johnson,I Am Greta,75
g-allen-johnson,Words on Bathroom Walls,75
g-allen-johnson,Spontaneous,75
g-allen-johnson,Dick Johnson Is Dead,75
g-allen-johnson,LX 2048,50
g-allen-johnson,Wolke Neun,75
g-allen-johnson,The Way I See It,75
g-allen-johnson,The Sit-In: Harry Belafonte Hosts The Tonight Show,100
g-allen-johnson,I Am Woman,75
g-allen-johnson,Our Time Machine,100
g-allen-johnson,Chemical Hearts,75
g-allen-johnson,Tesla,50
g-allen-johnson,The One and Only Ivan,25
g-allen-johnson,Apocalypse '45,75
g-allen-johnson,The Fight,63
g-allen-johnson,The Weight of Gold,75
g-allen-johnson,Ai Weiwei: Yours Truly,75
g-allen-johnson,The Tobacconist,50
g-allen-johnson,Relic,75
g-allen-johnson,The Truth,100
g-allen-johnson,Ella Fitzgerald: Just One of Those Things,75
g-allen-johnson,Beats,75
g-allen-johnson,The Last Tree,100
g-allen-johnson,Irresistible,0
g-allen-johnson,Athlete A,100
g-allen-johnson,Wasp Network,63
g-allen-johnson,The Short History of the Long Road,63
g-allen-johnson,Hollywood Chinese,100
g-allen-johnson,Tommaso,50
g-allen-johnson,Lucky Grandma,75
g-allen-johnson,The Ghost of Peter Sellers,100
g-allen-johnson,The Painter and the Thief,75
g-allen-johnson,Scoob!,0
g-allen-johnson,The 4th,75
g-allen-johnson,Spaceship Earth,75
g-allen-johnson,Arkansas,25
g-allen-johnson,Driveways,100
g-allen-johnson,The Willoughbys,75
g-allen-johnson,The American Nurse,75
g-allen-johnson,Disneynature: Dolphin Reef,75
g-allen-johnson,The Way Back,100
g-allen-johnson,Corpus Christi,100
g-allen-johnson,Charade,94
g-allen-johnson,Beanpole,75
g-allen-johnson,Come As You Are,75
g-allen-johnson,What She Said: The Art of Pauline Kael,75
g-allen-johnson,The Traitor,25
steve-johnson,Path to War,100
steve-johnson,61*,85
steve-johnson,Salem's Lot,50
steve-johnson,Stephen King's 'The Langoliers',52
steve-johnson,Jane Austen's Emma,88
steve-johnson,Nightjohn,100
steve-johnson,Ready to Run,0
steve-johnson,Dave Chappelle: Killin' Them Softly,0
steve-johnson,Return to 'Giant',0
steve-johnson,A Very Murray Christmas,68
steve-johnson,Father Hood,38
steve-johnson,Scott Turow's Innocent,90
j-johnson,David Byrne's American Utopia,90
j-johnson,The Trouble with Being Born,80
j-johnson,The Comeback Trail,60
j-johnson,Corpus Christi,80
j-johnson,The Climb,80
j-johnson,The Trial of the Chicago 7,60
j-johnson,Kajillionaire,60
j-johnson,On The Rocks,70
j-johnson,The Translators,60
j-johnson,I'm Thinking of Ending Things,70
j-johnson,Bill & Ted Face the Music,70
j-johnson,Tenet,0
j-johnson,Les Misérables,70
j-johnson,The Speed Cubers,70
j-johnson,David Foster: Off the Record,60
j-johnson,La Belle Époque,70
j-johnson,Deerskin,70
j-johnson,Never Rarely Sometimes Always,80
j-johnson,Echo In the Canyon,70
j-johnson,House of Cardin,60
j-johnson,The Burnt Orange Heresy,60
j-johnson,Relic,60
j-johnson,"A White, White Day",90
j-johnson,Waves,60
j-johnson,Shirley,50
j-johnson,The Personal History of David Copperfield,80
j-johnson,Eurovision Song Contest: The Story of Fire Saga,60
j-johnson,Da 5 Bloods,80
j-johnson,The Vast of Night,70
j-johnson,Proxima,90
j-johnson,Bad Education,80
j-johnson,The Assistant,90
j-johnson,Natalie Wood: What Remains Behind,70
j-johnson,Color Out of Space,70
j-johnson,Whitney,70
j-johnson,The Australian Dream,80
j-johnson,Vivarium,60
j-johnson,Come to Daddy,60
j-johnson,Monos,70
j-johnson,Blow the Man Down,60
j-johnson,"Happy New Year, Colin Burstead",70
j-johnson,Dark Waters,80
j-johnson,In Fabric,70
j-johnson,Honeyland,80
j-johnson,Honey Boy,70
j-johnson,Horse Girl,60
j-johnson,Emma.,70
j-johnson,The Lighthouse,80
j-johnson,Seberg,50
j-johnson,Midway,70
allyson-johnson,Sound of Metal,90
allyson-johnson,On The Rocks,50
allyson-johnson,76 Days,80
allyson-johnson,Beans,80
allyson-johnson,Nomadland,90
allyson-johnson,Wolfwalkers,70
allyson-johnson,Shiva Baby,80
allyson-johnson,The Way I See It,70
allyson-johnson,Children of the Sea,80
allyson-johnson,One Night in Miami,70
allyson-johnson,Tesla,38
allyson-johnson,Palm Springs,100
allyson-johnson,Babyteeth,88
allyson-johnson,The King of Staten Island,50
allyson-johnson,Listen Up Philip,82
allyson-johnson,Les Misérables,75
allyson-johnson,A Hidden Life,50
allyson-johnson,Honey Boy,88
allyson-johnson,Synonyms,75
allyson-johnson,Ms. Purple,75
allyson-johnson,"Love, Antosha",75
allyson-johnson,Asako I & II,75
allyson-johnson,Wild Rose,75
allyson-johnson,Rocketman,75
allyson-johnson,Aladdin,50
allyson-johnson,Asako I & II,80
allyson-johnson,Blow the Man Down,79
allyson-johnson,The Place of No Words,79
allyson-johnson,Avengers: Endgame,80
allyson-johnson,Teen Spirit,63
allyson-johnson,Shazam!,90
allyson-johnson,Five Feet Apart,24
allyson-johnson,How to Train Your Dragon: The Hidden World,71
allyson-johnson,Alita: Battle Angel,50
allyson-johnson,Arctic,50
allyson-johnson,What Is Democracy?,50
allyson-johnson,Shoplifters,100
allyson-johnson,Bohemian Rhapsody,25
allyson-johnson,Wildlife,88
allyson-johnson,Anchor and Hope,71
allyson-johnson,"The Night Is Short, Walk On Girl",71
allyson-johnson,First Man,63
allyson-johnson,The Hate U Give,100
allyson-johnson,Colette,50
allyson-johnson,Boy Erased,70
allyson-johnson,Burning,100
allyson-johnson,Widows,90
allyson-johnson,Beautiful Boy,70
allyson-johnson,A Star Is Born,80
allyson-johnson,Support the Girls,88
erence-johnson,Hillbilly Elegy,30
erence-johnson,Uncle Frank,82
erence-johnson,Nine Days,86
erence-johnson,Wolfwalkers,96
erence-johnson,The Boys in the Band,81
erence-johnson,Mulan,74
erence-johnson,Sputnik,89
erence-johnson,Palm Springs,94
erence-johnson,The Old Guard,81
erence-johnson,Eurovision Song Contest: The Story of Fire Saga,64
erence-johnson,The Vast of Night,92
erence-johnson,15 Years,67
erence-johnson,Selah and the Spades,88
erence-johnson,Sonic the Hedgehog,63
erence-johnson,Superman: Red Son,88
erence-johnson,To All the Boys: P.S. I Still Love You,75
erence-johnson,The Gentlemen,75
erence-johnson,Star Wars: The Rise of Skywalker,51
erence-johnson,Richard Jewell,77
erence-johnson,Little Women,95
erence-johnson,Waves,84
erence-johnson,Parasite,99
erence-johnson,Lucy in the Sky,21
erence-johnson,It Chapter Two,63
erence-johnson,Scary Stories to Tell in the Dark,78
erence-johnson,Once Upon a Time In Hollywood,85
erence-johnson,The Lion King,52
erence-johnson,Pet Sematary,58
erence-johnson,Ophelia,60
erence-johnson,Little,46
erence-johnson,Fast Color,81
erence-johnson,Spider-Man: Far From Home,90
erence-johnson,Rocketman,89
erence-johnson,Aladdin,57
erence-johnson,Avengers: Endgame,94
erence-johnson,Shazam!,90
erence-johnson,Justice League vs the Fatal Five,100
erence-johnson,Us,93
erence-johnson,Captain Marvel,79
erence-johnson,Apollo 11,99
erence-johnson,Velvet Buzzsaw,62
erence-johnson,The Death of Superman / Reign of the Supermen Double Feature,93
erence-johnson,If Beale Street Could Talk,95
erence-johnson,Spider-Man: Into the Spider-Verse,97
erence-johnson,Roma,96
erence-johnson,Widows,91
erence-johnson,Burning,95
erence-johnson,The Old Man & the Gun,93
erence-johnson,First Man,87
erence-johnson,A Simple Wedding,80
kevin-johnson,Rocko's Modern Life: Static Cling,86
kevin-johnson,Cedric The Entertainer: Live From The Ville,71
kevin-johnson,Hey Arnold! The Jungle Movie,86
diedre-johnson,Maleficent: Mistress of Evil,100
diedre-johnson,Ad Astra,60
diedre-johnson,Fantastic Beasts: The Crimes of Grindelwald,100
weldon-b-johnson,Spaceship Earth,60
weldon-b-johnson,The Burnt Orange Heresy,60
weldon-b-johnson,The Invisible Man,70
weldon-b-johnson,The Call of the Wild,60
weldon-b-johnson,Bad Boys for Life,70
weldon-b-johnson,Midway,60
weldon-b-johnson,Black and Blue,70
weldon-b-johnson,Gemini Man,70
weldon-b-johnson,Little,70
weldon-b-johnson,Mortal Engines,60
weldon-b-johnson,Asher,70
hunter-johnson,Nailed It!: Season 1,95
hunter-johnson,His Dark Materials: Season 1,80
hunter-johnson,Stranger Things: Season 3,89
hunter-johnson,Big Little Lies: Season 2,85
marisha-johnson,Elementary: Season 7,80
ellen-johnson,The Lovebirds,75
ellen-johnson,Little Women,0
ellen-johnson,The Kacey Musgraves Christmas Show,67
leif-johnson,Central Park: Season 1,90
leif-johnson,Close Enough: Season 1,70
khadijah-johnson,"Yvonne Orji: Momma, I made it!",0
alicja-johnson,Holidate,24
alicja-johnson,The Forty-Year-Old Version,100
alicja-johnson,Enola Holmes,48
alicja-johnson,The Personal History of David Copperfield,71
edward-johnson-o,Dark Waters,70
edward-johnson-o,Jojo Rabbit,90
edward-johnson-o,Zombieland: Double Tap,68
edward-johnson-o,Joker,40
edward-johnson-o,Ad Astra,50
edward-johnson-o,Once Upon a Time In Hollywood,85
edward-johnson-o,Yesterday,63
edward-johnson-o,Long Shot,60
edward-johnson-o,Us,40
edward-johnson-o,Birds of Passage,80
edward-johnson-o,Fighting with My Family,92
edward-johnson-o,Stan & Ollie,92
edward-johnson-o,First Man,87
edward-johnson-o,Border,97
edward-johnson-o,Green Book,77
edward-johnson-o,Boy Erased,80
edward-johnson-o,Bohemian Rhapsody,60
edward-johnson-o,Blaze,95
edward-johnson-o,White Boy Rick,58
edward-johnson-o,"Juliet, Naked",83
edward-johnson-o,Crazy Rich Asians,91
edward-johnson-o,"Don't Worry, He Won't Get Far on Foot",70
edward-johnson-o,BlacKkKlansman,96
edward-johnson-o,Three Identical Strangers,97
edward-johnson-o,Sorry to Bother You,80
edward-johnson-o,Jurassic World: Fallen Kingdom,40
edward-johnson-o,Annihilation,88
edward-johnson-o,Hostiles,71
edward-johnson-o,Call Me by Your Name,94
edward-johnson-o,Bright,28
edward-johnson-o,Faces Places,80
edward-johnson-o,Blade Runner 2049,100
edward-johnson-o,Good Time,92
edward-johnson-o,Logan Lucky,92
edward-johnson-o,Spider-Man: Homecoming,92
edward-johnson-o,My Cousin Rachel,76
edward-johnson-o,The Wedding Plan,86
edward-johnson-o,Alien: Covenant,65
edward-johnson-o,Guardians of the Galaxy Vol. 2,85
edward-johnson-o,Graduation,95
edward-johnson-o,Free Fire,69
edward-johnson-o,Your Name.,98
edward-johnson-o,Gifted,73
edward-johnson-o,The Zookeeper's Wife,63
edward-johnson-o,Wilson,47
edward-johnson-o,Beauty and the Beast,71
edward-johnson-o,Get Out,80
edward-johnson-o,Logan,93
edward-johnson-o,Toni Erdmann,93
edward-johnson-o,Julieta,60
maura-johnston,Whipped,13
evor-johnston,The Secret Garden,80
evor-johnston,Wolfwalkers,80
evor-johnston,The Witches,80
evor-johnston,Project Power,60
evor-johnston,Mulan,80
evor-johnston,Hope Gap,60
evor-johnston,Spree,40
evor-johnston,Koko-di Koko-da,60
evor-johnston,"A White, White Day",100
evor-johnston,The Report,82
evor-johnston,Sorry We Missed You,87
evor-johnston,"The Gangster, the Cop, the Devil",60
evor-johnston,Sorry We Missed You,80
evor-johnston,The Good Liar,63
evor-johnston,Black and Blue,60
evor-johnston,Official Secrets,60
evor-johnston,The Laundromat,41
evor-johnston,Mystify: Michael Hutchence,80
evor-johnston,A Shaun the Sheep Movie: Farmageddon,80
evor-johnston,The King,60
evor-johnston,Farming,60
evor-johnston,American Woman,80
evor-johnston,The Laundromat,60
evor-johnston,Don't Let Go,40
evor-johnston,Tomorrow,20
evor-johnston,Phoenix,60
evor-johnston,The Mustang,60
evor-johnston,Princess Emmy,40
evor-johnston,Pain and Glory,100
evor-johnston,Transit,100
evor-johnston,Opus Zero,40
evor-johnston,Photograph,60
evor-johnston,Holiday,60
evor-johnston,The Current War,60
evor-johnston,The Lion King,60
evor-johnston,Okko's Inn,80
evor-johnston,Vita & Virginia,60
evor-johnston,Robert the Bruce,40
evor-johnston,Toy Story 4,80
evor-johnston,Wild Honey Pie!,40
evor-johnston,The Etruscan Smile,60
evor-johnston,Aladdin,57
evor-johnston,My Days of Mercy,80
evor-johnston,Madeline's Madeline,80
evor-johnston,The Hustle,13
evor-johnston,Final Ascent,60
evor-johnston,A Dog's Journey,60
evor-johnston,Pasolini,80
evor-johnston,Styx,80
evor-johnston,Head Full of Honey,20
nick-johnston,Rebecca,41
nick-johnston,The Witches,50
nick-johnston,Borat: Subsequent Moviefilm,86
nick-johnston,The Lie,43
nick-johnston,Black Box,74
nick-johnston,The Phenomenon,88
nick-johnston,The Devil All the Time,64
nick-johnston,Joe Bell,53
nick-johnston,Concrete Cowboy,76
nick-johnston,Shadow in the Cloud,74
nick-johnston,I'm Thinking of Ending Things,81
nick-johnston,The New Mutants,32
nick-johnston,Bill & Ted Face the Music,82
nick-johnston,Tenet,71
nick-johnston,Unhinged,47
nick-johnston,Project Power,60
nick-johnston,An American Pickle,73
nick-johnston,A Vigilante,92
nick-johnston,Greyhound,79
nick-johnston,Eurovision Song Contest: The Story of Fire Saga,64
nick-johnston,Irresistible,40
nick-johnston,Da 5 Bloods,92
nick-johnston,Infamous,21
nick-johnston,Judy & Punch,77
nick-johnston,The King of Staten Island,74
nick-johnston,The Lovebirds,65
nick-johnston,Capone,41
nick-johnston,Gladiator,77
nick-johnston,Village of the Damned,31
nick-johnston,The Willoughbys,90
nick-johnston,Extraction,66
nick-johnston,True History of the Kelly Gang,79
nick-johnston,The Basketball Diaries,45
nick-johnston,Butt Boy,70
nick-johnston,Why Don't You Just Die!,97
nick-johnston,Fantasy Island,7
nick-johnston,The Rhythm Section,28
nick-johnston,We Summon the Darkness,69
nick-johnston,28 Days,33
nick-johnston,Keeping the Faith,69
nick-johnston,Where the Money Is,48
nick-johnston,Love Wedding Repeat,32
nick-johnston,The Straight Story,95
nick-johnston,Onward,88
nick-johnston,Coffee & Kareem,20
nick-johnston,The Other Lamb,75
nick-johnston,My Darling Vivian,95
nick-johnston,The Way Back,84
nick-johnston,Bloodshot,30
nick-johnston,Birds of Prey,78
lucy-hunter-johnston,The Great Hack,80
lucy-hunter-johnston,The Rachel Divide,72
lucy-hunter-johnston,Annihilation,88
zach-johnston,Street Food: Latin America: Season 1,86
zach-johnston,Taste the Nation with Padma Lakshmi: Season 1,100
zach-johnston,The Chef Show: Volume 1,100
zach-johnston,Street Food: Asia: Season 1,100
zach-johnston,Anthony Bourdain Parts Unknown: Season 12,100
jess-joho,Midsommar,83
jess-joho,Hustlers,87
madeline-join,Some Kind of Beautiful,20
madeline-join,Return to Sender,40
ain-jokinen,On The Rocks,86
ain-jokinen,Tesla,60
ain-jokinen,Chemical Hearts,62
ain-jokinen,Irresistible,40
ain-jokinen,The Vast of Night,92
ain-jokinen,The Trip to Greece,87
ain-jokinen,How to Build a Girl,79
ain-jokinen,The Wretched,74
ain-jokinen,The Invisible Man,91
ain-jokinen,Underwater,48
ain-jokinen,Cats,20
ain-jokinen,A Beautiful Day in the Neighborhood,95
ain-jokinen,Ford v Ferrari,92
ain-jokinen,Doctor Sleep,77
ain-jokinen,Motherless Brooklyn,63
ain-jokinen,Jojo Rabbit,80
ain-jokinen,Downton Abbey,84
ain-jokinen,Brittany Runs a Marathon,88
ain-jokinen,"Where'd You Go, Bernadette",49
ain-jokinen,Fast & Furious Presents: Hobbs & Shaw,67
ain-jokinen,Yesterday,63
ain-jokinen,Toy Story 4,97
ain-jokinen,The Last Black Man in San Francisco,92
ain-jokinen,Ma,55
ain-jokinen,Booksmart,96
ain-jokinen,Poms,35
ain-jokinen,Long Shot,81
ain-jokinen,Avengers: Endgame,94
ain-jokinen,Little,46
ain-jokinen,Shazam!,90
ain-jokinen,Captain Marvel,79
ain-jokinen,Greta,60
ain-jokinen,Happy Death Day 2U,71
ain-jokinen,What Men Want,42
ain-jokinen,They Shall Not Grow Old,99
ain-jokinen,Glass,37
ain-jokinen,Can You Ever Forgive Me?,98
ain-jokinen,Halloween,79
ain-jokinen,Don't Leave Home,74
ain-jokinen,Peppermint,12
ain-jokinen,The Bookshop,56
ain-jokinen,The Happytime Murders,23
ain-jokinen,Crazy Rich Asians,91
ain-jokinen,The Meg,45
ain-jokinen,The Darkest Minds,16
ain-jokinen,Mamma Mia! Here We Go Again,79
ain-jokinen,Jurassic World: Fallen Kingdom,47
ain-jokinen,Tag,56
ain-jokinen,Ocean's 8,69
ain-jokinen,Hereditary,89
dan-jolin,Schemers,40
dan-jolin,The Devil All the Time,60
dan-jolin,Arthur & Merlin: Knights of Camelot,20
dan-jolin,"Family Romance, LLC",60
dan-jolin,The Rhythm Section,60
dan-jolin,Weathering with You,80
dan-jolin,Deadwood: The Movie,80
dan-jolin,The Street,60
dan-jolin,Tales from the Lodge,40
dan-jolin,El Camino: A Breaking Bad Movie,80
dan-jolin,Gemini Man,40
dan-jolin,Memory: The Origins of Alien,60
dan-jolin,Scary Stories to Tell in the Dark,60
dan-jolin,The Current War,60
dan-jolin,Toy Story 4,80
dan-jolin,Aladdin,60
dan-jolin,Beats,80
dan-jolin,Last Breath,60
dan-jolin,Being Frank: The Chris Sievey Story,80
dan-jolin,A Private War,60
dan-jolin,Alita: Battle Angel,60
dan-jolin,Destroyer,80
dan-jolin,Beautiful Boy,80
dan-jolin,White Boy Rick,60
dan-jolin,Robin Hood,40
dan-jolin,The Christmas Chronicles,60
dan-jolin,The Ballad of Buster Scruggs,80
dan-jolin,Fahrenheit 11/9,80
dan-jolin,Apostle,40
dan-jolin,The House with a Clock in Its Walls,60
dan-jolin,The Predator,60
dan-jolin,The Miseducation of Cameron Post,60
dan-jolin,Puzzle,80
dan-jolin,The Happytime Murders,40
dan-jolin,A Prayer Before Dawn,80
dan-jolin,Mission: Impossible - Fallout,100
dan-jolin,Marrowbone,60
dan-jolin,Skyscraper,40
dan-jolin,Mary Shelley,60
dan-jolin,Maquia: When the Promised Flower Blooms,0
dan-jolin,Ant-Man and the Wasp,60
dan-jolin,Hereditary,100
dan-jolin,Solo: A Star Wars Story,80
dan-jolin,Tully,80
dan-jolin,Beast,80
dan-jolin,Funny Cow,80
dan-jolin,The Titan,40
dan-jolin,Midnight Sun,40
dan-jolin,Mary Magdalene,60
dan-jolin,Unsane,80
om-jolliffe,Max Reload and the Nether Blasters,82
om-jolliffe,Legacy of Lies,86
om-jolliffe,Debt Collectors,82
om-jolliffe,Acceleration,0
om-jolliffe,Hell on the Border,40
om-jolliffe,Calling All Earthlings,75
om-jolliffe,Anti Matter,80
om-jolliffe,Once Upon a Time in Deadwood,0
om-jolliffe,The Tracker,0
om-jolliffe,Amaurosis,80
kimberley-jones,The Broken Hearts Gallery,50
kimberley-jones,Mulan,70
kimberley-jones,Howard,60
kimberley-jones,The Girl,70
kimberley-jones,First Cow,70
kimberley-jones,Hamilton,80
kimberley-jones,All I Can Say,40
kimberley-jones,Shirley,70
kimberley-jones,The Trip to Greece,50
kimberley-jones,How to Build a Girl,70
kimberley-jones,Crip Camp: A Disability Revolution,80
kimberley-jones,Sunday Bloody Sunday,86
kimberley-jones,Hope Gap,50
kimberley-jones,Ordinary Love,60
kimberley-jones,63 Up,90
kimberley-jones,Little Women,70
kimberley-jones,Playmobil: The Movie,0
kimberley-jones,High Flying Bird,91
kimberley-jones,Frozen II,60
kimberley-jones,Downton Abbey,50
kimberley-jones,One Child Nation,70
kimberley-jones,In the Aisles,70
kimberley-jones,This One's for the Ladies,60
kimberley-jones,Toy Story 4,60
kimberley-jones,The Sun Is Also a Star,50
kimberley-jones,The Biggest Little Farm,60
kimberley-jones,Long Shot,80
kimberley-jones,Little Woods,80
kimberley-jones,Diane,80
kimberley-jones,Dumbo,60
kimberley-jones,Gloria Bell,60
kimberley-jones,How to Train Your Dragon: The Hidden World,80
kimberley-jones,Serenity,20
kimberley-jones,Vice,70
kimberley-jones,People's Republic of Desire,60
kimberley-jones,"Monrovia, Indiana",50
kimberley-jones,Fantastic Beasts: The Crimes of Grindelwald,80
kimberley-jones,The Grinch,50
kimberley-jones,Australia,50
kimberley-jones,King Lear,91
kimberley-jones,The Sisters Brothers,70
kimberley-jones,Mr. Fish: Cartooning from the Deep End,60
kimberley-jones,McQueen,80
kimberley-jones,Crazy Rich Asians,80
kimberley-jones,The Spy Who Dumped Me,40
kimberley-jones,Won't You Be My Neighbor?,80
kimberley-jones,The Gospel According to André,60
kimberley-jones,Outside In,60
kimberley-jones,RBG,60
kimberley-jones,Ramen Heads,40
j-r-jones,Troll 2,25
j-r-jones,The Unforeseen,90
j-r-jones,Kaboom,60
j-r-jones,Word Is Out: Stories of Some of Our Lives,100
j-r-jones,Mouth to Mouth,54
j-r-jones,No Man of Her Own,91
j-r-jones,Neighborhood Food Drive,0
j-r-jones,8 Heads of Madness,0
j-r-jones,Broche de Oro: Comienzos,0
j-r-jones,Hannah,82
j-r-jones,Jupiter's Moon,50
j-r-jones,The Promise,51
j-r-jones,Industrial Accident: The Story of Wax Trax!,0
j-r-jones,"All Governments Lie: Truth, Deception, and the Spirit of I.F. Stone",93
j-r-jones,The Ballad of Lefty Brown,79
j-r-jones,Ismael's Ghosts,50
j-r-jones,God's Own Country,98
j-r-jones,Dim the Fluorescents,92
j-r-jones,Mudbound,97
j-r-jones,Quest,98
j-r-jones,Casting JonBenét,81
j-r-jones,Brigsby Bear,82
j-r-jones,The Workshop,88
j-r-jones,The Meyerowitz Stories,92
j-r-jones,Izzy Gets the F*ck Across Town,55
j-r-jones,Betty: They Say I'm Different,83
j-r-jones,Alone in Berlin,57
j-r-jones,The Nile Hilton Incident,91
j-r-jones,Mary Shelley,38
j-r-jones,It,85
j-r-jones,The Young Karl Marx,61
j-r-jones,Lover For A Day,82
j-r-jones,Hitler's Hollywood,90
j-r-jones,Oh Lucy!,98
j-r-jones,Austin Found,21
j-r-jones,Saving Brinton,93
j-r-jones,The Guardians,93
j-r-jones,Wonder Wheel,31
j-r-jones,Blind Vaysha,0
j-r-jones,Piper,0
j-r-jones,Submergence,23
j-r-jones,The Book of Henry,22
j-r-jones,Live By Night,35
j-r-jones,A Bag of Marbles,82
j-r-jones,Last Men in Aleppo,97
j-r-jones,Happy End,70
j-r-jones,The Chicago Way,0
j-r-jones,The Whole Shootin' Match,100
j-r-jones,"Love, Cecil",83
j-r-jones,Montparnasse Bienvenue,98
ellen-e-jones,Eastern,80
ellen-e-jones,Rogue,60
ellen-e-jones,Lucky Grandma,80
ellen-e-jones,Looted,80
ellen-e-jones,As an Act of Protest,40
ellen-e-jones,Philophobia,20
ellen-e-jones,Honest Thief,60
ellen-e-jones,Huracan,80
ellen-e-jones,Antrum: The Deadliest Film Ever Made,80
ellen-e-jones,Legacy of Lies,20
ellen-e-jones,The Devil Has a Name,60
ellen-e-jones,Brothers in Arms,40
ellen-e-jones,Miss Virginia,40
ellen-e-jones,Rebuilding Paradise,80
ellen-e-jones,Miss Juneteenth,80
ellen-e-jones,Marionette,60
ellen-e-jones,Tesla,60
ellen-e-jones,The Man in the Hat,60
ellen-e-jones,Message Man,40
ellen-e-jones,The Trial,60
ellen-e-jones,Echo,80
ellen-e-jones,Mortal,40
ellen-e-jones,Blizzard of Souls,60
ellen-e-jones,Good Manners,80
ellen-e-jones,Come As You Are,60
ellen-e-jones,I Am Vengeance: Retaliation,40
ellen-e-jones,Arkansas,60
ellen-e-jones,Inheritance,20
ellen-e-jones,The Spy,60
ellen-e-jones,Chelsea Handler: Uganda Be Kidding Me Live,0
ellen-e-jones,Suicide Squad,40
ellen-e-jones,An Adventure in Space and Time,96
ellen-e-jones,Light and Dark,0
ellen-e-jones,Celeste and Jesse Forever,60
ellen-e-jones,Argo,60
ellen-e-jones,De rouille et d'os,80
ellen-e-jones,The Sessions,80
ellen-e-jones,The Sapphires,60
ellen-e-jones,The Perks of Being a Wallflower,60
ellen-e-jones,Barbara,80
ellen-e-jones,Hope Springs,60
ellen-e-jones,The Watch,60
ellen-e-jones,Step Up Revolution,40
ellen-e-jones,The Angels' Share,40
ellen-e-jones,What to Expect When You're Expecting,40
ellen-e-jones,The Muppets,80
ellen-e-jones,Jack and Jill,40
ellen-e-jones,50/50,80
ellen-e-jones,Abduction,20
ellen-e-jones,Jeff Who Lives at Home,80
alan-jones,Bad Boy Bubby,60
alan-jones,Fantasy Island,40
alan-jones,The Raven,80
alan-jones,Island of Lost Souls,100
alan-jones,The Boys in the Band,80
alan-jones,Showgirls,20
alan-jones,Heartbreak Ridge,60
alan-jones,The Gauntlet,60
alan-jones,Lethal Weapon 2,60
alan-jones,The Long Goodbye,100
alan-jones,Hard Eight,60
alan-jones,Jaws 3,12
alan-jones,Brainstorm,55
alan-jones,Sister Act 2: Back in the Habit,60
alan-jones,The Times of Harvey Milk,80
alan-jones,Paris Is Burning,80
alan-jones,Child's Play,60
alan-jones,"The Cook, the Thief, His Wife & Her Lover",80
alan-jones,Basket Case,77
alan-jones,The Sword and the Sorcerer,63
alan-jones,The Lost World - Jurassic Park,60
alan-jones,The Beast in the Cellar,20
alan-jones,Sunday Bloody Sunday,80
alan-jones,Candyman,80
alan-jones,Candyman: Day of the Dead,20
alan-jones,Candyman: Farewell to the Flesh,40
alan-jones,The Fog,60
alan-jones,Sometimes They Come Back,40
alan-jones,The Lizzie McGuire Movie,40
alan-jones,Fighting with My Family,80
alan-jones,Emma,80
alan-jones,Frankenstein Must Be Destroyed,60
alan-jones,Young Frankenstein,100
alan-jones,Christmas Carol - The Movie,20
alan-jones,Countdown,40
alan-jones,Doctor Sleep,80
alan-jones,Tales from the Lodge,40
alan-jones,The Dead Center,60
alan-jones,Judy,80
alan-jones,Ready or Not,80
alan-jones,Little Monsters,20
alan-jones,F,80
alan-jones,Downton Abbey,60
alan-jones,It Chapter Two,80
alan-jones,The Shiny Shrimps,80
alan-jones,Crawl,80
alan-jones,Fast & Furious Presents: Hobbs & Shaw,80
alan-jones,Knife + Heart,40
alan-jones,Scream 3,40
alan-jones,The Way of the Gun,60
paul-jones,Star Trek Into Darkness,84
adrienne-jones,Shrill: Season 1,90
adrienne-jones,A Discovery of Witches: Season 1,90
adrienne-jones,The Conners: Season 1,93
adrienne-jones,Single Parents: Season 1,60
adrienne-jones,Younger: Season 4,100
adrienne-jones,Siren: Season 1,95
adrienne-jones,Roseanne: Season 10,50
adrienne-jones,Krypton: Season 1,40
adrienne-jones,Sea Oak: Pilot,89
adrienne-jones,grown-ish: Season 1,70
adrienne-jones,Back: Season 1,80
adrienne-jones,Knightfall: Season 1,70
adrienne-jones,White Famous: Season 1,40
adrienne-jones,Hooten and the Lady: Miniseries,60
adrienne-jones,I'm Dying Up Here: Season 1,40
adrienne-jones,"Midnight, Texas: Season 1",40
adrienne-jones,Imaginary Mary: Season 1,50
adrienne-jones,Great News: Season 1,50
adrienne-jones,Taken: Season 1,80
adrienne-jones,Class: Season 1,70
adrienne-jones,Man With a Plan: Season 1,30
adrienne-jones,Emerald City: Season 1,60
adrienne-jones,No Tomorrow: Season 1,88
adrienne-jones,Son of Zorn: Season 1,40
adrienne-jones,Van Helsing: Season 1,60
adrienne-jones,The Good Place: Season 1,92
adrienne-jones,Shades of Blue: Season 1,80
eileen-jones,The Trial of the Chicago 7,91
eileen-jones,Borat: Subsequent Moviefilm,86
eileen-jones,I'm Thinking of Ending Things,81
eileen-jones,An American Pickle,73
eileen-jones,Bacurau,91
eileen-jones,Little Women,95
eileen-jones,Parasite,99
eileen-jones,Joker,68
eileen-jones,Once Upon a Time In Hollywood,85
eileen-jones,John Wick: Chapter 3 - Parabellum,90
eileen-jones,Peterloo,66
eileen-jones,Vice,65
eileen-jones,If Beale Street Could Talk,95
eileen-jones,The Favourite,93
eileen-jones,Gangs of New York,73
eileen-jones,The A-Team,48
eileen-jones,Nick and Norah's Infinite Playlist,75
eileen-jones,The Curious Case of Benjamin Button,72
eileen-jones,Monsters vs. Aliens,73
eileen-jones,The International,58
eileen-jones,Star Trek,94
eileen-jones,Knight & Day,52
eileen-jones,Extract,62
eileen-jones,Toy Story 3,98
eileen-jones,Twilight,49
eileen-jones,Disney's A Christmas Carol,52
eileen-jones,Ghost Town,85
eileen-jones,The Day the Earth Stood Still,21
eileen-jones,High School Musical 3: Senior Year,63
eileen-jones,Shutter Island,68
eileen-jones,Scott Pilgrim vs. the World,82
eileen-jones,Tropic Thunder,82
eileen-jones,WALL-E,95
eileen-jones,Up,98
eileen-jones,Burn After Reading,78
eileen-jones,The Hangover,78
eileen-jones,Fright Night,72
eileen-jones,Predators,64
eileen-jones,Harry Potter and the Half-Blood Prince,84
eileen-jones,Terminator Salvation,33
eileen-jones,Rise of the Planet of the Apes,82
eileen-jones,Horrible Bosses,69
eileen-jones,2012,39
eileen-jones,Capitalism: A Love Story,74
eileen-jones,Red Cliff,91
eileen-jones,Avatar,82
eileen-jones,13 Assassins,95
eileen-jones,Super 8,81
eileen-jones,Get Him to the Greek,72
eileen-jones,Pineapple Express,69
oliver-jones,Mank,88
oliver-jones,One Night in Miami,88
oliver-jones,The Trial of the Chicago 7,50
oliver-jones,The Nest,50
oliver-jones,Mulan,50
oliver-jones,Bill & Ted Face the Music,63
oliver-jones,The One and Only Ivan,50
oliver-jones,The Rental,50
oliver-jones,The Painted Bird,75
oliver-jones,Palm Springs,88
oliver-jones,The Truth,75
oliver-jones,Irresistible,25
oliver-jones,Da 5 Bloods,88
oliver-jones,The King of Staten Island,63
oliver-jones,Shirley,75
oliver-jones,The High Note,88
oliver-jones,The Lovebirds,38
oliver-jones,Inheritance,25
oliver-jones,Scoob!,63
oliver-jones,Arkansas,63
oliver-jones,All Day and a Night,75
oliver-jones,True History of the Kelly Gang,75
oliver-jones,Selah and the Spades,38
oliver-jones,The Banker,50
oliver-jones,The Invisible Man,75
oliver-jones,Onward,38
oliver-jones,The Photograph,75
oliver-jones,Sonic the Hedgehog,75
oliver-jones,The Lodge,50
oliver-jones,The Rhythm Section,63
oliver-jones,The Turning,13
oliver-jones,Bad Boys for Life,75
oliver-jones,Dolittle,38
oliver-jones,Just Mercy,75
oliver-jones,Uncut Gems,88
oliver-jones,Portrait of a Lady on Fire,100
oliver-jones,Frozen II,50
oliver-jones,Last Christmas,50
oliver-jones,Parasite,88
oliver-jones,Maleficent: Mistress of Evil,38
oliver-jones,Lucy in the Sky,75
oliver-jones,Rambo: Last Blood,13
oliver-jones,Ad Astra,63
oliver-jones,It Chapter Two,50
oliver-jones,Official Secrets,88
oliver-jones,Angel Has Fallen,63
oliver-jones,"Where'd You Go, Bernadette",38
oliver-jones,Blinded by the Light,75
oliver-jones,Good Boys,63
oliver-jones,The Kitchen,25
nate-jones,Little Joe,68
nate-jones,Atlantics,96
nate-jones,Bacurau,91
nate-jones,The Dead Don't Die,55
nate-jones,Paradise Hills,64
nate-jones,This is not Berlin,82
nate-jones,Apollo 11,99
nate-jones,The Report,82
sarah-jones,Bombshell,69
sarah-jones,Heroin,100
hristian-jones,Two Evil Eyes,70
hristian-jones,The Valley of Gwangi,60
monique-jones,Us Kids,100
monique-jones,Unprescribed,100
monique-jones,Mulan,74
monique-jones,Black Is King,95
monique-jones,Uncorked,91
monique-jones,The Lovebirds,65
monique-jones,Toss It,71
monique-jones,Soundwave,85
monique-jones,Blood Quantum,90
monique-jones,The Dalai Lama: Scientist,88
monique-jones,Tigertail,81
monique-jones,Tyler Perry's A Fall from Grace,17
monique-jones,Queen & Slim,82
monique-jones,The Little Mermaid Live!,36
monique-jones,Be Natural: The Untold Story of Alice Guy-Blaché,95
monique-jones,Spider-Man: Far From Home,90
monique-jones,Purdah,100
monique-jones,Aladdin,57
monique-jones,Always Be My Maybe,89
monique-jones,Avengers: Endgame,94
monique-jones,Fast Color,81
monique-jones,Ekaj,100
monique-jones,Guava Island,76
monique-jones,Us,93
monique-jones,Captain Marvel,79
monique-jones,Solo: A Star Wars Story,69
monique-jones,Guardians of the Galaxy Vol. 2,85
monique-jones,Avengers: Infinity War,85
monique-jones,Pacific Rim Uprising,43
monique-jones,BlacKkKlansman,96
monique-jones,Where Hands Touch,43
monique-jones,Roma,96
monique-jones,Mowgli: Legend of the Jungle,53
monique-jones,Rogue One: A Star Wars Story,84
monique-jones,Spider-Man: Homecoming,92
monique-jones,Black Panther,97
monique-jones,A Wrinkle in Time,42
bridget-jones,The Breaker Upperers,80
endy-jones,Freaky,70
endy-jones,Dating Amber,60
endy-jones,Wolfwalkers,100
endy-jones,Spell,30
endy-jones,The Craft: Legacy,50
endy-jones,Shadow in the Cloud,40
endy-jones,Borat: Subsequent Moviefilm,80
endy-jones,Shiva Baby,90
endy-jones,French Exit,70
endy-jones,Time,100
endy-jones,Love and Monsters,80
endy-jones,Over the Moon,80
endy-jones,Charm City Kings,80
endy-jones,Totally Under Control,70
endy-jones,Vampires vs. The Bronx,60
endy-jones,Scare Me,60
endy-jones,On The Rocks,70
endy-jones,Nomadland,90
endy-jones,Antebellum,0
endy-jones,Kajillionaire,100
endy-jones,The Devil All the Time,60
endy-jones,Tenet,50
endy-jones,Tahara,80
endy-jones,The Broken Hearts Gallery,60
endy-jones,The Paper Tigers,80
endy-jones,I'm Thinking of Ending Things,80
endy-jones,Mulan,60
endy-jones,Class Action Park,70
endy-jones,Bill & Ted Face the Music,70
endy-jones,The New Mutants,30
endy-jones,The Columnist,80
endy-jones,You Cannot Kill David Arquette,80
endy-jones,Random Acts of Violence,40
endy-jones,Feels Good Man,80
endy-jones,The One and Only Ivan,80
endy-jones,Project Power,40
endy-jones,Black Is King,90
endy-jones,An American Pickle,60
endy-jones,She Dies Tomorrow,80
endy-jones,The Rental,50
endy-jones,The Old Guard,80
endy-jones,The Beach House,40
endy-jones,Palm Springs,80
endy-jones,Desperados,10
endy-jones,Hamilton,80
endy-jones,My Spy,60
endy-jones,Irresistible,20
endy-jones,Babyteeth,50
endy-jones,You Should Have Left,50
endy-jones,Dads,70
had-jones,Bodied,75
had-jones,Don't Leave Home,50
justin-jones,Relic,91
justin-jones,The King of Staten Island,74
justin-jones,Bloodshot,30
justin-jones,The Hunt,57
justin-jones,The Lodge,74
justin-jones,6 Underground,36
justin-jones,Bad Boys for Life,77
justin-jones,Uncut Gems,92
justin-jones,Wonder Woman: Bloodlines,88
justin-jones,The Lighthouse,90
justin-jones,Jojo Rabbit,80
justin-jones,The Death of Dick Long,75
justin-jones,Donnybrook,39
justin-jones,Apostle,78
justin-jones,Overlord,81
justin-jones,Halloween,79
amy-jones,Miss Americana,80
dylan-jones,Hitsville: The Making Of Motown,100
alph-jones,Too Hot to Handle: Season 1,37
hard-jordan,Star Wars: The Rise of Skywalker,60
hard-jordan,Knives Out,100
hard-jordan,Frozen II,80
hard-jordan,Ford v Ferrari,80
hard-jordan,Terminator: Dark Fate,60
hard-jordan,Joker,80
hard-jordan,Ad Astra,80
hard-jordan,Fast & Furious Presents: Hobbs & Shaw,80
hard-jordan,The Lion King,60
hard-jordan,Brightburn,60
hard-jordan,Aladdin,60
hard-jordan,John Wick: Chapter 3 - Parabellum,80
hard-jordan,Interstellar,80
hard-jordan,Interstellar,80
hard-jordan,Dawn Of The Planet Of The Apes,80
hard-jordan,Plastic,40
hard-jordan,The Last Days On Mars,60
hard-jordan,RoboCop,80
hard-jordan,Argo,80
hard-jordan,Red Lights,60
hard-jordan,Harry Potter and the Deathly Hallows - Part 2,80
hard-jordan,Kung Fu Panda 2,80
hard-jordan,No Strings Attached,60
hard-jordan,Fred: The Movie,20
hard-jordan,Max Manus: Man of War,80
aisha-jordan,Shaft,33
aisha-jordan,Rocketman,89
aisha-jordan,Us,93
aisha-jordan,Creed II,83
aisha-jordan,Fantastic Beasts: The Crimes of Grindelwald,36
aisha-jordan,Bohemian Rhapsody,60
aisha-jordan,A Simple Favor,84
aisha-jordan,White Boy Rick,58
aisha-jordan,The Spy Who Dumped Me,49
aisha-jordan,The First Purge,56
aisha-jordan,Jurassic World: Fallen Kingdom,47
aisha-jordan,"I, Tonya",89
aisha-jordan,Rampage,51
aisha-jordan,Valerian and the City of a Thousand Planets,48
aisha-jordan,Atomic Blonde,78
om-jorgensen,The Lodge,60
om-jorgensen,Color Out of Space,80
om-jorgensen,The Gentlemen,40
om-jorgensen,For All Mankind,85
om-jorgensen,Doctor Sleep,85
om-jorgensen,Jay & Silent Bob Reboot,70
om-jorgensen,Night Hunter,45
om-jorgensen,Scrawl,20
om-jorgensen,Aladdin,0
om-jorgensen,Creed II,60
om-jorgensen,The Nun,55
om-jorgensen,Super Troopers 2,70
odd-jorgenson,Make Up,100
odd-jorgenson,Recon,0
odd-jorgenson,The Giant,46
odd-jorgenson,Fatman,40
odd-jorgenson,Echo Boomers,35
odd-jorgenson,The Climb,91
odd-jorgenson,Chick Fight,35
odd-jorgenson,Come Away,36
odd-jorgenson,Dating Amber,94
odd-jorgenson,Jungleland,71
odd-jorgenson,Let Him Go,78
odd-jorgenson,The Place of No Words,69
odd-jorgenson,The Kid Detective,82
odd-jorgenson,The State of Texas vs. Melissa,80
odd-jorgenson,Proxima,83
odd-jorgenson,Mortal,54
odd-jorgenson,Luxor,96
odd-jorgenson,Kindred,73
odd-jorgenson,The Dark and the Wicked,90
odd-jorgenson,Higher Love,100
odd-jorgenson,Love and Monsters,91
odd-jorgenson,Come Play,55
odd-jorgenson,The True Adventures of Wolfboy,78
odd-jorgenson,The Donut King,96
odd-jorgenson,The Witches,50
odd-jorgenson,Synchronic,81
odd-jorgenson,Rebecca,41
odd-jorgenson,Friendsgiving,23
odd-jorgenson,Radium Girls,78
odd-jorgenson,Clouds,75
odd-jorgenson,Bad Hair,63
odd-jorgenson,Honest Thief,40
odd-jorgenson,Shithouse,96
odd-jorgenson,She Is the Ocean,0
odd-jorgenson,The Opening Act,83
odd-jorgenson,"Harry Chapin: When in Doubt, Do Something",100
odd-jorgenson,The Devil Has a Name,33
odd-jorgenson,The Wolf of Snow Hollow,89
odd-jorgenson,Eternal Beauty,80
odd-jorgenson,The Doorman,11
odd-jorgenson,Yellow Rose,85
odd-jorgenson,The War with Grandpa,29
odd-jorgenson,Time,99
odd-jorgenson,Major Arcana,88
odd-jorgenson,From the Vine,79
odd-jorgenson,Spontaneous,98
odd-jorgenson,On The Rocks,86
odd-jorgenson,Possessor: Uncut,93
odd-jorgenson,2067,28
odd-jorgenson,12 Hour Shift,76
matt-joseph,The Sunset Limited,70
matt-joseph,1917,60
matt-joseph,I Spit on Your Grave,51
matt-joseph,Maze Runner: The Death Cure,50
matt-joseph,Bright,40
matt-joseph,Miracles from Heaven,50
matt-joseph,All Good Things,70
matt-joseph,Summer of Blood,50
matt-joseph,Noah,80
matt-joseph,Leave The World Behind,70
matt-joseph,Justin Bieber's Believe,70
matt-joseph,Unstoppable,70
matt-joseph,Hereafter,30
matt-joseph,Jackass 3,80
matt-joseph,Red,50
matt-joseph,Conviction,60
matt-joseph,The Social Network,100
matt-joseph,Mesrine: Killer Instinct,80
matt-joseph,Case 39,40
matt-joseph,Inception,100
matt-joseph,Centurion,70
matt-joseph,The Expendables,80
matt-joseph,Scott Pilgrim vs. the World,80
matt-joseph,Predators,70
matt-joseph,The Karate Kid,30
matt-joseph,Grown Ups,50
matt-joseph,Killers,30
matt-joseph,Get Him to the Greek,80
matt-joseph,Shrek Forever After,60
matt-joseph,Toy Story 3,100
matt-joseph,The Other Guys,60
matt-joseph,Dinner for Schmucks,40
matt-joseph,Salt,40
matt-joseph,Machete,60
matt-joseph,The Last Exorcism,20
matt-joseph,Takers,80
matt-joseph,Mesrine: Public Enemy #1,90
matt-joseph,Due Date,80
matt-joseph,The Warrior's Way,50
matt-joseph,Love and Other Drugs,70
matt-joseph,Saw 3D,50
matt-joseph,Casino Jack,70
matt-joseph,Disconnect,100
matt-joseph,All the Boys Love Mandy Lane,50
matt-joseph,Enough Said,100
matt-joseph,Only Lovers Left Alive,70
matt-joseph,The Fighter,90
matt-joseph,True Grit,90
matt-joseph,No Strings Attached,70
matt-joseph,The Company Men,80
eric-joseph,Wonder Woman: Bloodlines,90
eric-joseph,Batman: Hush,90
eric-joseph,Batman vs Teenage Mutant Ninja Turtles,70
eric-joseph,Justice League vs the Fatal Five,80
eric-joseph,The Death of Superman / Reign of the Supermen Double Feature,70
eric-joseph,Batman Ninja,30
eric-joseph,Suicide Squad: Hell to Pay,90
eric-joseph,Batman: Gotham by Gaslight,90
eric-joseph,Batman vs. Two-Face,80
eric-joseph,Batman and Harley Quinn,60
eric-joseph,Teen Titans: The Judas Contract,80
eric-joseph,Batman Unlimited: Mechs vs. Mutants,40
hante-joseph,Black Is King,80
namrata-josh,A Thin Wall,0
namrata-josh,Milestone,0
namrata-josh,Bhonsle,100
namrata-josh,Dil Bechara,87
namrata-josh,Raat Akeli Hai,100
namrata-josh,Shakuntala Devi,88
namrata-josh,Apples,100
namrata-josh,Under the Open Sky,100
namrata-josh,The Boy from Medellín,73
namrata-josh,The Way I See It,86
namrata-josh,One Night in Miami,97
namrata-josh,Bulbbul,82
namrata-josh,Gulabo Sitabo,73
namrata-josh,English Medium,46
namrata-josh,Thappad,93
namrata-josh,I Am Kalam,40
namrata-josh,Parasite,99
namrata-josh,Little Women,95
namrata-josh,Panga,94
namrata-josh,Jawaani Jaaneman,69
namrata-josh,A Beautiful Day in the Neighborhood,95
namrata-josh,1917,89
namrata-josh,Tanhaji: The Unsung Warrior,73
namrata-josh,Chhapaak,88
namrata-josh,Good Newwz,75
namrata-josh,Spies in Disguise,76
namrata-josh,Ghost Stories,33
namrata-josh,Mardaani 2,50
namrata-josh,Panipat,43
namrata-josh,The Irishman,96
namrata-josh,Marjaavaan,8
namrata-josh,Pagalpanti,0
namrata-josh,Laal Kaptaan,11
namrata-josh,Hustlers,87
namrata-josh,Pal Pal Dil Ke Paas,20
namrata-josh,The Zoya Factor,42
namrata-josh,Mission Mangal,60
namrata-josh,Batla House,42
namrata-josh,Ash Is Purest White,99
namrata-josh,Fast & Furious Presents: Hobbs & Shaw,67
namrata-josh,Arjun Patiala,0
namrata-josh,Judgementall Hai Kya,67
namrata-josh,The Lion King,52
namrata-josh,Super 30,31
namrata-josh,Malaal,38
namrata-josh,Article 15,89
namrata-josh,Kabir Singh,23
namrata-josh,Bharat,32
namrata-josh,Student of the Year 2,6
namrata-josh,Blank,0
bailey-jo-josie,Once Upon a River,68
felix-vasquez-j,A Good Woman Is Hard to Find,92
felix-vasquez-j,Haunt,70
felix-vasquez-j,Noise in the Middle,0
felix-vasquez-j,Scare Me,82
felix-vasquez-j,#Alive,88
felix-vasquez-j,Scare Package,80
felix-vasquez-j,Frank & Zed,93
felix-vasquez-j,Tales From The Hood 3,0
felix-vasquez-j,Stay Tuned,47
felix-vasquez-j,Murder in the Woods,82
felix-vasquez-j,Vampires vs. The Bronx,88
felix-vasquez-j,Shortcut,54
felix-vasquez-j,Cuties,87
felix-vasquez-j,Hail to the Deadites,82
felix-vasquez-j,Feels Good Man,96
felix-vasquez-j,The Babysitter: Killer Queen,48
felix-vasquez-j,Alone,94
felix-vasquez-j,King of the Ants,90
felix-vasquez-j,Elodie,67
felix-vasquez-j,Sixteen Candles,84
felix-vasquez-j,RAD,40
felix-vasquez-j,Deep Blue Sea 3,69
felix-vasquez-j,Perfect,21
felix-vasquez-j,Mondo Balordo,0
felix-vasquez-j,1BR,86
felix-vasquez-j,In Action,0
felix-vasquez-j,Stadium Anthems,0
felix-vasquez-j,Cassandro the Exotico!,85
felix-vasquez-j,Mucho Mucho Amor: The Legend of Walter Mercado,100
felix-vasquez-j,Mädchen in Uniform,100
felix-vasquez-j,Return to Return to Nuke 'Em High Aka Vol. 2,0
felix-vasquez-j,Hot Dog: The Movie,0
felix-vasquez-j,Blood & Flesh: The Reel Life & Ghastly Death of Al Adamson,100
felix-vasquez-j,Viktor And Viktoria,100
felix-vasquez-j,Michael,94
felix-vasquez-j,Horrors of Spider Island,0
felix-vasquez-j,Knives Out,97
felix-vasquez-j,The Man in the Iron Mask,32
felix-vasquez-j,Hello Mary Lou: Prom Night II,53
felix-vasquez-j,Scoob!,48
felix-vasquez-j,Blood Machines,78
felix-vasquez-j,Dark Whispers - Volume 1,0
felix-vasquez-j,Klute,93
felix-vasquez-j,Gemini Man,26
felix-vasquez-j,Blood Quantum,90
felix-vasquez-j,Very Bad Things,41
felix-vasquez-j,The Adventure Club,20
felix-vasquez-j,R.L. Stine's Monsterville: Cabinet of Souls,0
felix-vasquez-j,Birds of Prey,78
felix-vasquez-j,By Day's End,0
glenn-heath-j,The Village Home,86
glenn-heath-j,Stray,71
glenn-heath-j,Chess of the Wind,86
glenn-heath-j,Death of Nintendo,56
glenn-heath-j,"Genus, Pan",79
glenn-heath-j,Straight Up,63
glenn-heath-j,Come to Daddy,63
glenn-heath-j,Richard Jewell,79
glenn-heath-j,Dark Waters,71
glenn-heath-j,The Rhythm Section,63
glenn-heath-j,Blast Beat,56
glenn-heath-j,The Man Who Killed Don Quixote,20
glenn-heath-j,A Hidden Life,81
glenn-heath-j,63 Up,98
glenn-heath-j,Waves,84
glenn-heath-j,Here For Life,80
glenn-heath-j,Synonyms,88
glenn-heath-j,The Irishman,96
glenn-heath-j,Frankie,58
glenn-heath-j,Luce,60
glenn-heath-j,Jojo Rabbit,80
glenn-heath-j,The Lighthouse,90
glenn-heath-j,Pain and Glory,97
glenn-heath-j,Raise Hell: The Life & Times of Molly Ivins,95
glenn-heath-j,First Love,97
glenn-heath-j,Judy,82
glenn-heath-j,Monos,92
glenn-heath-j,A Bigger Splash,100
glenn-heath-j,Ad Astra,83
glenn-heath-j,Los Reyes,100
glenn-heath-j,Before You Know It,83
glenn-heath-j,A Faithful Man,81
glenn-heath-j,Aquarela,87
glenn-heath-j,Rojo,96
glenn-heath-j,The Nightingale,86
glenn-heath-j,One Child Nation,98
glenn-heath-j,Them That Follow,59
glenn-heath-j,Piranhas,58
glenn-heath-j,At War,70
glenn-heath-j,David Crosby: Remember My Name,92
glenn-heath-j,Once Upon a Time In Hollywood,85
glenn-heath-j,Marianne & Leonard: Words of Love,79
glenn-heath-j,Sword of Trust,93
glenn-heath-j,The Art of Self-Defense,84
glenn-heath-j,Toni Morrison: The Pieces I Am,97
glenn-heath-j,Our Time,63
glenn-heath-j,Maiden,98
glenn-heath-j,Midsommar,83
glenn-heath-j,Paris Is Burning,98
glenn-heath-j,Being Frank,33
kenneth-seward-j,Io,60
kenneth-seward-j,Malevolent,40
kenneth-seward-j,The Legacy of a Whitetail Deer Hunter,0
kenneth-seward-j,Extinction,33
kenneth-seward-j,Woman Walks Ahead,80
kenneth-seward-j,The Yellow Birds,60
kenneth-seward-j,Set It Up,0
kenneth-seward-j,Terminal,75
kenneth-seward-j,First Match,0
kenneth-seward-j,Ravenous,80
brandon-judell,Attack of the Demons,57
brandon-judell,She Dies Tomorrow,85
brandon-judell,No One's Life Is Easy,0
brandon-judell,"I, Pastafari: A Flying Spaghetti Monster Story",80
brandon-judell,Marona's Fantastic Tale,80
brandon-judell,You Don't Nomi,80
brandon-judell,American Muslim,0
brandon-judell,The Quarry,41
brandon-judell,Changing the Game,100
brandon-judell,Harriet,74
brandon-judell,Sauvage / Wild,90
brandon-judell,Socrates,89
brandon-judell,The Blonde One,92
brandon-judell,Aquarela,87
brandon-judell,Fast & Furious Presents: Hobbs & Shaw,67
brandon-judell,The Nightingale,86
brandon-judell,The Plagiarists,77
brandon-judell,Fig Tree,83
brandon-judell,Redemption,100
brandon-judell,Red Cow,0
brandon-judell,Woodstock: Three Days That Defined a Generation,86
brandon-judell,The Mystic Masseur,51
brandon-judell,Close,40
brandon-judell,The Plague,0
brandon-judell,A Streetcar Named Desire,90
brandon-judell,"Pano, kato kai plagios,",0
brandon-judell,The Wild Boys,90
brandon-judell,Loose Cannons,72
brandon-judell,Night Watch,0
brandon-judell,The Joy of Life,92
brandon-judell,Little Sky,0
brandon-judell,Tempus fugit,0
brandon-judell,The Last Mitterrand,50
brandon-judell,November,31
brandon-judell,The Happytime Murders,23
brandon-judell,We the Animals,100
brandon-judell,The Darkest Minds,16
brandon-judell,The Dancer Upstairs,64
brandon-judell,Damascus Cover,14
brandon-judell,Mission: Impossible - Fallout,97
brandon-judell,Lawless Heart,87
brandon-judell,Jurassic World: Fallen Kingdom,47
brandon-judell,Brothers,89
brandon-judell,Ellie Parker,51
brandon-judell,That Man: Peter Berlin,93
brandon-judell,9 Songs,24
brandon-judell,5x2,65
brandon-judell,Days of Santiago,100
brandon-judell,Metallic Blues,0
brandon-judell,Three Dancing Slaves,41
jim-judy,Come Play,70
jim-judy,Love and Monsters,65
jim-judy,Come Away,50
jim-judy,Fatman,45
jim-judy,Freaky,55
jim-judy,Let Him Go,60
jim-judy,Operation Christmas Drop,50
jim-judy,The Trial of the Chicago 7,91
jim-judy,Honest Thief,40
jim-judy,The Devil Has a Name,33
jim-judy,2 Hearts,19
jim-judy,The War with Grandpa,50
jim-judy,A Rainy Day in New York,50
jim-judy,Enola Holmes,91
jim-judy,Kajillionaire,89
jim-judy,Misbehaviour,84
jim-judy,Secret Society of Second-Born Royals,55
jim-judy,Infidel,58
jim-judy,Blackbird,62
jim-judy,Antebellum,28
jim-judy,The Broken Hearts Gallery,78
jim-judy,I Am Woman,64
jim-judy,Mulan,74
jim-judy,I'm Thinking of Ending Things,81
jim-judy,Tenet,71
jim-judy,The Personal History of David Copperfield,92
jim-judy,Get Duked!,87
jim-judy,Bill & Ted Face the Music,82
jim-judy,All Together Now,74
jim-judy,Words on Bathroom Walls,89
jim-judy,Unhinged,47
jim-judy,Tesla,60
jim-judy,The One and Only Ivan,70
jim-judy,Chemical Hearts,62
jim-judy,Project Power,60
jim-judy,Ghosts of War,38
jim-judy,The Sunlit Night,35
jim-judy,The Rental,75
jim-judy,Radioactive,61
jim-judy,Most Wanted,69
jim-judy,Animal Crackers,64
jim-judy,The Secret: Dare to Dream,29
jim-judy,The Secret Garden,66
jim-judy,Made in Italy,49
jim-judy,Sometimes Always Never,83
jim-judy,The Old Guard,81
jim-judy,Greyhound,79
jim-judy,The Outpost,92
jim-judy,Hamilton,98
jim-judy,Irresistible,40
jordan-julian,Everybody's Everything,100
jordan-julian,A Christmas Prince: The Royal Baby,33
jordan-julian,The Knight Before Christmas,70
jordan-julian,Last Christmas,47
jordan-julian,Escaping the NXIVM Cult: A Mother's Fight to Save Her Daughter,0
beandrea-july,Definition Please,0
beandrea-july,Identifying Features,100
beandrea-july,John Lewis: Good Trouble,96
beandrea-july,The Lovebirds,65
beandrea-july,Time,99
beandrea-july,Harriet,74
beandrea-july,The Apollo,95
beandrea-july,"The Bronx, USA",100
beandrea-july,All the Bright Places,66
beandrea-july,The Last Black Man in San Francisco,92
beandrea-july,The Photograph,74
beandrea-july,Charm City Kings,81
beandrea-july,Run Sweetheart Run,71
beandrea-july,Some Kind of Heaven,100
beandrea-july,Disclosure,98
beandrea-july,Giving Voice,0
beandrea-july,Farewell Amor,100
beandrea-july,Beast Beast,70
beandrea-july,Aggie,75
beandrea-july,The Forty-Year-Old Version,98
beandrea-july,On the Record,99
beandrea-july,The Fight,98
beandrea-july,Angelfish,86
beandrea-july,Charlie's Angels,52
beandrea-july,Liberty: Mother of Exiles,0
beandrea-july,Sister Aimee,65
beandrea-july,Dads,94
beandrea-july,Comets,60
beandrea-july,"Bikram: Yogi, Guru, Predator",96
beandrea-july,The Obituary of Tunde Johnson,83
beandrea-july,Hustlers,87
beandrea-july,Tammy's Always Dying,75
beandrea-july,"While I Breathe, I Hope",0
beandrea-july,The Devil Has a Name,33
beandrea-july,Almost Love,67
beandrea-july,Queering The Script,100
beandrea-july,Holy Trinity,82
beandrea-july,Always Be My Maybe,89
beandrea-july,Poms,35
beandrea-july,Toni Morrison: The Pieces I Am,97
beandrea-july,Someone Great,82
beandrea-july,Little,46
beandrea-july,Why Can't I Be Me? Around You,0
beandrea-july,Olympic Dreams,70
beandrea-july,Kathy Griffin: A Hell of a Story,0
beandrea-july,Adopt a Highway,69
beandrea-july,Bellingcat: Truth in a Post-Truth World,100
beandrea-july,Darlin',70
beandrea-july,Vision Portraits,100
beandrea-july,"Yes, God, Yes",94
kelsey-juntwa,Good Trouble: Season 1,100
neal-justin,Mary & Martha,56
neal-justin,Mulan,74
neal-justin,Cinema Verite,61
neal-justin,Hemingway & Gellhorn,49
neal-justin,Togo,92
neal-justin,Miranda Sings Live...Your Welcome,0
neal-justin,Anthony Jeselnik: Fire in the Maternity Ward,80
neal-justin,Bill Burr Presents Iantalk: Ideas Not Worth Spreading,0
neal-justin,T.J. Miller: Meticulously Ridiculous,88
neal-justin,Whitney Cummings: I'm Your Girlfriend,80
neal-justin,"Ray Romano: Right Here, Around the Corner",57
neal-justin,"Ken Jeong: You Complete Me, Ho",38
neal-justin,David Cross: Making America Great Again,71
neal-justin,At the Heart of Gold: Inside the USA Gymnastics Scandal,100
neal-justin,Ken Burns: The Civil War,100
neal-justin,Stan & Ollie,63
neal-justin,Aquaman,75
neal-justin,The Ballad of Buster Scruggs,75
neal-justin,The Girl in the Spider's Web,63
neal-justin,Notes From The Field,100
neal-justin,Trouble No More,100
neal-justin,The Problem with Apu,90
neal-justin,Dumb: The Story of Big Brother Magazine,100
neal-justin,Confirmation,88
neal-justin,Annie,63
neal-justin,Salinger,36
neal-justin,Conan O'Brien Can't Stop,75
lee-jutton,Koko-di Koko-da,82
lee-jutton,Smooth Talk,88
lee-jutton,"Kárhozat,",94
lee-jutton,Swimming Out Till the Sea Turns Blue,71
lee-jutton,Beginning,100
lee-jutton,Tragic Jungle,90
lee-jutton,Eternal Beauty,80
lee-jutton,The Woman Who Ran,100
lee-jutton,Night of the Kings,97
lee-jutton,Children of the Sea,61
lee-jutton,The Hole,85
lee-jutton,The Portuguese Woman,86
lee-jutton,Train to Busan Presents: Peninsula,52
lee-jutton,The August Virgin,90
lee-jutton,Red Penguins,98
lee-jutton,Sputnik,89
lee-jutton,Personal Problems,100
lee-jutton,7500,70
lee-jutton,"Family Romance, LLC",75
lee-jutton,House of Hummingbird,100
lee-jutton,Mr. Jones,84
lee-jutton,No Home Movie,89
lee-jutton,Warum Lauft Herr R. Amok?,100
lee-jutton,Babyteeth,94
lee-jutton,Closeness,87
lee-jutton,The Wolf House,95
lee-jutton,The Last Laugh,100
lee-jutton,Série Noire,0
lee-jutton,"A White, White Day",96
lee-jutton,Young Ahmed,59
lee-jutton,Marcel Duchamp: The Art of the Possible,50
lee-jutton,Bacurau,91
lee-jutton,Synonyms,88
lee-jutton,Beyond the Visible - Hilma af Klint,96
lee-jutton,Swallow,88
lee-jutton,Foosballers,100
lee-jutton,Flint: The Poisoning of an American City,0
lee-jutton,VFW,81
lee-jutton,The Rhythm Section,28
lee-jutton,Goalie,10
lee-jutton,I Wish I Knew,100
lee-jutton,Seberg,35
lee-jutton,System Crasher,94
lee-jutton,Atlantics,96
lee-jutton,What She Said: The Art of Pauline Kael,88
lee-jutton,House of Cardin,92
lee-jutton,Queen of Hearts,97
lee-jutton,A German Youth,100
lee-jutton,Western Stars,94
lee-jutton,The Lighthouse,90
h-juzwiak,Freaky,85
h-juzwiak,Borat: Subsequent Moviefilm,86
h-juzwiak,American Murder: The Family Next Door,85
h-juzwiak,This Is Paris,63
h-juzwiak,Skin: A History of Nudity in the Movies,83
h-juzwiak,Recorder: The Marion Stokes Project,95
h-juzwiak,The High Note,70
h-juzwiak,Portrait of a Lady on Fire,98
h-juzwiak,Atlantics,96
h-juzwiak,Liberté,68
h-juzwiak,Parasite,99
h-juzwiak,Last Christmas,47
h-juzwiak,It Chapter Two,63
h-juzwiak,Adam,74
h-juzwiak,47 Meters Down: Uncaged,45
h-juzwiak,Once Upon a Time In Hollywood,85
h-juzwiak,Annabelle Comes Home,64
h-juzwiak,Child's Play,63
h-juzwiak,Ma,55
h-juzwiak,The Haunting of Sharon Tate,19
h-juzwiak,Destroyer,73
h-juzwiak,Vox Lux,61
h-juzwiak,Bird Box,63
h-juzwiak,Amazing Grace,99
h-juzwiak,Boy Erased,80
h-juzwiak,Halloween,79
h-juzwiak,A Star Is Born,90
h-juzwiak,First Man,87
h-juzwiak,Her Smell,84
h-juzwiak,The Happytime Murders,23
h-juzwiak,The Meg,45
h-juzwiak,Whitney,88
h-juzwiak,Jurassic World: Fallen Kingdom,47
h-juzwiak,La La Land,91
h-juzwiak,Deadpool,85
h-juzwiak,It,87
h-juzwiak,Kidnap,36
h-juzwiak,Don't Breathe,88
h-juzwiak,Doctor Strange,89
h-juzwiak,The Edge of Seventeen,94
h-juzwiak,T2 Trainspotting,81
h-juzwiak,The Death and Life of Marsha P. Johnson,96
h-juzwiak,Alien: Covenant,65
h-juzwiak,Call Me by Your Name,94
h-juzwiak,The Disaster Artist,91
h-juzwiak,Red Sparrow,45
h-juzwiak,Adrift,69
h-juzwiak,"Love, Simon",91
h-juzwiak,Duck Butter,57
h-juzwiak,Alex Strangelove,80
