emily-yah,Ring of Fire,33
jen-yamato,Train to Busan Presents: Peninsula,52
jen-yamato,Eurovision Song Contest: The Story of Fire Saga,64
jen-yamato,Pahokee,100
jen-yamato,Selah and the Spades,88
jen-yamato,The Disappearance of My Mother,96
jen-yamato,Knives and Skin,68
jen-yamato,Honey Boy,94
jen-yamato,It Chapter Two,63
jen-yamato,John Wick: Chapter 3 - Parabellum,90
jen-yamato,Go for Broke,0
jen-yamato,Deadpool 2,84
jen-yamato,It,85
jen-yamato,Ingrid Goes West,86
jen-yamato,Baywatch,17
jen-yamato,Hounds of Love,88
jen-yamato,Dead Awake,20
jen-yamato,The Transfiguration,85
jen-yamato,Rogue One: A Star Wars Story,84
jen-yamato,Moana,95
jen-yamato,Doctor Strange,89
jen-yamato,The Accountant,52
jen-yamato,Under The Shadow,99
jen-yamato,Raw,92
jen-yamato,Mascots,49
jen-yamato,Amanda Knox,82
jen-yamato,Free Fire,69
jen-yamato,The Magnificent Seven,64
jen-yamato,Sully,85
jen-yamato,White Girl,72
jen-yamato,Skiptrace,38
jen-yamato,Sausage Party,82
jen-yamato,Suicide Squad,26
jen-yamato,Jason Bourne,54
jen-yamato,Blair Witch,37
jen-yamato,Star Trek Beyond,86
jen-yamato,Ghostbusters,74
jen-yamato,Tickled,94
jen-yamato,The Witness,90
jen-yamato,X-Men: Apocalypse,47
jen-yamato,The Nice Guys,92
jen-yamato,Captain America: Civil War,90
jen-yamato,Batman v Superman: Dawn of Justice,28
jen-yamato,Hardcore Henry,51
jen-yamato,Zoolander 2,22
jen-yamato,Deadpool,85
jen-yamato,The Birth of a Nation,73
jen-yamato,Southside With You,92
jen-yamato,The Greasy Strangler,63
jen-yamato,13 Hours: The Secret Soldiers Of Benghazi,51
jen-yamato,Star Wars: Episode VII - The Force Awakens,92
ynan-yanaga,Let Him Go,78
ynan-yanaga,"Harry Chapin: When in Doubt, Do Something",100
ynan-yanaga,Yellow Rose,85
ynan-yanaga,Herb Alpert is...,82
ynan-yanaga,Apocalypse '45,100
ynan-yanaga,Jazz on a Summer's Day,100
ynan-yanaga,I Used to Go Here,85
ynan-yanaga,Driveways,100
ynan-yanaga,Morocco,86
ynan-yanaga,She's in Portland,64
ynan-yanaga,"Standing Up, Falling Down",86
ynan-yanaga,Weathering with You,91
ynan-yanaga,Recorder: The Marion Stokes Project,95
ynan-yanaga,Philophobia,60
ynan-yanaga,The Gift: The Journey of Johnny Cash,94
ynan-yanaga,Inside the Rain,86
ynan-yanaga,Doing Money,0
ynan-yanaga,The Irishman,96
ynan-yanaga,Emanuel,100
ynan-yanaga,Onna ga kaidan wo agaru toki,100
ynan-yanaga,Otoko wa tsurai yo,0
ynan-yanaga,25 in 24,0
ynan-yanaga,Always Be My Maybe,89
ynan-yanaga,Echo In the Canyon,90
ynan-yanaga,Long Time Coming: A 1955 Baseball Story,71
ynan-yanaga,Troupers,0
ynan-yanaga,They All Laughed,44
ynan-yanaga,"Paris, Texas",97
ynan-yanaga,The Grief of Others,92
ynan-yanaga,"A Bread Factory, Part Two: Walk with Me a While",100
ynan-yanaga,"A Bread Factory, Part One: For the Sake of Gold",100
ynan-yanaga,The New Romantic,62
ynan-yanaga,Ramen Shop,88
ynan-yanaga,Better Start Running,33
ynan-yanaga,John McEnroe: In the Realm of Perfection,90
ynan-yanaga,Chappaquiddick,81
ynan-yanaga,To All the Boys I've Loved Before,96
ynan-yanaga,After the Storm,96
ynan-yanaga,Un Conte de Noël,86
ynan-yanaga,Body and Soul,100
ynan-yanaga,A Hard Day's Night,98
ynan-yanaga,Pickpocket,95
ynan-yanaga,The Fallen Idol,100
ynan-yanaga,Limelight,97
ynan-yanaga,That Man From Rio,92
justin-yandell,Gretel & Hansel,66
manu-yanez,New Order,67
manu-yanez,New Order,67
manu-yanez,Mainstream,40
manu-yanez,Pieces of a Woman,79
manu-yanez,The Human Voice,96
manu-yanez,Zombi Child,100
manu-yanez,Tenet,100
manu-yanez,"Where'd You Go, Bernadette",80
manu-yanez,"A White, White Day",80
manu-yanez,Knife + Heart,80
manu-yanez,The Perfect Candidate,60
manu-yanez,Domino,80
manu-yanez,Parasite,80
manu-yanez,Beanpole,80
manu-yanez,Les Perseides,80
manu-yanez,"Danses Macabres, Skeletons, and Other Fantasies",0
manu-yanez,Karelia: International with Monument,0
manu-yanez,Jordi's Letters,86
manu-yanez,"Those That, at a Distance, Resemble Another",80
manu-yanez,Liberté,80
manu-yanez,Love Me Not,0
manu-yanez,Vitalina Varela,98
manu-yanez,White on White,100
manu-yanez,About Endlessness,94
manu-yanez,The King,71
manu-yanez,Seberg,35
manu-yanez,The Laundromat,41
manu-yanez,Ema,89
manu-yanez,Martin Eden,84
manu-yanez,An Officer and a Spy,77
manu-yanez,Ad Astra,83
manu-yanez,Marriage Story,94
manu-yanez,Hotel by the River,100
manu-yanez,Joker,80
manu-yanez,John McEnroe: In the Realm of Perfection,100
manu-yanez,The Eyes of Orson Welles,80
manu-yanez,Ash Is Purest White,80
manu-yanez,The Lighthouse,90
manu-yanez,Pain and Glory,97
manu-yanez,Mirai,80
manu-yanez,The Favourite,90
manu-yanez,White Boy Rick,80
manu-yanez,The Old Man & the Gun,80
manu-yanez,Shoplifters,90
manu-yanez,Roma,80
manu-yanez,First Man,60
manu-yanez,Fahrenheit 11/9,60
manu-yanez,Facing the Wind,80
manu-yanez,The Image Book,90
manu-yanez,A Star Is Born,90
aaron-yap,Mulan,60
aaron-yap,Unhinged,60
aaron-yap,The Burnt Orange Heresy,40
aaron-yap,Bait,80
aaron-yap,The Platform,80
aaron-yap,Girl on the Third Floor,40
aaron-yap,The Lighthouse,80
aaron-yap,The Irishman,80
aaron-yap,Midsommar,80
aaron-yap,Rambo: Last Blood,60
aaron-yap,The Farewell,100
aaron-yap,Crawl,80
aaron-yap,Child's Play,60
aaron-yap,Us,80
aaron-yap,The Curse of La Llorona,20
aaron-yap,The House That Jack Built,60
aaron-yap,The Price of Everything,80
aaron-yap,If Beale Street Could Talk,100
aaron-yap,The Guilty,80
aaron-yap,Abducted in Plain Sight,80
aaron-yap,Green Book,60
aaron-yap,Bumblebee,60
aaron-yap,Pick of the Litter,80
aaron-yap,The Old Man & the Gun,80
aaron-yap,Suspiria,100
aaron-yap,The Other Side of the Wind,80
aaron-yap,A Star Is Born,60
aaron-yap,First Man,40
aaron-yap,The Nun,40
aaron-yap,Crazy Rich Asians,80
aaron-yap,The Meg,60
aaron-yap,Incredibles 2,80
aaron-yap,Cargo,80
aaron-yap,Kangaroo,80
aaron-yap,Hereditary,100
aaron-yap,Last Flag Flying,60
aaron-yap,Mary Magdalene,40
aaron-yap,Winchester,40
aaron-yap,Call Me by Your Name,80
aaron-yap,Justice League,40
aaron-yap,Borg Vs. McEnroe,60
aaron-yap,Final Portrait,40
aaron-yap,I Am Not Your Negro,100
aaron-yap,Annabelle: Creation,60
aaron-yap,47 Meters Down,60
aaron-yap,The Journey,60
aaron-yap,The Sense Of An Ending,40
aaron-yap,John Wick: Chapter 2,80
aaron-yap,A Dog's Purpose,40
aaron-yap,Winter at Westbeth,60
huck-yarborough,Onward,63
huck-yarborough,The Call of the Wild,40
huck-yarborough,A Beautiful Day in the Neighborhood,93
huck-yarborough,Sonic the Hedgehog,71
huck-yarborough,The Gentlemen,63
huck-yarborough,Dolittle,93
huck-yarborough,Underwater,48
huck-yarborough,1917,93
huck-yarborough,Cats,71
huck-yarborough,Uncut Gems,63
huck-yarborough,Spies in Disguise,76
huck-yarborough,Dark Waters,71
huck-yarborough,Midway,63
huck-yarborough,Jojo Rabbit,93
huck-yarborough,Zombieland: Double Tap,79
huck-yarborough,Gemini Man,79
huck-yarborough,Aquarela,71
huck-yarborough,Abominable,71
huck-yarborough,David Crosby: Remember My Name,63
huck-yarborough,Don't Let Go,56
huck-yarborough,The Peanut Butter Falcon,93
huck-yarborough,Dora and the Lost City of Gold,71
huck-yarborough,The Art of Racing in the Rain,79
huck-yarborough,Fast & Furious Presents: Hobbs & Shaw,93
huck-yarborough,The Fall of the American Empire,48
huck-yarborough,Midsommar,48
huck-yarborough,Men in Black International,24
huck-yarborough,Dark Phoenix,63
huck-yarborough,Rocketman,93
huck-yarborough,Aladdin,63
huck-yarborough,A Dog's Journey,63
huck-yarborough,Tolkien,93
huck-yarborough,Disneynature: Penguins,92
huck-yarborough,Bohemian Rhapsody,60
huck-yarborough,Straight Outta Compton,93
huck-yarborough,Glen Campbell: I'll Be Me,93
xavier-yarbrough,Legendary: Season 1,90
hannah-yasharoff,The Bachelor: Season 23,40
siena-yates,Avengers: Endgame,94
siena-yates,Aquaman,30
siena-yates,Making Fun: The Story of Funko,0
siena-yates,A Christmas Prince,73
siena-yates,The Greatest Showman,80
siena-yates,Thor: Ragnarok,90
siena-yates,Spookers,80
siena-yates,It Comes At Night,87
siena-yates,The Fate of the Furious,80
siena-yates,Bad Moms,50
siena-yates,Poi-E,90
ydney-yeates,Brassic: Series 1,100
ydney-yeates,I Am Not Okay With This: Season 1,80
ydney-yeates,Armistead Maupin's Tales of the City: Season 1,83
ydney-yeates,Orange Is the New Black: Season 7,90
ydney-yeates,Beecham House: Season 1,70
debra-yeo,Downton Abbey,75
debra-yeo,Bad Samaritan,50
kevin-yeoman,Apollo: Missions to the Moon,0
kevin-yeoman,Marvel Rising: Secret Warriors,100
kevin-yeoman,The Last Sharknado: It's About Time,27
kevin-yeoman,Psych: The Movie,100
kevin-yeoman,- Screen Ran,0
kevin-yeoman,Sharknado 5: Global Swarming,30
kevin-yeoman,A Very Murray Christmas,68
alamin-yohannes,Barbarians: Season 1,100
alamin-yohannes,Queen of the South: Season 3,80
alamin-yohannes,3%: Season 1,85
alamin-yohannes,Good Girls: Season 1,80
alamin-yohannes,Good Behavior: Season 2,50
ed-yong,Our Planet: Season 1,93
ed-yong,Blue Planet II: Miniseries,97
min-sik-yoon,Star Wars: The Rise of Skywalker,51
min-sik-yoon,Ashfall,70
min-sik-yoon,Forbidden Dream,0
min-sik-yoon,Jumanji: The Next Level,72
min-sik-yoon,The Two Popes,89
min-sik-yoon,Black Money,0
min-sik-yoon,The Divine Move 2: The Wrathful,0
min-sik-yoon,Terminator: Dark Fate,70
min-sik-yoon,Rambo: Last Blood,26
min-sik-yoon,The Journalist,100
min-sik-yoon,Joker,68
min-sik-yoon,The Battle of Jangsari,38
min-sik-yoon,Man of Men,0
min-sik-yoon,Yesterday,63
min-sik-yoon,The Bad Guys: Reign of Chaos,0
min-sik-yoon,Tune in for Love,0
min-sik-yoon,47 Meters Down: Uncaged,45
min-sik-yoon,Jesters: The Game Changers,0
min-sik-yoon,Ghost Walk,83
min-sik-yoon,The Battle: Roar to Victory,0
min-sik-yoon,My Name Is Kim Bok-dong,0
min-sik-yoon,The Divine Fury,44
min-sik-yoon,Exit,83
min-sik-yoon,The Culprit,0
min-sik-yoon,Spider-Man: Far From Home,90
min-sik-yoon,Men in Black International,40
min-sik-yoon,Parasite,99
min-sik-yoon,Aladdin,60
min-sik-yoon,A Boy and Sungreen,0
min-sik-yoon,Avengers: Endgame,94
min-sik-yoon,Shazam!,90
min-sik-yoon,The Spy Gone North,100
min-sik-yoon,Money,67
min-sik-yoon,Idol,56
min-sik-yoon,Captain Marvel,79
min-sik-yoon,A Resistance,0
min-sik-yoon,Svaha: The Sixth Finger,0
min-sik-yoon,Creed II,83
min-sik-yoon,Zombie for Sale,89
min-sik-yoon,Hit-and-Run Squad,0
min-sik-yoon,Innocent Witness,0
min-sik-yoon,February,0
min-sik-yoon,Unfinished,0
min-sik-yoon,High Society,0
min-sik-yoon,On Your Wedding Day,0
min-sik-yoon,Sunset in My Hometown,0
min-sik-yoon,The Drug King,80
min-sik-yoon,The Villagers,0
min-sik-yoon,The Wrath,80
min-sik-yoon,Mal-Mo-E: The Secret Mission,0
jeff-york,Freaky,75
jeff-york,Mank,63
jeff-york,Come Play,100
jeff-york,Borat: Subsequent Moviefilm,75
jeff-york,The Columnist,100
jeff-york,The Witches,63
jeff-york,Belushi,75
jeff-york,Nocturne,75
jeff-york,On The Rocks,88
jeff-york,The Glorias,63
jeff-york,The Trial of the Chicago 7,88
jeff-york,Enola Holmes,75
jeff-york,Antebellum,38
jeff-york,The Broken Hearts Gallery,50
jeff-york,The Social Dilemma,88
jeff-york,Mulan,75
jeff-york,Tenet,63
jeff-york,I'm Thinking of Ending Things,88
jeff-york,Rising Phoenix,100
jeff-york,Tesla,63
jeff-york,Unhinged,25
jeff-york,Chemical Hearts,38
jeff-york,Project Power,63
jeff-york,Boys State,88
jeff-york,She Dies Tomorrow,88
jeff-york,I Used to Go Here,75
jeff-york,The Rental,75
jeff-york,Palm Springs,100
jeff-york,Father Soldier Son,75
jeff-york,The Old Guard,75
jeff-york,Greyhound,88
jeff-york,The Truth,100
jeff-york,Athlete A,100
jeff-york,Irresistible,38
jeff-york,Da 5 Bloods,88
jeff-york,You Don't Nomi,50
jeff-york,Scoob!,75
jeff-york,To the Stars,50
jeff-york,Never Rarely Sometimes Always,100
jeff-york,Superman: Red Son,88
jeff-york,The Hunt,50
jeff-york,The Invisible Man,38
jeff-york,Emma.,50
jeff-york,The Lodge,75
jeff-york,Downhill,50
jeff-york,Birds of Prey,75
jeff-york,The Gentlemen,75
jeff-york,Underwater,50
jeff-york,Portrait of a Lady on Fire,100
jeff-york,Little Women,75
keva-york,Never Rarely Sometimes Always,99
keva-york,I'm Thinking of Ending Things,81
keva-york,The Swallows of Kabul,88
keva-york,Babyteeth,94
keva-york,"Where'd You Go, Bernadette",49
keva-york,The Personal History of David Copperfield,92
keva-york,The Assistant,92
keva-york,The Trip to Greece,87
keva-york,Honeyland,100
keva-york,Honey Boy,94
keva-york,Les Misérables,88
keva-york,Uncut Gems,92
keva-york,A Beautiful Day in the Neighborhood,95
keva-york,Bombshell,69
keva-york,True History of the Kelly Gang,79
keva-york,Cats,20
keva-york,Hustlers,87
keva-york,Animals,87
keva-york,The Nightingale,86
keva-york,Once Upon a Time In Hollywood,85
keva-york,Long Shot,81
keva-york,The Man Who Killed Don Quixote,64
keva-york,Alvin's Harmonious World Of Opposites,0
keva-york,The Founder,80
keva-york,The Lovers And The Despot,79
keva-york,Cosmos,81
keva-york,Don't Blink - Robert Frank,84
keva-york,Kiki,82
keva-york,"Lo and Behold, Reveries of the Connected World",93
keva-york,The Challenge,78
keva-york,Rat Film,90
keva-york,The Ballad of Buster Scruggs,90
keva-york,The Miseducation of Cameron Post,86
keva-york,The Spy Who Dumped Me,49
keva-york,RBG,94
keva-york,Mary Shelley,38
keva-york,Bohemian Rhapsody,60
keva-york,The Favourite,93
keva-york,Eighth Grade,99
keva-york,The Green Fog,96
keva-york,David Lynch: The Art Life,0
keva-york,Passengers,0
keva-york,Rogue One: A Star Wars Story,0
emily-yoshida,Sword of Trust,93
emily-yoshida,Hail Satan?,96
emily-yoshida,Guava Island,76
emily-yoshida,Teen Spirit,71
emily-yoshida,Little,46
emily-yoshida,The Dirt,38
emily-yoshida,The Inventor: Out for Blood in Silicon Valley,78
emily-yoshida,Five Feet Apart,52
emily-yoshida,Booksmart,96
emily-yoshida,Everybody's Everything,100
emily-yoshida,Us,93
emily-yoshida,The Boy Who Harnessed the Wind,86
emily-yoshida,Climax,68
emily-yoshida,Fighting with My Family,92
emily-yoshida,What Men Want,42
emily-yoshida,The LEGO Movie 2: The Second Part,84
emily-yoshida,Alita: Battle Angel,61
emily-yoshida,We Are Little Zombies,92
emily-yoshida,The Lodge,74
emily-yoshida,Velvet Buzzsaw,62
emily-yoshida,"Extremely Wicked, Shockingly Evil and Vile",54
emily-yoshida,The Farewell,98
emily-yoshida,Late Night,80
emily-yoshida,Honey Boy,94
emily-yoshida,The Kid Who Would Be King,89
emily-yoshida,Polar,19
emily-yoshida,The Upside,42
emily-yoshida,The House with a Clock in Its Walls,66
emily-yoshida,American Hangman,44
emily-yoshida,Escape Room,51
emily-yoshida,Stan & Ollie,92
emily-yoshida,Bird Box,63
emily-yoshida,Shoplifters,99
emily-yoshida,Second Act,44
emily-yoshida,Welcome to Marwen,34
emily-yoshida,Mortal Engines,26
emily-yoshida,Aquaman,65
emily-yoshida,Tyrel,60
emily-yoshida,Vox Lux,61
emily-yoshida,Spider-Man: Into the Spider-Verse,97
emily-yoshida,Mary Queen of Scots,63
emily-yoshida,Mirai,90
emily-yoshida,Robin Hood,15
emily-yoshida,The Clovehitch Killer,76
emily-yoshida,Jinn,91
emily-yoshida,Overlord,81
emily-yoshida,The Girl in the Spider's Web,39
emily-yoshida,A Private War,88
emily-yoshida,The Nutcracker and the Four Realms,32
emily-yoshida,Shirkers,100
neil-young,Night Shot,0
neil-young,Universe,0
neil-young,Without,90
neil-young,Red Moon Tide,100
neil-young,Servants,100
neil-young,The Cloud in Her Room,100
neil-young,Piedra sola,0
neil-young,Young Hunter,100
neil-young,Beasts Clawing at Straws,100
neil-young,Nasir,0
neil-young,The Year of the Discovery,100
neil-young,Air Conditioner,0
neil-young,Aswang,0
neil-young,In a Whisper,0
neil-young,La Mami,0
neil-young,I Love You I Miss You I Hope I See You Before I Die,0
neil-young,Some Beasts,67
neil-young,Beyond the Horizon,0
neil-young,A Thief's Daughter,92
neil-young,Africa,0
neil-young,Days of the Bagnold Summer,89
neil-young,Adoration,92
neil-young,Isadora's Children,100
neil-young,Overseas,0
neil-young,To the Ends of the Earth,94
neil-young,Vitalina Varela,98
neil-young,Quicksilver Chronicles,0
neil-young,Waiting for the Carnival,0
neil-young,Earth,88
neil-young,"I Was at Home, But...",87
neil-young,Who You Think I Am,81
neil-young,"God Exists, Her Name Is Petrunija",79
neil-young,Tremors,89
neil-young,While We Are Here,0
neil-young,Fourteen,98
neil-young,Present.Perfect.,100
neil-young,Chèche Lavi,0
neil-young,Beats,98
neil-young,Sons of Denmark,67
neil-young,Take Me Somewhere Nice,100
neil-young,Absence of Me,0
neil-young,The Border Fence,0
neil-young,Buddy,96
neil-young,Los Reyes,100
neil-young,Don't Be a Dick About It,100
neil-young,Reason,0
neil-young,Hamada,0
neil-young,The Most Beautiful Country in the World,0
neil-young,The Third Wife,88
neil-young,A Family Submerged,100
andrew-young,Rebecca,41
andrew-young,Cicada,95
andrew-young,Another Round,90
andrew-young,Rose: A Love Story,88
andrew-young,Herself,94
lottie-young,Meet the Richardsons: Series 1,0
lottie-young,The Goes Wrong Show: Series 1,0
lottie-young,Traces: Season 1,0
lottie-young,Nailed It! Holiday!: Season 2,0
bryan-young,The Mandalorian:  Season 2 - The Heiress,95
bryan-young,The Mandalorian:  Season 2 - Chapter 9: The Marshal,95
bryan-young,The Mandalorian:  Season 1 - Chapter 7: The Reckoning,100
bryan-young,The Mandalorian:  Season 1 - Chapter 6: The Prisoner,83
bryan-young,The Mandalorian:  Season 1 - Chapter 5: The Gunslinger,74
bryan-young,The Mandalorian:  Season 1 - Chapter 4: Sanctuary,92
bryan-young,The Mandalorian:  Season 1 - Chapter 3: The Sin,93
bryan-young,The Mandalorian:  Season 1 - Chapter 2: The Child,92
deborah-young,The Real Thing,0
deborah-young,No Choice,0
deborah-young,Titi,0
deborah-young,Fan Girl,0
deborah-young,The Painting of Evil,0
deborah-young,Along the Sea,0
deborah-young,Home,0
deborah-young,True Mothers,86
deborah-young,My Name is Francesco Totti,0
deborah-young,A Sun,89
deborah-young,In Between Dying,71
deborah-young,Le Sorelle Macaluso,0
deborah-young,And Tomorrow the Entire World,86
deborah-young,Wife of a Spy,100
deborah-young,Laila in Haifa,0
deborah-young,Notturno,82
deborah-young,Never Gonna Snow Again,100
deborah-young,Padrenostro,67
deborah-young,Dear Comrades,92
deborah-young,Sun Children,100
deborah-young,Sportin' Life,0
deborah-young,Miss Marx,38
deborah-young,Mainstream,40
deborah-young,The Duke,100
deborah-young,Night in Paradise,0
deborah-young,"Quo Vadis, Aida?",100
deborah-young,Final Account,71
deborah-young,Lacci,71
deborah-young,Sweat,100
deborah-young,"Alifu, the Prince/ss",0
deborah-young,Essential Killing,77
deborah-young,Guilty,90
deborah-young,Los conductos,80
deborah-young,Blizzard of Souls,0
deborah-young,"Anne at 13,000 ft",94
deborah-young,The Shepherdess and the Seven Songs,0
deborah-young,Blue Elephant: Dark Whispers,0
deborah-young,Berlin Alexanderplatz,20
deborah-young,There Is No Evil,100
deborah-young,Days,100
deborah-young,Charlatan,88
deborah-young,The Roads Not Taken,43
deborah-young,Last and First Men,100
deborah-young,Bad Tales,40
deborah-young,Kill It and Leave This Town,100
deborah-young,Siberia,69
deborah-young,Black Milk,0
deborah-young,Time to Hunt,69
deborah-young,Hidden Away,63
deborah-young,Minamata,61
sage-young,Schitt's Creek: Season 6,100
sage-young,Gotham:  Season 3 - Mad City: Anything for You,86
sage-young,Gotham:  Season 3 - Mad City: Look Into My Eyes,93
sage-young,Gotham:  Season 3 - Mad City: Burn the Witch,69
sage-young,Castle: Season 8,100
sage-young,Gotham:  Season 3 - Mad City: The Gentle Art of Making Enemies,93
sage-young,Gotham:  Season 3 - Mad City: Smile Like You Mean It,86
sage-young,Gotham:  Season 3 - Mad City: Ghosts,86
sage-young,Gotham:  Season 3 - Mad City: Beware the Green-Eyed Monster,71
sage-young,Gotham:  Season 3 - Mad City: Time Bomb,79
sage-young,Gotham:  Season 3 - Mad City: The Executioner,79
sage-young,Gotham:  Season 3 - Mad City: Blood Rush,71
sage-young,Gotham:  Season 3 - Mad City: Red Queen,71
sage-young,Gotham:  Season 3 - Mad City: Follow the White Rabbit,63
sage-young,Gotham:  Season 3 - Mad City: Better to Reign in Hell...,92
ate-young,"Yes, God, Yes",94
ate-young,Black Is King,95
ate-young,Swallow,88
ate-young,Birds of Prey,78
ate-young,Zola,89
ate-young,The Assistant,92
ate-young,Queen & Slim,82
ate-young,Parasite,99
ate-young,How to Build a Girl,79
ate-young,Hustlers,87
ate-young,Vita & Virginia,42
ate-young,Luce,90
ate-young,The Lion King,52
ate-young,The Perfection,72
ate-young,See You Yesterday,95
ate-young,Fast Color,81
ate-young,Homecoming: A Film by Beyoncé,98
ate-young,Captain Marvel,79
ate-young,Greta,60
ate-young,Rafiki,93
ate-young,Ralph Breaks the Internet,80
ate-young,Nothing to Hide,100
ate-young,I Am Not An Easy Man,80
ate-young,Fantastic Beasts: The Crimes of Grindelwald,40
ate-young,CAM,80
ate-young,Searching,100
ate-young,"Love, Simon",40
ate-young,The Little Hours,80
ate-young,Ingrid Goes West,60
ate-young,Battle of the Sexes,80
ate-young,Been So Long,60
ate-young,Reversing Roe,80
ate-young,Hereditary,80
ate-young,I Feel Pretty,40
ate-young,The Fate of the Furious,100
ate-young,"I, Tonya",60
ate-young,Spider-Man: Homecoming,100
ate-young,Beauty and the Beast,80
ate-young,Passengers,40
ate-young,Half of a Yellow Sun,60
ate-young,Downsizing,40
ate-young,Una,80
ate-young,Widows,91
ate-young,Creed II,83
ate-young,Green Book,77
ate-young,Assassination Nation,74
ate-young,Vox Lux,61
ate-young,Where Hands Touch,43
briana-younge,Surviving R. Kelly: Season 1,95
briana-younge,The Chi: Season 1,87
hard-yu,76 Days,100
hard-yu,The Eight Hundred,86
hard-yu,My Prince Edward,100
hard-yu,The Closet,0
hard-yu,This Is Not What I Expected,78
hard-yu,Ip Man 4: The Finale,87
hard-yu,I'm Livin' It,0
hard-yu,Wet Season,86
hard-yu,Dwelling in the Fuchun Mountains,100
hard-yu,Better Days,100
hard-yu,The Shadow Play,20
hard-yu,The Battle of Jangsari,38
hard-yu,The Climbers,33
hard-yu,Tazza: One Eyed Jack,0
hard-yu,Midnight Diner,0
hard-yu,Fagara,100
hard-yu,Shanghai Fortress,0
hard-yu,The Bad Guys: Reign of Chaos,0
hard-yu,Miss & Mrs. Cops,0
hard-yu,Ne Zha,88
hard-yu,Line Walker 2: Invisible Spy,83
hard-yu,The Divine Fury,44
hard-yu,Weathering with You,91
hard-yu,Exit,83
hard-yu,A Loner,0
hard-yu,iGirl,0
hard-yu,Ace of Sales,0
hard-yu,Finding Mr. Right,86
hard-yu,Forever Young,0
hard-yu,Love Without Distance,0
hard-yu,So Young,0
hard-yu,Boxer's Wings,0
hard-yu,Fleet of Time,0
hard-yu,Under the Dome,0
hard-yu,The Enigma of Arrival,0
hard-yu,The Eye of Silence,0
hard-yu,Default,78
hard-yu,"Beijing, New York",0
hard-yu,Sky Hunter,14
hard-yu,Just Another Pandora's Box,0
hard-yu,Lady Of The Dynasty,0
hard-yu,Somewhere Only We Know,0
hard-yu,Lan Kwai Fong,0
hard-yu,Bottle Shock,48
hard-yu,"The Mafia, The Salesman",0
hard-yu,But Always,14
hard-yu,The Devotion Of Suspect X,0
hard-yu,Us & Them,100
hard-yu,Absurd Accident,83
hard-yu,My War,0
bessie-yuill,Toni Morrison: The Pieces I Am,80
