josefine-a,Charlatan,60
josefine-a,Welcome to Chechnya,100
josefine-a,Dry Wind,80
josefine-a,Delete History,40
josefine-a,Surge,60
josefine-a,Shirley,80
josefine-a,The Intruder,80
josefine-a,My Little Sister,80
josefine-a,Never Rarely Sometimes Always,100
josefine-a,The Roads Not Taken,40
josefine-a,Pinocchio,60
josefine-a,Bacurau,60
josefine-a,The Extraordinary Journey of Celeste Garcia,60
josefine-a,Insumisas,80
josefine-a,Vita & Virginia,40
josefine-a,This is not Berlin,100
josefine-a,Golden Youth,40
josefine-a,Destination Wedding,40
josefine-a,Woman at War,80
josefine-a,Hannah,60
josefine-a,Bombshell: The Hedy Lamarr Story,80
josefine-a,Amazing Grace,80
josefine-a,What She Said: The Art of Pauline Kael,80
josefine-a,Delphine and Carole,100
josefine-a,Varda by Agnès,100
josefine-a,Hormigas,60
josefine-a,Farewell to the Night,60
josefine-a,Photograph,80
josefine-a,Who You Think I Am,40
josefine-a,Lucia's Grace,40
josefine-a,All Is Well,80
josefine-a,Carmen & Lola,60
josefine-a,Yung,40
josefine-a,"God Exists, Her Name Is Petrunija",80
josefine-a,A Colony,80
josefine-a,Ghost Town Anthology,60
lysalex-hernandez-a,Apollo 11,99
alex-abad-santos,Lemonade,100
alex-abad-santos,The Witch: Subversion,88
alex-abad-santos,Birds of Prey,60
alex-abad-santos,Spider-Man: Far From Home,60
alex-abad-santos,Toy Story 4,90
alex-abad-santos,Avengers: Endgame,90
alex-abad-santos,Hellboy,18
alex-abad-santos,Shazam!,90
alex-abad-santos,Captain Marvel,60
alex-abad-santos,Aquaman,60
alex-abad-santos,Spider-Man: Into the Spider-Verse,80
alex-abad-santos,Venom,60
alex-abad-santos,Crazy Rich Asians,91
alex-abad-santos,Ant-Man and the Wasp,60
alex-abad-santos,Ocean's 8,70
alex-abad-santos,Deadpool 2,90
alex-abad-santos,Avengers: Infinity War,85
alex-abad-santos,Black Panther,90
alex-abad-santos,Call Me by Your Name,94
alex-abad-santos,Justice League,50
alex-abad-santos,Thor: Ragnarok,80
alex-abad-santos,Despicable Me 3,50
alex-abad-santos,Spider-Man: Homecoming,90
alex-abad-santos,Wonder Woman,70
alex-abad-santos,Baywatch,20
alex-abad-santos,Guardians of the Galaxy Vol. 2,80
alex-abad-santos,Beauty and the Beast,71
alex-abad-santos,Fifty Shades Darker,40
alex-abad-santos,Doctor Strange,70
alex-abad-santos,Michael Moore In TrumpLand,54
alex-abad-santos,The Secret Life of Pets,60
alex-abad-santos,The Legend of Tarzan,40
alex-abad-santos,The Shallows,50
alex-abad-santos,Teenage Mutant Ninja Turtles: Out of the Shadows,37
alex-abad-santos,Captain America: Civil War,90
alex-abad-santos,Hardcore Henry,60
alex-abad-santos,Batman v Superman: Dawn of Justice,40
alex-abad-santos,Deadpool,80
alex-abad-santos,The Age of Adaline,40
alex-abad-santos,American Ultra,50
alex-abad-santos,Insurgent,40
alex-abad-santos,Max,20
alex-abad-santos,Aloha,10
alex-abad-santos,Pitch Perfect 2,70
alex-abad-santos,The Longest Ride,40
alex-abad-santos,Furious 7,80
alex-abad-santos,Magic Mike XXL,80
alex-abad-santos,San Andreas,50
alex-abad-santos,Unfriended,70
alex-abad-santos,Get Hard,28
nicole-abadee,Modern Love: Season 1,75
davide-abbatesciann,The Woods: Season 1,60
kate-abbo,King Charles III,100
alana-joli-abbo,The Grinch,80
harrison-abbo,Boys State,94
harrison-abbo,Ema,89
harrison-abbo,The Two Popes,89
harrison-abbo,Terminator: Dark Fate,70
udi-abdallah,Ted Hughes: Stronger Than Death,0
ferdosa-abd,Artemis Fowl,9
ferdosa-abd,Sonic the Hedgehog,63
ferdosa-abd,Cats,20
ferdosa-abd,Last Christmas,47
ferdosa-abd,Abominable,81
ferdosa-abd,Sea Fever,86
ferdosa-abd,Blood Quantum,90
ferdosa-abd,Harriet,74
ferdosa-abd,Yesterday,63
ferdosa-abd,Child's Play,63
ferdosa-abd,Happy Death Day 2U,70
ferdosa-abd,What Men Want,41
ferdosa-abd,Halloween,79
ferdosa-abd,The Kid Who Would Be King,89
ferdosa-abd,A Moment in the Reeds,100
ferdosa-abd,Mary Queen of Scots,62
ferdosa-abd,Once Upon a Deadpool,54
ferdosa-abd,A Star Is Born,90
ferdosa-abd,Bad Times at the El Royale,75
ferdosa-abd,Assassination Nation,74
ferdosa-abd,The House with a Clock in Its Walls,65
ferdosa-abd,Where Hands Touch,42
ferdosa-abd,Sierra Burgess Is a Loser,61
ferdosa-abd,The Mummy,16
ferdosa-abd,To All the Boys I've Loved Before,96
ferdosa-abd,The Man Who Invented Christmas,79
ferdosa-abd,The Fate of the Furious,67
ferdosa-abd,"I, Tonya",89
ferdosa-abd,Mute,21
ferdosa-abd,"Love, Simon",91
ferdosa-abd,Skyscraper,48
ferdosa-abd,Set It Up,92
ferdosa-abd,Tomb Raider,51
ferdosa-abd,Breaking In,27
ferdosa-abd,Hereditary,89
ferdosa-abd,Teen Titans Go! To the Movies,91
ferdosa-abd,BlacKkKlansman,96
mae-abdulbak,The Old Guard,70
mae-abdulbak,Bilal: A New Breed of Hero,70
mae-abdulbak,Selah and the Spades,80
mae-abdulbak,The Photograph,74
mae-abdulbak,Last Christmas,60
mae-abdulbak,Motherless Brooklyn,70
mae-abdulbak,Dolemite Is My Name,80
mae-abdulbak,It Chapter Two,70
mae-abdulbak,Blinded by the Light,80
mae-abdulbak,The Farewell,100
mae-abdulbak,Maiden,80
mae-abdulbak,Toy Story 4,90
mae-abdulbak,Aladdin,60
mae-abdulbak,The Sun Is Also a Star,80
mae-abdulbak,Wine Country,100
mae-abdulbak,The Hustle,70
mae-abdulbak,Packed In A Trunk: The Lost Art Of Edith Lake Wilkinson,70
mae-abdulbak,Ant-Man,60
mae-abdulbak,Jenny's Wedding,70
mae-abdulbak,A LEGO Brickumentary,70
mae-abdulbak,The Stanford Prison Experiment,70
mae-abdulbak,The End Of The Tour,70
mae-abdulbak,Fantastic Four,30
mae-abdulbak,The Runner,50
mae-abdulbak,Ricki And The Flash,70
mae-abdulbak,The Gift,80
mae-abdulbak,The Man From U.N.C.L.E.,70
mae-abdulbak,Amnesiac,60
mae-abdulbak,Big Sky,40
mae-abdulbak,The Diary Of A Teenage Girl,60
mae-abdulbak,6 Years,60
mae-abdulbak,Mistress America,70
mae-abdulbak,American Ultra,50
mae-abdulbak,The Park Bench,50
mae-abdulbak,No Escape,50
mae-abdulbak,Unsullied,60
mae-abdulbak,Rosenwald,70
mae-abdulbak,Grandma,70
mae-abdulbak,Z For Zachariah,80
mae-abdulbak,We Are Your Friends,50
mae-abdulbak,Zipper,60
mae-abdulbak,Addicted To Fresno,40
mae-abdulbak,Steve Jobs: Man in the Machine,80
mae-abdulbak,Learning To Drive,50
mae-abdulbak,Before We Go,60
mae-abdulbak,Dirty Weekend,60
mae-abdulbak,Avengers: Endgame,90
mae-abdulbak,Fast Color,80
mae-abdulbak,Little,60
mae-abdulbak,The Visit,70
erica-abeel,The Traitor,84
erica-abeel,1917,89
erica-abeel,Little Women,95
erica-abeel,A Hidden Life,81
erica-abeel,Marriage Story,94
erica-abeel,Portrait of a Lady on Fire,98
erica-abeel,The Lighthouse,90
erica-abeel,Pain and Glory,97
erica-abeel,After the Wedding,45
erica-abeel,The Fall of the American Empire,60
erica-abeel,The White Crow,67
erica-abeel,Diane,92
erica-abeel,Cold War,92
erica-abeel,The Favourite,93
erica-abeel,At Eternity's Gate,78
erica-abeel,Colette,87
erica-abeel,The Seagull,67
erica-abeel,The Guardians,93
erica-abeel,Chappaquiddick,81
erica-abeel,Final Portrait,73
erica-abeel,Double Lover,70
erica-abeel,Happy End,69
erica-abeel,Foxtrot,94
erica-abeel,Lover For A Day,82
erica-abeel,The Square,85
erica-abeel,The Beguiled,79
erica-abeel,War Machine,48
erica-abeel,Paris Can Wait,47
erica-abeel,The Sense Of An Ending,76
erica-abeel,"I, Daniel Blake",92
erica-abeel,Certain Women,91
erica-abeel,Genius,53
erica-abeel,Love & Friendship,97
erica-abeel,A Bigger Splash,90
erica-abeel,My Golden Days,89
erica-abeel,45 Years,97
erica-abeel,Youth,72
erica-abeel,Brooklyn,97
erica-abeel,She's Funny That Way,44
erica-abeel,The End Of The Tour,92
erica-abeel,Jimmy's Hall,76
erica-abeel,Far From the Madding Crowd,84
erica-abeel,While We're Young,84
erica-abeel,Maps to the Stars,61
erica-abeel,Timbuktu,98
erica-abeel,A Most Violent Year,89
erica-abeel,Mr. Turner,97
erica-abeel,Foxcatcher,87
erica-abeel,Land Ho!,82
erica-abeel,Snowpiercer,94
obert-abele,The Wrong Missy,79
obert-abele,I Like Money,40
obert-abele,Sex & Drugs & Rock & Roll,73
obert-abele,Justine,0
obert-abele,Streetlight Harmonies,100
obert-abele,Crip Camp: A Disability Revolution,100
obert-abele,Blow the Man Down,98
obert-abele,Human Nature,96
obert-abele,Heimat Is a Space in Time,100
obert-abele,Bloodshot,30
obert-abele,Young Ahmed,59
obert-abele,Sorry We Missed You,87
obert-abele,The Banker,77
obert-abele,System K,100
obert-abele,Art Paul of Playboy: The Man Behind the Bunny,0
obert-abele,Greed,48
obert-abele,The Times of Bill Cunningham,80
obert-abele,I Wish I Knew,100
obert-abele,Emma.,87
obert-abele,2020 Oscar Nominated Shorts - Documentary,100
obert-abele,2020 Oscar Nominated Shorts - Live Action,89
obert-abele,2020 Oscar Nominated Shorts - Animation,95
obert-abele,Never Rarely Sometimes Always,99
obert-abele,Jumbo,74
obert-abele,Redoubt,86
obert-abele,Jezebel,89
obert-abele,Bad Boys for Life,77
obert-abele,The Europeans,84
obert-abele,Cats,20
obert-abele,Seberg,35
obert-abele,Varda by Agnès,98
obert-abele,Downtown 81,79
obert-abele,After Parkland,100
obert-abele,Recorder: The Marion Stokes Project,94
obert-abele,63 Up,98
obert-abele,Mickey and the Bear,100
obert-abele,Hala,88
obert-abele,Richard Jewell,77
obert-abele,The Warrior Queen of Jhansi,24
obert-abele,Scandalous: The Untold Story of the National Enquirer,82
obert-abele,The Hottest August,85
obert-abele,The Report,82
obert-abele,Dark Waters,90
obert-abele,Burning Cane,91
obert-abele,Klaus,94
obert-abele,Krampus,66
obert-abele,The Apollo,95
obert-abele,Queen of Hearts,96
obert-abele,Doctor Sleep,77
obert-abele,Fantastic Fungi,100
aphael-abraham,Coronation,80
aphael-abraham,Rising Phoenix,60
aphael-abraham,You've Been Trumped Too,40
aphael-abraham,The One and Only Ivan,20
aphael-abraham,Pinocchio,60
aphael-abraham,Papicha,60
aphael-abraham,Perfect 10,60
aphael-abraham,Dolemite Is My Name,80
aphael-abraham,The Day Shall Come,80
aphael-abraham,Babyteeth,80
aphael-abraham,Ema,80
aphael-abraham,An Officer and a Spy,40
aphael-abraham,The Painted Bird,80
aphael-abraham,The Laundromat,60
aphael-abraham,The King,60
aphael-abraham,Joker,100
aphael-abraham,Marriage Story,100
aphael-abraham,Ad Astra,60
aphael-abraham,Amy Schumer: Live From the Apollo,60
aphael-abraham,The Lighthouse,100
aphael-abraham,Once Upon a Time In Hollywood,80
aphael-abraham,Diego Maradona,60
aphael-abraham,A Hidden Life,60
aphael-abraham,Portrait of a Lady on Fire,100
aphael-abraham,The Climb,100
aphael-abraham,Pain and Glory,60
aphael-abraham,Sorry We Missed You,80
aphael-abraham,Bacurau,80
aphael-abraham,Les Misérables,80
aphael-abraham,The Dead Don't Die,40
aphael-abraham,The Man Who Killed Hitler and Then The Bigfoot,80
aphael-abraham,Non-Fiction,60
aphael-abraham,The Sisters Brothers,80
aphael-abraham,The Other Side of the Wind,80
aphael-abraham,Vox Lux,80
aphael-abraham,Suspiria,80
aphael-abraham,The Ballad of Buster Scruggs,80
aphael-abraham,The Favourite,100
aphael-abraham,Roma,100
aphael-abraham,A Star Is Born,40
aphael-abraham,First Man,60
aphael-abraham,The House That Jack Built,60
aphael-abraham,Under the Silver Lake,40
aphael-abraham,BlacKkKlansman,80
aphael-abraham,3 Faces,80
aphael-abraham,Leto,40
aphael-abraham,The Image Book,60
aphael-abraham,Ash Is Purest White,80
aphael-abraham,Cold War,80
aphael-abraham,Yomeddine,60
hannah-rachel-abraham,Gunjan Saxena: The Kargil Girl,70
hannah-rachel-abraham,Dil Bechara,65
simon-abrams,Children of the Sea,63
simon-abrams,Get Duked!,63
simon-abrams,One Night In Bangkok,25
simon-abrams,Emperor,25
simon-abrams,"Psychomagic, a Healing Art",75
simon-abrams,Out Stealing Horses,50
simon-abrams,Host,63
simon-abrams,Retaliation,0
simon-abrams,Game of Death,0
simon-abrams,Volition,25
simon-abrams,We Are Little Zombies,88
simon-abrams,Followed,63
simon-abrams,Scare Package,0
simon-abrams,The Soul Collector,63
simon-abrams,Yourself and Yours,50
simon-abrams,Debt Collectors,50
simon-abrams,Villain,50
simon-abrams,Arkansas,50
simon-abrams,Deerskin,63
simon-abrams,The Wretched,38
simon-abrams,1BR,75
simon-abrams,Why Don't You Just Die!,63
simon-abrams,Clover,63
simon-abrams,Vivarium,25
simon-abrams,Lost Transmissions,38
simon-abrams,Escape from Pretoria,69
simon-abrams,The Whistlers,63
simon-abrams,My Hero Academia: Heroes Rising,91
simon-abrams,Greed,63
simon-abrams,Ride Your Wave,75
simon-abrams,Guns Akimbo,52
simon-abrams,Sonic the Hedgehog,25
simon-abrams,The Traitor,88
simon-abrams,The Nowhere Inn,75
simon-abrams,Zombi Child,75
simon-abrams,Weathering with You,75
simon-abrams,Darbar,88
simon-abrams,Ip Man 4: The Finale,87
simon-abrams,The Song of Names,39
simon-abrams,Only Cloud Knows,75
simon-abrams,Rabid,63
simon-abrams,Black Christmas,75
simon-abrams,6 Underground,35
simon-abrams,Daniel Isn't Real,50
simon-abrams,White Snake,50
simon-abrams,Shooting the Mafia,74
simon-abrams,The Warrior Queen of Jhansi,25
simon-abrams,Primal,38
simon-abrams,Queen of Hearts,96
simon-abrams,Ravenous,47
beth-accomando,#Unfit: The Psychology of Donald Trump,83
beth-accomando,Nomad: In the Footsteps of Bruce Chatwin,93
beth-accomando,Desert One,93
beth-accomando,Song Without a Name,96
beth-accomando,Train to Busan,94
beth-accomando,Zombie for Sale,89
beth-accomando,Inmate #1: The Rise of Danny Trejo,100
beth-accomando,Da 5 Bloods,92
beth-accomando,The Vast of Night,92
beth-accomando,Blood Quantum,90
beth-accomando,The Wretched,75
beth-accomando,Our Mothers,71
beth-accomando,Trolls World Tour,70
beth-accomando,The Wild Goose Lake,91
beth-accomando,Wendy,38
beth-accomando,Zombi Child,85
beth-accomando,Harriet,74
beth-accomando,Uncut Gems,92
beth-accomando,Little Women,95
beth-accomando,Star Wars: The Rise of Skywalker,51
beth-accomando,Waves,85
beth-accomando,The Warrior Queen of Jhansi,24
beth-accomando,The Report,82
beth-accomando,Ford v Ferrari,92
beth-accomando,The Irishman,96
beth-accomando,We Are the Flesh,74
beth-accomando,The Good Girls,87
beth-accomando,Dulce familia,0
beth-accomando,Joker,68
beth-accomando,Ad Astra,84
beth-accomando,The Nightingale,86
beth-accomando,Scary Stories to Tell in the Dark,78
beth-accomando,Fast & Furious Presents: Hobbs & Shaw,67
beth-accomando,Once Upon a Time In Hollywood,85
beth-accomando,Be Natural: The Untold Story of Alice Guy-Blaché,95
beth-accomando,Spider-Man: Far From Home,90
beth-accomando,The Last Black Man in San Francisco,93
beth-accomando,Shaft,33
beth-accomando,Non-Fiction,87
beth-accomando,Godzilla: King of the Monsters,43
beth-accomando,Booksmart,79
beth-accomando,John Wick: Chapter 3 - Parabellum,90
beth-accomando,Red Joan,30
beth-accomando,Peterloo,66
beth-accomando,Avengers: Endgame,94
beth-accomando,Us,93
beth-accomando,Captain Marvel,79
beth-accomando,Horror Noire: A History of Black Horror,100
beth-accomando,Polar,19
beth-accomando,Arctic,90
enrique-acosta,Project Power,60
enrique-acosta,Waiting for the Barbarians,20
enrique-acosta,Why We Breathe,40
enrique-acosta,"My Father, the Spy",50
enrique-acosta,Clover,10
enrique-acosta,Plimpton! Starring George Plimpton As Himself,80
enrique-acosta,Tammy's Always Dying,60
enrique-acosta,Girls Game,80
enrique-acosta,To Your Last Death,90
enrique-acosta,Cousins,60
enrique-acosta,Chameleon,60
enrique-acosta,Bathroom Stalls & Parking Lots,10
enrique-acosta,Corporate Animals,10
enrique-acosta,The Streets Run Red,10
enrique-acosta,Night,10
enrique-acosta,Underneath,90
enrique-acosta,Afghan Cycles,90
enrique-acosta,Gonzalo Fonseca: Membra Disjecta & A Life in Stone,70
enrique-acosta,Manson: Music from an Unsound Mind,60
enrique-acosta,The Witches of Dumpling Farm,10
enrique-acosta,3 Lives,10
enrique-acosta,Second Star On The Right,100
enrique-acosta,The Dark Within,40
enrique-acosta,A Bright Light: Karen and the Process,70
enrique-acosta,FP2: Beats of Rage,80
enrique-acosta,The Dirty Kind,10
enrique-acosta,Renegade Dreamers,90
enrique-acosta,Game Girls,40
kirsten-acuna,Mulan,93
kirsten-acuna,Artemis Fowl,48
kirsten-acuna,Onward,71
kirsten-acuna,Birds of Prey,71
kirsten-acuna,Dolittle,40
kirsten-acuna,Star Wars: The Rise of Skywalker,63
kirsten-acuna,Queen & Slim,93
kirsten-acuna,Guardians of the Galaxy,93
kirsten-acuna,Knives Out,79
kirsten-acuna,Noelle,48
kirsten-acuna,Klaus,93
kirsten-acuna,Ford v Ferrari,93
kirsten-acuna,Lady and the Tramp,63
kirsten-acuna,Doctor Sleep,48
kirsten-acuna,Interstellar,71
kirsten-acuna,Gravity,93
kirsten-acuna,The Martian,86
kirsten-acuna,Furious 7,71
kirsten-acuna,Mad Max: Fury Road,93
kirsten-acuna,X-Men: Apocalypse,40
kirsten-acuna,Independence Day: Resurgence,24
kirsten-acuna,Suicide Squad,32
kirsten-acuna,Deadpool,86
kirsten-acuna,Captain America: Civil War,86
kirsten-acuna,Doctor Strange,79
kirsten-acuna,Finding Dory,71
kirsten-acuna,Maleficent: Mistress of Evil,71
kirsten-acuna,El Camino: A Breaking Bad Movie,56
kirsten-acuna,Joker,86
kirsten-acuna,Judy,71
kirsten-acuna,Ad Astra,71
kirsten-acuna,Fast & Furious Presents: Hobbs & Shaw,71
kirsten-acuna,The Lion King,86
kirsten-acuna,Rogue One: A Star Wars Story,93
kirsten-acuna,Spider-Man: Far From Home,93
kirsten-acuna,Toy Story 4,71
kirsten-acuna,Dark Phoenix,48
kirsten-acuna,Brightburn,86
kirsten-acuna,Aladdin,56
kirsten-acuna,John Wick: Chapter 3 - Parabellum,63
kirsten-acuna,Avengers: Endgame,86
kirsten-acuna,Pet Sematary,63
kirsten-acuna,Us,100
kirsten-acuna,Captain Marvel,79
kirsten-acuna,Happy Death Day 2U,56
kirsten-acuna,Glass,71
kirsten-acuna,Jupiter Ascending,16
kirsten-acuna,Star Wars: Episode VII - The Force Awakens,86
kirsten-acuna,Bumblebee,93
kirsten-acuna,Mary Poppins Returns,63
amanda-adame,Little Women,80
amanda-adame,My Spy,50
amanda-adame,Wild Rose,80
amanda-adame,Last Christmas,40
amanda-adame,Hustlers,70
amanda-adame,Brittany Runs a Marathon,60
amanda-adame,Red Joan,50
amanda-adame,Stuber,50
amanda-adame,Poms,50
amanda-adame,Tolkien,60
amanda-adame,The Queen's Corgi,40
amanda-adame,Racer and the Jailbird,50
amanda-adame,The Sun Is Also a Star,50
amanda-adame,Long Shot,70
amanda-adame,Air Strike,30
amanda-adame,Wonder Park,60
amanda-adame,No Manches Frida 2,40
amanda-adame,After,40
amanda-adame,Como novio de pueblo,50
amanda-adame,En las buenas y en las malas,50
amanda-adame,Mia and the White Lion,60
amanda-adame,Bad Genius,70
amanda-adame,Vox Lux,70
amanda-adame,Mon poussin,50
amanda-adame,A Simple Favor,70
amanda-adame,Liliane Susewind,50
amanda-adame,The Spy Who Dumped Me,50
amanda-adame,The Wife,80
amanda-adame,Tag,50
amanda-adame,Gringo,60
amanda-adame,"Love, Simon",70
amanda-adame,The Mercy,50
amanda-adame,A Wrinkle in Time,50
amanda-adame,Red Sparrow,70
amanda-adame,Father Figures,40
amanda-adame,Fifty Shades Freed,40
amanda-adame,First Kill,40
amanda-adame,Downsizing,50
amanda-adame,Der geilste Tag,60
amanda-adame,I Am a Hero,0
amanda-adame,Bright,60
amanda-adame,A Bad Moms Christmas,60
amanda-adame,Voice from the Stone,40
amanda-adame,Daddy's Home 2,50
amanda-adame,Condorito: La Película,60
amanda-adame,How to Break Up with Your Douchebag,60
amanda-adame,My Little Pony: The Movie,60
amanda-adame,Paris Can Wait,50
amanda-adame,A Family Man,13
amanda-adame,"Treintona, Soltera y Fantástica",60
pauline-adamek,First Love,0
pauline-adamek,Just Mercy,0
pauline-adamek,Rocketman,0
pauline-adamek,2040,0
pauline-adamek,On the Basis of Sex,0
pauline-adamek,Hearts Beat Loud,92
pauline-adamek,Mission: Impossible - Fallout,97
pauline-adamek,Grace Jones: Bloodlight and Bami,86
pauline-adamek,"Three Billboards Outside Ebbing, Missouri",90
pauline-adamek,To the Bone,72
pauline-adamek,I Am Not Your Negro,99
pauline-adamek,Film Hawk,75
pauline-adamek,Saban's Power Rangers,0
pauline-adamek,Rogue One: A Star Wars Story,0
pauline-adamek,Julieta,0
pauline-adamek,The Carer,0
pauline-adamek,Ben-Hur,0
pauline-adamek,People Places Things,76
pauline-adamek,The Wolfpack,86
pauline-adamek,Aloha,20
pauline-adamek,"Kiss Kiss, Bang Bang",86
pauline-adamek,Ratatouille,96
pauline-adamek,Gravity,96
pauline-adamek,Morning Glory,55
pauline-adamek,Resident Evil: Afterlife,22
pauline-adamek,The Other Guys,78
pauline-adamek,Coraline,90
pauline-adamek,Observe and Report,51
pauline-adamek,The Secret Life of Bees,59
pauline-adamek,Step Brothers,55
pauline-adamek,WALL-E,95
pauline-adamek,In Bruges,84
pauline-adamek,The Dark Knight,94
pauline-adamek,Speed Racer,40
pauline-adamek,The Chronicles of Narnia: Prince Caspian,67
pauline-adamek,Leatherheads,51
pauline-adamek,Black and White,39
pauline-adamek,Titan A.E.,51
pauline-adamek,U-571,68
helma-adams,The Invisible Man,60
helma-adams,Portrait of a Lady on Fire,100
helma-adams,The Assistant,80
helma-adams,The Gentlemen,80
helma-adams,Dolittle,60
helma-adams,Little Women,80
helma-adams,63 Up,80
helma-adams,The Report,80
helma-adams,The Current War: Director's Cut,60
helma-adams,Terminator: Dark Fate,60
helma-adams,Jojo Rabbit,100
helma-adams,Parasite,100
helma-adams,Dolemite Is My Name,100
helma-adams,The Laundromat,60
helma-adams,Judy,80
helma-adams,The Goldfinch,60
helma-adams,A Beautiful Day in the Neighborhood,80
helma-adams,"Where'd You Go, Bernadette",60
helma-adams,Linda Ronstadt: The Sound of My Voice,100
helma-adams,Toni Morrison: The Pieces I Am,80
helma-adams,David Crosby: Remember My Name,100
helma-adams,Maiden,100
helma-adams,The Farewell,80
helma-adams,Late Night,80
helma-adams,The Tomorrow Man,80
helma-adams,Avengers: Endgame,60
helma-adams,The Chaperone,80
helma-adams,The Public,60
helma-adams,Diane,80
helma-adams,The Highwaymen,80
helma-adams,Gloria Bell,60
helma-adams,Everybody Knows,80
helma-adams,Glass,60
helma-adams,The Aspern Papers,60
helma-adams,The Upside,42
helma-adams,War on Everyone,61
helma-adams,Roma,100
helma-adams,Can You Ever Forgive Me?,80
helma-adams,The Old Man & the Gun,80
helma-adams,"Love, Gilda",60
helma-adams,Colette,80
helma-adams,White Boy Rick,60
helma-adams,Destination Wedding,80
helma-adams,Mission: Impossible - Fallout,100
helma-adams,Mamma Mia! Here We Go Again,80
helma-adams,"Don't Worry, He Won't Get Far on Foot",60
helma-adams,"I Love You, Daddy",50
helma-adams,LBJ,80
helma-adams,The Glass Castle,50
helma-adams,Detroit,75
sam-adams,Tenet,75
sam-adams,She Dies Tomorrow,84
sam-adams,Irresistible,40
sam-adams,Da 5 Bloods,92
sam-adams,The King of Staten Island,73
sam-adams,The Lovebirds,65
sam-adams,Trolls World Tour,70
sam-adams,The Hunt,57
sam-adams,Downhill,37
sam-adams,Birds of Prey,78
sam-adams,On the Record,99
sam-adams,Star Wars: The Rise of Skywalker,51
sam-adams,Frozen II,77
sam-adams,Doctor Sleep,77
sam-adams,Gemini Man,26
sam-adams,Rambo: Last Blood,26
sam-adams,Jojo Rabbit,80
sam-adams,Fast & Furious Presents: Hobbs & Shaw,67
sam-adams,The Lion King,52
sam-adams,Midsommar,83
sam-adams,Spider-Man: Far From Home,90
sam-adams,Anima,100
sam-adams,Rolling Thunder Revue: A Bob Dylan Story By Martin Scorsese,92
sam-adams,Deadwood: The Movie,98
sam-adams,Ma,55
sam-adams,John Wick: Chapter 3 - Parabellum,90
sam-adams,Pokémon Detective Pikachu,68
sam-adams,Knock Down the House,99
sam-adams,Shazam!,90
sam-adams,The Hottest August,85
sam-adams,Alita: Battle Angel,61
sam-adams,The LEGO Movie 2: The Second Part,85
sam-adams,"Extremely Wicked, Shockingly Evil and Vile",54
sam-adams,Late Night,80
sam-adams,Irma La Douce,75
sam-adams,Glass,36
sam-adams,Minding the Gap,100
sam-adams,Aquaman,65
sam-adams,Welcome to Marwen,34
sam-adams,Spider-Man: Into the Spider-Verse,97
sam-adams,The Greatest Showman,57
sam-adams,Creed II,83
sam-adams,Ralph Breaks the Internet,88
sam-adams,The Girl in the Spider's Web,39
sam-adams,Mid90s,80
sam-adams,The Hate U Give,97
sam-adams,Venom,29
sam-adams,American Dharma,79
sam-adams,Fahrenheit 11/9,82
sam-adams,Bisbee '17,93
erik-adams,Boys State,71
erik-adams,Beastie Boys Story,56
erik-adams,John Mulaney & The Sack Lunch Bunch,86
erik-adams,Eugene Mirman: An Evening Of Comedy In A Fake Underground Laboratory,0
erik-adams,Patton Oswalt: Finest Hour,100
erik-adams,Aziz Ansari: Buried Alive,86
erik-adams,"Oh, Hello On Broadway",79
erik-adams,John Mulaney: The Comeback Kid,93
erik-adams,Deadwood: The Movie,79
erik-adams,The Lonely Island Presents: The Unauthorized Bash Brothers Experience,63
erik-adams,John Mulaney: Kid Gorgeous at Radio City,100
erik-adams,W. Kamau Bell: Private School Negro,82
erik-adams,"Nestor, the Long-Eared Christmas Donkey",56
erik-adams,The Little Drummer Boy,75
erik-adams,Rudolph's Shiny New Year,50
erik-adams,The Year Without a Santa Claus,90
erik-adams,The Happytime Murders,40
erik-adams,Robin Williams: Come Inside My Mind,63
erik-adams,Chris Gethard: Career Suicide,93
erik-adams,Jim Henson's Turkey Hollow,48
erik-adams,Love & Mercy,71
erik-adams,Elf: Buddy's Musical Christmas,71
erik-adams,Muppets Most Wanted,63
erik-adams,Date And Switch,48
m-adams-20758,Fast & Furious Spy Racers: Season 1,83
m-adams-20758,Star Trek: Discovery: Season 2,81
m-adams-20758,Black Lightning:  Season 2 - The Book of Consequences: Chapter Three: Master Lowry,86
m-adams-20758,Black Lightning: Season 1,96
nate-adams,Mulan,40
nate-adams,I'm Thinking of Ending Things,48
nate-adams,Tenet,79
nate-adams,Robin's Wish,79
nate-adams,The New Mutants,63
nate-adams,Phineas and Ferb the Movie: Candace Against the Universe,71
nate-adams,Bill & Ted Face the Music,71
nate-adams,Centigrade,71
nate-adams,You Cannot Kill David Arquette,71
nate-adams,Class Action Park,79
nate-adams,Tesla,48
nate-adams,Random Acts of Violence,24
nate-adams,Chemical Hearts,48
nate-adams,Train to Busan Presents: Peninsula,48
nate-adams,Unhinged,16
nate-adams,The One and Only Ivan,56
nate-adams,Cut Throat City,48
nate-adams,Project Power,32
nate-adams,Sputnik,71
nate-adams,Spree,48
nate-adams,Boys State,86
nate-adams,Made in Italy,40
nate-adams,The Tax Collector,63
nate-adams,Waiting for the Barbarians,56
nate-adams,An American Pickle,48
nate-adams,She Dies Tomorrow,79
nate-adams,Host,79
nate-adams,1BR,71
nate-adams,Rebuilding Paradise,86
nate-adams,The Shadow of Violence,56
nate-adams,The Big Ugly,63
nate-adams,"Yes, God, Yes",71
nate-adams,The Rental,79
nate-adams,Radioactive,40
nate-adams,The Painted Bird,79
nate-adams,Ghosts of War,16
nate-adams,The Sunlit Night,40
nate-adams,The Beach House,71
nate-adams,The Surrogate,86
nate-adams,Archive,56
nate-adams,Palm Springs,79
nate-adams,Relic,48
nate-adams,First Cow,79
nate-adams,The Old Guard,40
nate-adams,Greyhound,40
nate-adams,Hamilton,93
nate-adams,Eurovision Song Contest: The Story of Fire Saga,63
nate-adams,My Spy,71
nate-adams,Irresistible,71
nate-adams,Followed,71
allen-adams,Tenet,90
allen-adams,Rising Phoenix,100
allen-adams,The Binge,40
allen-adams,Class Action Park,80
allen-adams,Bill & Ted Face the Music,100
allen-adams,Tesla,90
allen-adams,The One and Only Ivan,60
allen-adams,The Sleepover,40
allen-adams,Boys State,100
allen-adams,Project Power,80
allen-adams,Magic Camp,50
allen-adams,Waiting for the Barbarians,70
allen-adams,An American Pickle,80
allen-adams,I Used to Go Here,70
allen-adams,She Dies Tomorrow,70
allen-adams,The Weight of Gold,80
allen-adams,The Speed Cubers,100
allen-adams,Radioactive,60
allen-adams,Babysplitters,60
allen-adams,Animal Crackers,60
allen-adams,We Are Freestyle Love Supreme,90
allen-adams,Skyman,70
allen-adams,Sometimes Always Never,80
allen-adams,Greyhound,80
allen-adams,The Old Guard,80
allen-adams,Palm Springs,100
allen-adams,Desperados,30
allen-adams,Hamilton,100
allen-adams,Eurovision Song Contest: The Story of Fire Saga,70
allen-adams,Irresistible,40
allen-adams,My Spy,60
allen-adams,Athlete A,100
allen-adams,7500,90
allen-adams,Exit Plan,50
allen-adams,Shoot to Marry,80
allen-adams,Da 5 Bloods,100
allen-adams,Artemis Fowl,20
allen-adams,The King of Staten Island,90
allen-adams,Infamous,60
allen-adams,Shirley,90
allen-adams,The Last Days of American Crime,0
allen-adams,Mighty Oak,70
allen-adams,Judy & Punch,80
allen-adams,Spelling the Dream,80
allen-adams,The Vast of Night,100
allen-adams,The High Note,60
allen-adams,Man Camp,60
allen-adams,The Lovebirds,60
allen-adams,Scoob!,70
allen-adams,Capone,30
kelsey-adams,Atlantics,80
kelsey-adams,Knuckle City,80
kelsey-adams,Antigone,80
kelsey-adams,Our Lady of the Nile,75
jason-adams,Sputnik,71
jason-adams,Amulet,71
jason-adams,The Vast of Night,79
jason-adams,Deerskin,79
jason-adams,Driveways,86
jason-adams,The Invisible Man,79
jason-adams,Emma.,56
jason-adams,The Lodge,79
jason-adams,Gretel & Hansel,56
jason-adams,The Assistant,79
jenn-adams,The Mortuary Collection,79
jenn-adams,She Dies Tomorrow,63
jenn-adams,Relic,79
jenn-adams,Force of Nature,0
jenn-adams,Z,63
jenn-adams,Shirley,86
sarah-knight-adamson,Unhinged,63
sarah-knight-adamson,The Sleepover,75
sarah-knight-adamson,Boys State,88
sarah-knight-adamson,Made in Italy,88
sarah-knight-adamson,Eurovision Song Contest: The Story of Fire Saga,75
sarah-knight-adamson,Radioactive,75
sarah-knight-adamson,The Rental,75
sarah-knight-adamson,Faith Based,88
sarah-knight-adamson,Greyhound,88
sarah-knight-adamson,My Spy,75
sarah-knight-adamson,Inmate #1: The Rise of Danny Trejo,0
sarah-knight-adamson,The Outpost,100
sarah-knight-adamson,Hamilton,100
sarah-knight-adamson,Miss Juneteenth,88
sarah-knight-adamson,The Short History of the Long Road,88
sarah-knight-adamson,Dads,100
sarah-knight-adamson,Artemis Fowl,0
sarah-knight-adamson,Shirley,100
sarah-knight-adamson,How to Build a Girl,75
sarah-knight-adamson,Inside the Rain,88
sarah-knight-adamson,Spaceship Earth,88
sarah-knight-adamson,Bad Education,88
sarah-knight-adamson,Selah and the Spades,88
sarah-knight-adamson,Abe,75
sarah-knight-adamson,Onward,75
sarah-knight-adamson,The Invisible Man,100
sarah-knight-adamson,Trolls World Tour,88
sarah-knight-adamson,The Way Back,75
sarah-knight-adamson,Never Rarely Sometimes Always,0
sarah-knight-adamson,Emma.,87
sarah-knight-adamson,Shepherd: The Story of a Jewish Dog,100
sarah-knight-adamson,Avengers: Infinity War,63
sarah-knight-adamson,Beirut,88
sarah-knight-adamson,Ready Player One,88
sarah-knight-adamson,A Quiet Place,88
sarah-knight-adamson,Blockers,88
sarah-knight-adamson,Bad Boys for Life,75
sarah-knight-adamson,The Fencer,88
sarah-knight-adamson,Pacific Rim Uprising,50
sarah-knight-adamson,Thoroughbreds,75
sarah-knight-adamson,Journey's End,88
sarah-knight-adamson,Black Panther,100
sarah-knight-adamson,Red Sparrow,50
sarah-knight-adamson,A Wrinkle in Time,75
sarah-knight-adamson,The Man Who Invented Christmas,88
sarah-knight-adamson,Coco,75
sarah-knight-adamson,Lady Bird,100
sarah-knight-adamson,The Greatest Showman,50
sarah-knight-adamson,Film Stars Don't Die in Liverpool,75
sarah-knight-adamson,Downsizing,50
malik-adan,Residue,90
malik-adan,Parasite,99
malik-adan,A Violent Man,44
malik-adan,Wrestle,100
malik-adan,Honey Boy,94
malik-adan,Native Son,62
malik-adan,Selah and the Spades,88
malik-adan,The Last Black Man in San Francisco,93
malik-adan,Sweetheart,94
malik-adan,Time For Ilhan,94
malik-adan,Venom,29
malik-adan,If Beale Street Could Talk,95
malik-adan,Shoplifters,99
malik-adan,Spider-Man: Into the Spider-Verse,97
malik-adan,Monster Party,70
malik-adan,Can You Ever Forgive Me?,100
malik-adan,Widows,100
malik-adan,Burning,100
malik-adan,Mard Ko Dard Nahi Hota,90
malik-adan,The Predator,32
malik-adan,Sorry to Bother You,80
malik-adan,G-Funk,0
malik-adan,The Misandrists,40
malik-adan,Virginia Minnesota,0
malik-adan,Devil's Whisper,60
malik-adan,"Sophie Gold, the Diary of a Gold Digger",20
malik-adan,Red Christmas,70
malik-adan,The Rift: Dark Side of the Moon,60
malik-adan,Alien: Reign of Man,30
malik-adan,Shadowman,80
malik-adan,The Price,60
malik-adan,California Typewriter,90
malik-adan,Coffin 2,70
ade-adenij,Palm Springs,94
ade-adenij,Uncut Gems,70
ade-adenij,The Last Black Man in San Francisco,80
ade-adenij,Us,60
ade-adenij,High Flying Bird,40
ade-adenij,Django Unchained,87
ade-adenij,12 Years a Slave,95
oluwatayo-adewole,Tenet,75
oluwatayo-adewole,Centigrade,35
oluwatayo-adewole,Lingua Franca,81
oluwatayo-adewole,Project Power,60
oluwatayo-adewole,Waiting for the Barbarians,57
oluwatayo-adewole,Sometimes Always Never,83
oluwatayo-adewole,Hamilton,98
oluwatayo-adewole,Miss Juneteenth,99
oluwatayo-adewole,Da 5 Bloods,92
lauren-adhav-26268,Swallow,89
hubert-adjei-kontoh,The Inventor: Out for Blood in Silicon Valley,40
hubert-adjei-kontoh,Juanita,40
siddhant-adlakha,Interstellar,72
siddhant-adlakha,The Dark Knight Rises,87
siddhant-adlakha,Inception,87
siddhant-adlakha,The Dark Knight,94
siddhant-adlakha,The Prestige,76
siddhant-adlakha,Batman Begins,84
siddhant-adlakha,Insomnia,92
siddhant-adlakha,Memento,93
siddhant-adlakha,Following,82
siddhant-adlakha,Doodlebug,0
siddhant-adlakha,Hamilton,98
siddhant-adlakha,DAU. Degeneration,0
siddhant-adlakha,Breathless,97
siddhant-adlakha,Uncut Gems,92
siddhant-adlakha,A Hidden Life,81
siddhant-adlakha,1917,89
siddhant-adlakha,Marriage Story,94
siddhant-adlakha,"Family Romance, LLC",76
siddhant-adlakha,Capernaum,90
siddhant-adlakha,The Farewell,98
siddhant-adlakha,The Fall,0
siddhant-adlakha,To Let,100
siddhant-adlakha,Sairat,100
siddhant-adlakha,Court,98
siddhant-adlakha,The Lunchbox,97
siddhant-adlakha,Ship Of Theseus,100
siddhant-adlakha,Chitrangada,0
siddhant-adlakha,Anhey gorhey da daan,0
siddhant-adlakha,Udaan,0
siddhant-adlakha,Avengers: Endgame,94
siddhant-adlakha,Captain Marvel,79
siddhant-adlakha,Ant-Man and the Wasp,87
siddhant-adlakha,Avengers: Infinity War,85
siddhant-adlakha,Black Panther,96
siddhant-adlakha,Thor: Ragnarok,93
siddhant-adlakha,Spider-Man: Homecoming,92
siddhant-adlakha,Guardians of the Galaxy Vol. 2,85
siddhant-adlakha,Doctor Strange,89
siddhant-adlakha,Captain America: Civil War,91
siddhant-adlakha,Ant-Man,83
siddhant-adlakha,Avengers: Age of Ultron,76
siddhant-adlakha,Guardians of the Galaxy,91
siddhant-adlakha,Captain America: The Winter Soldier,90
siddhant-adlakha,Thor: The Dark World,66
siddhant-adlakha,Iron Man 3,79
siddhant-adlakha,Marvel's The Avengers,92
siddhant-adlakha,Captain America: The First Avenger,80
siddhant-adlakha,Thor,77
siddhant-adlakha,Iron Man 2,73
siddhant-adlakha,The Incredible Hulk,67
kaleem-aftab,Apples,100
kaleem-aftab,Unhinged,24
kaleem-aftab,The Filmmaker's House,0
kaleem-aftab,King Rocker,0
kaleem-aftab,Dating Amber,95
kaleem-aftab,"Krabi, 2562",92
kaleem-aftab,Women Make Film: A New Road Movie Through Cinema,94
kaleem-aftab,Never Rarely Sometimes Always,99
kaleem-aftab,Minamata,60
kaleem-aftab,El Father Plays Himself,0
kaleem-aftab,Pink Wall,74
kaleem-aftab,Shine Your Eyes,100
kaleem-aftab,The Shadow of Violence,94
kaleem-aftab,Mogul Mowgli,100
kaleem-aftab,DAU. Natasha,83
kaleem-aftab,Gunda,100
kaleem-aftab,My Salinger Year,59
kaleem-aftab,There Was a Little Ship,0
kaleem-aftab,The Painter and the Thief,96
kaleem-aftab,Epicentro,89
kaleem-aftab,Vivos,0
kaleem-aftab,Luxor,90
kaleem-aftab,La Fortaleza,0
kaleem-aftab,Possessor,93
kaleem-aftab,The Two Popes,80
kaleem-aftab,Binti,0
kaleem-aftab,The Two Popes,89
kaleem-aftab,Muscle,0
kaleem-aftab,1917,89
kaleem-aftab,Rare Beasts,33
kaleem-aftab,The Personal History of David Copperfield,93
kaleem-aftab,My Zoe,78
kaleem-aftab,The Song of Names,39
kaleem-aftab,The Other Lamb,74
kaleem-aftab,This Is Not a Movie,100
kaleem-aftab,Judy,82
kaleem-aftab,True History of the Kelly Gang,79
kaleem-aftab,Greed,48
kaleem-aftab,Saint Maud,93
kaleem-aftab,Sweetness in the Belly,40
kaleem-aftab,Radioactive,61
kaleem-aftab,The Aeronauts,72
kaleem-aftab,My Days of Glory,0
kaleem-aftab,Rialto,100
kaleem-aftab,Arab Blues,88
kaleem-aftab,The Scarecrows,0
kaleem-aftab,Rocks,95
kaleem-aftab,Joker,80
kaleem-aftab,A Son,100
kaleem-aftab,Pelican Blood,74
hris-aga,I'm Thinking of Ending Things,70
hris-aga,An American Pickle,60
hris-aga,The Beach House,40
hris-aga,Da 5 Bloods,90
hris-aga,Capone,40
hris-aga,Beastie Boys Story,80
hris-aga,Jump Shot: The Kenny Sailors Story,80
hris-aga,The Way Back,80
hris-aga,Fantasy Island,40
hris-aga,Horse Girl,50
hris-aga,Just Mercy,70
hris-aga,Inherit the Viper,50
hris-aga,5 Galaxies,40
hris-aga,Marriage Story,90
hris-aga,Togo,70
hris-aga,The Irishman,90
hris-aga,A Beautiful Day in the Neighborhood,70
hris-aga,Midway,60
hris-aga,The King,60
hris-aga,Holiday Hell,50
hris-aga,The Laundromat,50
hris-aga,El Camino: A Breaking Bad Movie,80
hris-aga,The True Don Quixote,60
hris-aga,Running with the Devil,40
hris-aga,Ad Astra,70
hris-aga,Once Upon a Time In Hollywood,80
hris-aga,The Fanatic,40
hris-aga,47 Meters Down: Uncaged,40
hris-aga,The Operative,40
hris-aga,Murder Mystery,40
hris-aga,I Am Mother,60
hris-aga,The Perfection,60
hris-aga,See You Yesterday,60
hris-aga,The Silence,40
hris-aga,The Highwaymen,50
hris-aga,Triple Frontier,70
hris-aga,Cold Pursuit,50
hris-aga,The Mule,60
hris-aga,Asher,40
hris-aga,Prodigy,50
hris-aga,Green Book,80
hris-aga,Instant Family,70
hris-aga,The Girl in the Spider's Web,40
hris-aga,Prospect,50
hris-aga,Silencio,50
hris-aga,First Man,90
hris-aga,Night School,40
hris-aga,Peppermint,30
hris-aga,Searching,80
hris-aga,Teen Titans Go! To the Movies,50
hancellor-agard,Grey's Anatomy: Season 10,91
hancellor-agard,Supergirl:  Season 5 - It's a Super Life,86
hancellor-agard,The Flash:  Season 6 - Love Is A Battlefield,71
hancellor-agard,Arrow:  Season 8 - Fadeout,79
hancellor-agard,DC's Legends of Tomorrow:  Season 5 - Crisis on Infinite Earths: Part Five,86
hancellor-agard,Arrow:  Season 8 - Green Arrow & The Canaries,79
hancellor-agard,Arrow:  Season 8 - Crisis on Infinite Earths: Part Four,86
hancellor-agard,Batwoman:  Season 1 - Crisis on Infinite Earths: Part Two,79
hancellor-agard,Watchmen:  Season 1 - See How They Fly,79
hancellor-agard,Watchmen:  Season 1 - A God Walks into ABar,86
hancellor-agard,Watchmen:  Season 1 - An Almost Religious Awe,79
hancellor-agard,Watchmen:  Season 1 - This Extraordinary Being,93
hancellor-agard,The Flash:  Season 6 - Crisis on Infinite Earths: Part Three,86
hancellor-agard,"The Flash:  Season 6 - The Last Temptation of Barry Allen, Pt. 2",79
hancellor-agard,"The Flash:  Season 6 - The Last Temptation of Barry Allen, Pt. 1",79
hancellor-agard,Arrow:  Season 8 - Purgatory,71
hancellor-agard,Arrow:  Season 8 - Reset,79
hancellor-agard,Watchmen:  Season 1 - Little Fear of Lightning,86
hancellor-agard,"Watchmen:  Season 1 - If You Don't Like My Story, Write Your Own",79
hancellor-agard,The Flash:  Season 6 - License to Elongate,79
hancellor-agard,The Flash:  Season 6 - Kiss Kiss Breach Breach,71
hancellor-agard,Arrow:  Season 8 - Prochnost,79
hancellor-agard,Arrow:  Season 8 - Present Tense,79
hancellor-agard,The Good Wife: Season 7,91
hancellor-agard,Watchmen:  Season 1 - She Was Killed by Space Junk,86
hancellor-agard,Watchmen:  Season 1 - Martial Feats of Comanche Horsemanship,71
hancellor-agard,Watchmen:  Season 1 - It's Summer and We're Running Out of Ice,79
hancellor-agard,Arrow:  Season 8 - Leap of Faith,71
hancellor-agard,The Flash:  Season 6 - Dead Man Running,71
hancellor-agard,Arrow:  Season 8 - Welcome to Hong Kong,71
hancellor-agard,The Flash:  Season 6 - A Flash of the Lightning,79
hancellor-agard,Arrow:  Season 8 - Starling City,79
hancellor-agard,The Flash:  Season 6 - Into the Void,79
hancellor-agard,Marvel's Jessica Jones: Season 3,71
hancellor-agard,Black Mirror:  Season 5 - Smithereens,56
hancellor-agard,Arrow:  Season 7 - Living Proof,86
hancellor-agard,"Arrow:  Season 7 - You Have Saved This City, yo!",79
hancellor-agard,The Flash:  Season 5 - The Girl With The Red Lightning,50
hancellor-agard,The Flash:  Season 5 - Gone Rogue,78
hancellor-agard,Arrow:  Season 7 - Confessions,50
hancellor-agard,The Flash:  Season 5 - Snow Pack,60
hancellor-agard,Arrow:  Season 7 - Spartan,100
hancellor-agard,The Flash:  Season 5 - Godspeed,91
hancellor-agard,DC's Legends of Tomorrow:  Season 4 - Séance and Sensibility,100
hancellor-agard,Arrow:  Season 7 - Lost Canary,75
hancellor-agard,DC's Legends of Tomorrow:  Season 4 - The Getaway,100
hancellor-agard,Under the Dome: Season 2,61
hancellor-agard,Arrow:  Season 7 - Inheritance,88
hancellor-agard,The Good Fight: Season 3,86
hancellor-agard,The Flash:  Season 5 - Time Bomb,83
arlos-aguila,The Tax Collector,18
arlos-aguila,Wasp Network,41
arlos-aguila,The Wolf House,95
arlos-aguila,Sometimes Always Never,83
arlos-aguila,The Wolf Hour,50
arlos-aguila,Waldo On Weed,100
arlos-aguila,Shooting Heroin,54
arlos-aguila,The Platform,80
arlos-aguila,I Still Believe,51
arlos-aguila,El lugar más pequeño,0
arlos-aguila,Ride Your Wave,93
arlos-aguila,Goldie,95
arlos-aguila,A Shaun the Sheep Movie: Farmageddon,96
arlos-aguila,The World Is Full of Secrets,0
arlos-aguila,I Carry You with Me,100
arlos-aguila,José,86
arlos-aguila,Summertime,72
arlos-aguila,Shirley,87
arlos-aguila,Kajillionaire,92
arlos-aguila,Blast Beat,56
arlos-aguila,Mucho Mucho Amor: The Legend of Walter Mercado,100
arlos-aguila,The Good Intentions,100
arlos-aguila,Cuties,85
arlos-aguila,Feast of the Epiphany,89
arlos-aguila,Spies in Disguise,75
arlos-aguila,Midnight Family,97
arlos-aguila,Spider,100
arlos-aguila,Colewell,100
arlos-aguila,Weathering with You,91
arlos-aguila,Knives Out,97
arlos-aguila,Ximbi Xombix,0
arlos-aguila,The Report,82
arlos-aguila,White Snake,68
arlos-aguila,Gabriel,0
arlos-aguila,Such a Funny Life,0
arlos-aguila,Unlikely,0
arlos-aguila,Prescience,0
arlos-aguila,Farming,56
arlos-aguila,By the Grace of God,96
arlos-aguila,On the President's Orders,100
arlos-aguila,Gift,100
arlos-aguila,Doubting Thomas,0
arlos-aguila,Dilili in Paris,61
arlos-aguila,The Golden Glove,52
arlos-aguila,Collisions,82
arlos-aguila,The Lake Vampire,0
arlos-aguila,Groupers,29
arlos-aguila,Imprisoned,0
arlos-aguila,Ema,89
arlos-aguila,La Llorona,97
matthew-aguila,Charlie's Angels,80
matthew-aguila,Lady and the Tramp,100
matthew-aguila,Maleficent: Mistress of Evil,80
matthew-aguila,Fighting with My Family,100
sergio-lopez-aguirre,The Hunt,70
sergio-lopez-aguirre,Beastie Boys Story,90
sergio-lopez-aguirre,Extraction,70
sergio-lopez-aguirre,Bad Education,80
sergio-lopez-aguirre,Sonic the Hedgehog,60
sergio-lopez-aguirre,Bad Boys for Life,70
sergio-lopez-aguirre,Charlie's Angels,40
sergio-lopez-aguirre,Black Christmas,70
sergio-lopez-aguirre,Cats,30
sergio-lopez-aguirre,Midsommar,80
sergio-lopez-aguirre,Como si fuera la primera vez,40
sergio-lopez-aguirre,Fast & Furious Presents: Hobbs & Shaw,70
sergio-lopez-aguirre,Crawl,60
sergio-lopez-aguirre,Child's Play,60
sergio-lopez-aguirre,Spider-Man: Far From Home,80
sergio-lopez-aguirre,Annabelle Comes Home,60
sergio-lopez-aguirre,Men in Black International,60
sergio-lopez-aguirre,Godzilla: King of the Monsters,70
sergio-lopez-aguirre,Ma,50
sergio-lopez-aguirre,Brightburn,60
sergio-lopez-aguirre,John Wick: Chapter 3 - Parabellum,80
sergio-lopez-aguirre,Pokémon Detective Pikachu,60
sergio-lopez-aguirre,Us,90
sergio-lopez-aguirre,Resident Evil,50
sergio-lopez-aguirre,Avengers: Endgame,90
sergio-lopez-aguirre,Shazam!,80
sergio-lopez-aguirre,Captive State,40
sergio-lopez-aguirre,Fighting with My Family,80
sergio-lopez-aguirre,Captain Marvel,60
sergio-lopez-aguirre,Happy Death Day 2U,70
sergio-lopez-aguirre,Alita: Battle Angel,70
sergio-lopez-aguirre,Velvet Buzzsaw,60
sergio-lopez-aguirre,Glass,80
sergio-lopez-aguirre,Overlord,70
sergio-lopez-aguirre,Bohemian Rhapsody,80
sergio-lopez-aguirre,Hearts Beat Loud,80
sergio-lopez-aguirre,Venom,50
sergio-lopez-aguirre,Summer of '84,75
sergio-lopez-aguirre,The Predator,50
sergio-lopez-aguirre,Upgrade,80
sergio-lopez-aguirre,The Nun,50
sergio-lopez-aguirre,Rendel: Dark Vengeance,60
sergio-lopez-aguirre,Equalizer 2,70
sergio-lopez-aguirre,Mission: Impossible - Fallout,100
sergio-lopez-aguirre,Ant-Man and the Wasp,80
sergio-lopez-aguirre,Jurassic World: Fallen Kingdom,80
sergio-lopez-aguirre,Hereditary,100
sergio-lopez-aguirre,Avengers: Infinity War,80
sergio-lopez-aguirre,Rampage,60
sergio-lopez-aguirre,Ready Player One,90
musanna-ahmed,You Cannot Kill David Arquette,86
musanna-ahmed,Shakuntala Devi,86
musanna-ahmed,Dil Bechara,86
musanna-ahmed,Bitter Bread,0
musanna-ahmed,The Go-Go's,97
musanna-ahmed,Shut up Sona,0
musanna-ahmed,Me and the Cult Leader,100
musanna-ahmed,Flint,0
musanna-ahmed,Gulabo Sitabo,73
musanna-ahmed,Bulbbul,82
musanna-ahmed,Choked: Paisa Bolta Hai,54
musanna-ahmed,This Teacher,100
musanna-ahmed,Shoot to Marry,75
musanna-ahmed,Desert One,93
musanna-ahmed,Sunless Shadows,100
musanna-ahmed,Songs of Repression,0
musanna-ahmed,Caught in the Net,0
musanna-ahmed,Andrey Tarkovsky. A Cinema Prayer,0
musanna-ahmed,Butt Boy,70
musanna-ahmed,Once Upon a Time in Uganda,100
musanna-ahmed,Crip Camp: A Disability Revolution,100
musanna-ahmed,Maxima,86
musanna-ahmed,I Am Not Alone,100
musanna-ahmed,Thappad,93
musanna-ahmed,Shubh Mangal Zyada Saavdhan,92
musanna-ahmed,Love Aaj Kal,21
musanna-ahmed,Made in Bangladesh,100
musanna-ahmed,In My Blood It Runs,100
musanna-ahmed,Love Child,100
musanna-ahmed,Collective,100
musanna-ahmed,Panga,94
musanna-ahmed,Chhapaak,88
musanna-ahmed,Ghost Stories,33
musanna-ahmed,Hala,88
musanna-ahmed,Good Newwz,75
musanna-ahmed,Dabangg 3,20
musanna-ahmed,Mardaani 2,50
musanna-ahmed,Panipat,43
musanna-ahmed,Pati Patni Aur Woh,43
musanna-ahmed,Marjaavaan,8
musanna-ahmed,Drive,0
musanna-ahmed,Bala,77
musanna-ahmed,Most Likely to Succeed,71
musanna-ahmed,Citizen K,95
musanna-ahmed,"Bikram: Yogi, Guru, Predator",96
musanna-ahmed,Mickey and the Bear,100
musanna-ahmed,Saand Ki Aankh,56
musanna-ahmed,War,69
musanna-ahmed,The Sky Is Pink,71
musanna-ahmed,The Kill Team,70
michael-ah,The Boys: Season 2,80
michael-ah,Marvel's Agents of S.H.I.E.L.D.: Season 7,90
michael-ah,The Umbrella Academy: Season 2,90
michael-ah,The Order: Season 2,80
michael-ah,Tales From the Loop: Season 1,70
michael-ah,Snowpiercer: Season 1,90
michael-ah,Ascension: Season 1,80
michael-ah,Altered Carbon: Season 2,80
michael-ah,The Magicians: Season 5,90
michael-ah,Manifest: Season 2,80
michael-ah,Lost in Space: Season 2,70
michael-ah,The Expanse: Season 4,100
michael-ah,The Man in the High Castle: Season 4,80
michael-ah,See: Season 1,80
michael-ah,Daybreak: Season 1,80
michael-ah,Impulse: Season 2,90
michael-ah,Carnival Row: Season 1,90
michael-ah,Stranger Things: Season 3,90
michael-ah,Jett: Season 1,70
michael-ah,Black Mirror:  Season 5 - Striking Vipers,100
michael-ah,Good Omens: Miniseries,80
michael-ah,Marvel's Agents of S.H.I.E.L.D.: Season 6,80
michael-ah,The Twilight Zone: Season 1,70
michael-ah,Defiance: Season 2,90
michael-ah,The Order: Season 1,80
michael-ah,12 Monkeys: Season 2,70
michael-ah,Continuum: Season 3,90
michael-ah,The Magicians: Season 4,100
michael-ah,Deadly Class: Season 1,80
michael-ah,Timeless: The Miracle of Christmas,80
michael-ah,Counterpart: Season 2,90
michael-ah,Mars: Season 2,80
michael-ah,Manifest: Season 1,70
michael-ah,The Man in the High Castle: Season 3,80
michael-ah,Black Mirror:  Season 1 - The National Anthem,100
michael-ah,Supergirl:  Season 1 - Manhunter,70
michael-ah,12 Monkeys: Season 4,100
michael-ah,Dark Matter: Season 2,80
michael-ah,Falling Skies: Season 5,20
michael-ah,Dark Matter: Season 1,70
michael-ah,Falling Skies: Season 4,70
michael-ah,The Expanse: Season 3,90
michael-ah,Altered Carbon: Season 1,80
michael-ah,Counterpart: Season 1,80
michael-ah,Timeless: Season 2,90
michael-ah,The Magicians: Season 3,80
michael-ah,Future Man: Season 1,80
michael-ah,Channel Zero: The No-End House,90
michael-ah,Sense8: Season 1,80
michael-ah,The Orville:  Season 1 - Pria,70
sadaf-ahsan,Diana Kennedy: Nothing Fancy,100
sadaf-ahsan,Saint Frances,99
sadaf-ahsan,Clemency,92
sadaf-ahsan,Varda by Agnès,98
sadaf-ahsan,Lucy in the Sky,21
sadaf-ahsan,Parasite,99
sadaf-ahsan,The Farewell,98
sadaf-ahsan,Peppermint,20
sadaf-ahsan,Puzzle,84
sadaf-ahsan,The Spy Who Dumped Me,49
sadaf-ahsan,Mission: Impossible - Fallout,97
sadaf-ahsan,Beirut,82
sadaf-ahsan,Fifty Shades Freed,12
sadaf-ahsan,League of Exotique Dancers,75
sadaf-ahsan,A Bigger Splash,88
hris-aiken,Beastars: Season 1,90
hris-aiken,Dragon Ball Super: Season 5,100
dana-aklilu,Avenue 5: Season 1,67
faisal-al-jad,Proxima,81
faisal-al-jad,Judy & Punch,77
faisal-al-jad,Scales,88
faisal-al-jad,El Camino: A Breaking Bad Movie,91
faisal-al-jad,Recorder: The Marion Stokes Project,94
faisal-al-jad,Leap of Faith,92
faisal-al-jad,The Antenna,55
faisal-al-jad,Color Out of Space,86
faisal-al-jad,Iron Sky: The Coming Race,29
faisal-al-jad,I Do Not Care If We Go Down in History as Barbarians,96
faisal-al-jad,Ode to Joy,45
faisal-al-jad,The Kitchen,24
umaan-alam,The Lodge,74
umaan-alam,The Assistant,92
umaan-alam,Like a Boss,21
umaan-alam,Clemency,92
umaan-alam,Les Misérables,87
umaan-alam,Cats,20
umaan-alam,Richard Jewell,77
umaan-alam,Charlie's Angels,52
umaan-alam,"Bikram: Yogi, Guru, Predator",96
umaan-alam,The Kingmaker,97
umaan-alam,Honey Boy,94
umaan-alam,The Dreamers,60
maria-alba,365 Days,20
maria-alba,Horse Girl,60
maria-alba,Let It Be Law,90
maria-alba,What the F* is Going On?,90
ob-aldam,Jesters: The Game Changers,0
ob-aldam,Crown Vic,60
ob-aldam,Koko-di Koko-da,86
ob-aldam,Wildland,89
ob-aldam,Watch List,100
ob-aldam,Minor Premise,0
ob-aldam,Two Heads Creek,88
ob-aldam,Sanzaru,100
ob-aldam,The Dark and the Wicked,100
ob-aldam,The Block Island Sound,100
ob-aldam,Children of the Sea,70
ob-aldam,Lapsis,93
ob-aldam,Special Actors,87
ob-aldam,Away,100
ob-aldam,You Cannot Kill David Arquette,86
ob-aldam,The Oak Room,93
ob-aldam,Detention,100
ob-aldam,She Dies Tomorrow,84
ob-aldam,The Prophet and the Space Aliens,0
ob-aldam,Taste of Cherry,83
ob-aldam,I WeirDO,0
ob-aldam,Class Action Park,95
ob-aldam,Chasing Dream,100
ob-aldam,Dinner in America,100
ob-aldam,Patrick,80
ob-aldam,Fuku-chan Of Fukufuku Flats,0
ob-aldam,The Mortuary Collection,100
ob-aldam,Random Acts of Violence,58
ob-aldam,Feels Good Man,93
ob-aldam,Ava,97
ob-aldam,Clapboard Jungle: Surviving the Independent Film Business,94
ob-aldam,Fried Barry,76
ob-aldam,Sleep,100
ob-aldam,Yummy,73
ob-aldam,"Yes, God, Yes",93
ob-aldam,Sputnik,88
ob-aldam,Wandâfuru raifu,87
ob-aldam,Babyteeth,94
ob-aldam,The Lady Eve,100
ob-aldam,Flash Gordon,83
ob-aldam,La Llorona,97
ob-aldam,Perfect 10,100
ob-aldam,Around the Sun,93
ob-aldam,Toto le Héros,92
ob-aldam,The Vigil,91
ob-aldam,Make Up,100
ob-aldam,Proxima,81
ob-aldam,In Search of Darkness,94
ob-aldam,The Fight,98
ob-aldam,Story of a Love Affair,93
david-aldridge,All Stars,60
david-aldridge,The Fox & the Child,60
david-aldridge,Teenage Mutant Ninja Turtles: Out of the Shadows,60
david-aldridge,Midsommar,60
david-aldridge,Brittany Runs a Marathon,80
david-aldridge,Klaus,80
david-aldridge,Krampus,60
david-aldridge,The Pilgrim's Progress,60
david-aldridge,Abominable,60
david-aldridge,Km 31,40
david-aldridge,The Farewell,80
david-aldridge,Asterix: The Secret of the Magic Potion,60
david-aldridge,Terra Willy,60
david-aldridge,Scary Stories to Tell in the Dark,60
david-aldridge,UglyDolls,80
david-aldridge,Charming,40
david-aldridge,Marianne & Leonard: Words of Love,80
david-aldridge,Tell It to the Bees,40
david-aldridge,We the Animals,60
david-aldridge,Late Night,60
david-aldridge,Breakthrough,60
david-aldridge,The Curse of La Llorona,60
david-aldridge,Spy Cat,60
david-aldridge,Iron Sky,40
david-aldridge,The Keeper,60
david-aldridge,The Fast and the Furious: Tokyo Drift,60
david-aldridge,The Vanishing,60
david-aldridge,Oliver & Company,60
david-aldridge,Five Feet Apart,80
david-aldridge,Sharkwater Extinction,80
david-aldridge,Sgt. Pepper's Lonely Hearts Club Band,40
david-aldridge,Pokémon 3: The Movie,40
david-aldridge,22 July,60
david-aldridge,Willow,40
david-aldridge,The Notebook,60
david-aldridge,"You, Me and Him",40
david-aldridge,Every Day,40
david-aldridge,Custody,80
david-aldridge,Midnight Sun,40
david-aldridge,Wild Orchid,20
david-aldridge,Pecking Order,60
david-aldridge,The Exception,40
david-aldridge,Daphne,60
david-aldridge,The Ballad of Shirley Collins,60
david-aldridge,The Lego Ninjago Movie,40
david-aldridge,Jungle,60
david-aldridge,The Death of Stalin,80
david-aldridge,Son of Bigfoot,60
david-aldridge,Rise of the Footsoldier 3,40
david-aldridge,The Jungle Bunch,40
mario-alegre,Mulan,70
mario-alegre,Mucho Mucho Amor: The Legend of Walter Mercado,70
mario-alegre,Yerba Buena,40
mario-alegre,Star Wars: The Rise of Skywalker,50
mario-alegre,Doctor Sleep,60
mario-alegre,Prótesis,70
mario-alegre,Joker,80
mario-alegre,Ad Astra,80
mario-alegre,Once Upon a Time In Hollywood,90
mario-alegre,Ready or Not,60
mario-alegre,The Lion King,50
mario-alegre,Spider-Man: Far From Home,60
mario-alegre,Toy Story 4,70
mario-alegre,Godzilla: King of the Monsters,60
mario-alegre,Pokémon Detective Pikachu,50
mario-alegre,Avengers: Endgame,80
mario-alegre,Us,70
mario-alegre,Captain Marvel,50
mario-alegre,The LEGO Movie 2: The Second Part,70
mario-alegre,Miss Bala,50
mario-alegre,Glass,50
mario-alegre,Mary Poppins Returns,60
mario-alegre,Roma,100
mario-alegre,Aquaman,50
mario-alegre,Spider-Man: Into the Spider-Verse,80
mario-alegre,Fantastic Beasts: The Crimes of Grindelwald,50
mario-alegre,Widows,80
mario-alegre,Jurassic World: Fallen Kingdom,40
mario-alegre,Incredibles 2,70
mario-alegre,Tag,60
mario-alegre,Superfly,40
mario-alegre,Ocean's 8,60
mario-alegre,Deadpool 2,60
mario-alegre,Solo: A Star Wars Story,50
mario-alegre,Avengers: Infinity War,80
mario-alegre,A Quiet Place,80
mario-alegre,"Love, Simon",70
mario-alegre,Rampage,50
mario-alegre,Ready Player One,60
mario-alegre,Tomb Raider,50
mario-alegre,A Fantastic Woman,60
mario-alegre,Game Night,60
mario-alegre,A Wrinkle in Time,50
mario-alegre,"I, Tonya",70
mario-alegre,Red Sparrow,60
mario-alegre,Mute,30
mario-alegre,Annihilation,80
mario-alegre,Peter Rabbit,60
mario-alegre,The 15:17 to Paris,40
mario-alegre,Black Panther,80
alejandro-aleman,Da 5 Bloods,92
alejandro-aleman,365 Days,0
alejandro-aleman,The Wife,85
alejandro-aleman,Uncle Yim,0
alejandro-aleman,Have a Good Trip: Adventures in Psychedelics,58
alejandro-aleman,Circus of Books,98
alejandro-aleman,Tupamaro: Urban Guerrillas,0
alejandro-aleman,Atlantics,96
alejandro-aleman,The Platform,80
alejandro-aleman,Ema,89
alejandro-aleman,Who You Think I Am,81
alejandro-aleman,I'm Leaving Now,71
alejandro-aleman,Just Mercy,84
alejandro-aleman,Road to Roma,0
alejandro-aleman,Diego Maradona,90
alejandro-aleman,A Beautiful Day in the Neighborhood,95
alejandro-aleman,The Current War: Director's Cut,61
alejandro-aleman,Parasite,99
alejandro-aleman,Late Night,80
alejandro-aleman,Lonesome Collectors,0
alejandro-aleman,Once Upon a Time In Hollywood,85
alejandro-aleman,Cumbia callera,0
alejandro-aleman,Booksmart,96
alejandro-aleman,Lemonade,89
alejandro-aleman,Love Me Not,0
alejandro-aleman,Parchís: The Documentary,0
alejandro-aleman,Apollo 11,99
alejandro-aleman,Annabelle Comes Home,64
alejandro-aleman,Gloria Bell,91
alejandro-aleman,Tolkien,51
alejandro-aleman,Brightburn,57
alejandro-aleman,Maria By Callas,91
alejandro-aleman,Burning,95
alejandro-aleman,Captain Marvel,79
alejandro-aleman,The Dirt,38
alejandro-aleman,Pet Sematary,58
alejandro-aleman,Avengers: Endgame,94
alejandro-aleman,Mid90s,80
alejandro-aleman,Loving Pablo,31
alejandro-aleman,Incident In a Ghost Land,56
alejandro-aleman,You Were Never Really Here,89
alejandro-aleman,Ladies,88
alejandro-aleman,Fahrenheit 451,33
alejandro-aleman,The Third Murder,86
alejandro-aleman,I Dream in Another Language,80
alejandro-aleman,Annihilation,88
alejandro-aleman,Ready Player One,71
alejandro-aleman,El Vigilante,100
alejandro-aleman,BPM,98
alejandro-aleman,Batallas Íntimas,0
karren-lalonde-alenie,Fermín glorias del tango,0
karren-lalonde-alenie,Batsh*t Bride,86
victoria-alexande,Host,100
victoria-alexande,The Tax Collector,18
victoria-alexande,On the Record,99
victoria-alexande,The Invisible Man,91
victoria-alexande,Birds of Prey,78
victoria-alexande,Little Women,95
victoria-alexande,Marriage Story,94
victoria-alexande,Terminator: Dark Fate,70
victoria-alexande,Joker,68
victoria-alexande,Judy,82
victoria-alexande,Once Upon a Time In Hollywood,85
victoria-alexande,Maiden,98
victoria-alexande,Midsommar,83
victoria-alexande,The Dead Don't Die,54
victoria-alexande,Dark Phoenix,22
victoria-alexande,Rocketman,89
victoria-alexande,John Wick: Chapter 3 - Parabellum,90
victoria-alexande,Charlie Says,59
victoria-alexande,Avengers: Endgame,94
victoria-alexande,Us,93
victoria-alexande,Climax,69
victoria-alexande,Gloria Bell,91
victoria-alexande,The House That Jack Built,59
victoria-alexande,Holiday,80
victoria-alexande,Mary Poppins Returns,79
victoria-alexande,Roma,96
victoria-alexande,Maria By Callas,91
victoria-alexande,If Beale Street Could Talk,95
victoria-alexande,The Front Runner,60
victoria-alexande,The Front Runner,60
victoria-alexande,Widows,91
victoria-alexande,Can You Ever Forgive Me?,98
victoria-alexande,Suspiria,66
victoria-alexande,Bad Times at the El Royale,75
victoria-alexande,Venom,29
victoria-alexande,Fahrenheit 11/9,82
victoria-alexande,The Nun,25
victoria-alexande,A Simple Favor,84
victoria-alexande,The Predator,32
victoria-alexande,Operation Finale,60
victoria-alexande,The Happytime Murders,24
victoria-alexande,Mission: Impossible - Fallout,97
victoria-alexande,Three Identical Strangers,97
victoria-alexande,The First Purge,55
victoria-alexande,Sicario: Day of the Soldado,62
victoria-alexande,Tag,56
victoria-alexande,Adrift,69
victoria-alexande,Beast,92
victoria-alexande,Disobedience,84
victoria-alexande,Solo: A Star Wars Story,70
hris-alexande,Pit and the Pendulum,87
hris-alexande,The Living Dead at Manchester Morgue,86
hris-alexande,Bloody Moon,0
hris-alexande,The Duke Of Burgundy,94
hris-alexande,Land of the Minotaur,0
hris-alexande,The Company of Wolves,80
hris-alexande,Night Warning,91
hris-alexande,Tales That Witness Madness,0
hris-alexande,Moon of the Wolf,0
hris-alexande,Color of Night,22
hris-alexande,El gran amor del conde Drácula,0
hris-alexande,The Shout,86
hris-alexande,The Last Man on Earth,80
hris-alexande,The Return of Count Yorga,67
hris-alexande,Little Joe,68
hris-alexande,The Invisible Man,91
hris-alexande,Blood & Flesh: The Reel Life & Ghastly Death of Al Adamson,100
hris-alexande,- Fangori,0
hris-alexande,The Grapes of Death,0
hris-alexande,The Turning,11
hris-alexande,Hitch Hike to Hell,0
hris-alexande,The Omega Man,65
hris-alexande,Man of a Thousand Faces,88
hris-alexande,Sole Survivor,0
hris-alexande,Killer Nun,0
hris-alexande,Toys Are Not for Children,0
hris-alexande,Satan's Slave,0
hris-alexande,The Witches,67
hris-alexande,The Hunger,52
hris-alexande,Jack the Ripper,0
hris-alexande,The House That Jack Built,59
hris-alexande,Nightwing,29
hris-alexande,Mandy,91
hris-alexande,Godmonster of Indian Flats,0
hris-alexande,Psychomania,86
hris-alexande,The Velvet Vampire,67
hris-alexande,"Mary, Mary, Bloody Mary",0
hris-alexande,Circus of Horrors,0
hris-alexande,Let the Corpses Tan,76
hris-alexande,The Ultimate Thrill,0
hris-alexande,Conquest Of The Planet Of The Apes,50
hris-alexande,Beneath The Planet Of The Apes,38
hris-alexande,Battle For The Planet Of The Apes,36
hris-alexande,Planet of the Apes,87
hris-alexande,Strait-Jacket,88
hris-alexande,The Keeper,0
hris-alexande,"Mother, May I Sleep with Danger?",62
hris-alexande,It's Alive,74
hris-alexande,Tattoo,29
hris-alexande,Dracula: Prince of Darkness,80
al-alexande,Words on Bathroom Walls,63
al-alexande,Coup 53,71
al-alexande,Desert One,86
al-alexande,Boys State,86
al-alexande,Red Penguins,79
al-alexande,I Used to Go Here,63
al-alexande,Rebuilding Paradise,86
al-alexande,Summerland,71
al-alexande,The Rental,71
al-alexande,Radioactive,48
al-alexande,The Painted Bird,86
al-alexande,Never Too Late,71
al-alexande,Greyhound,40
al-alexande,Athlete A,79
al-alexande,The Truth,71
al-alexande,Irresistible,40
al-alexande,You Should Have Left,40
al-alexande,My Darling Vivian,86
al-alexande,Da 5 Bloods,71
al-alexande,The King of Staten Island,63
al-alexande,Artemis Fowl,48
al-alexande,Shirley,63
al-alexande,The Lovebirds,63
al-alexande,The Trip to Greece,79
al-alexande,Sorry We Missed You,86
al-alexande,"War, Inc.",28
al-alexande,Seven Days In Utopia,20
al-alexande,True History of the Kelly Gang,79
al-alexande,Corpus Christi,86
al-alexande,Tigertail,79
al-alexande,Human Nature,79
al-alexande,Never Rarely Sometimes Always,93
al-alexande,Crip Camp: A Disability Revolution,93
al-alexande,Swallow,86
al-alexande,Spenser Confidential,16
al-alexande,The Banker,71
al-alexande,Hope Gap,40
al-alexande,The Hunt,40
al-alexande,Burden,40
al-alexande,Greed,24
al-alexande,Once Were Brothers: Robbie Robertson and The Band,63
al-alexande,Beanpole,86
al-alexande,Ordinary Love,86
al-alexande,The Traitor,71
al-alexande,The Woman Who Loves Giraffes,71
al-alexande,Portrait of a Lady on Fire,93
al-alexande,The Assistant,79
al-alexande,2020 Oscar Nominated Shorts - Live Action,79
al-alexande,2020 Oscar Nominated Shorts - Documentary,86
al-alexande,2020 Oscar Nominated Shorts - Animation,86
julia-alexande,Pokémon Detective Pikachu,68
julia-alexande,Deep Web,40
julia-alexande,Thought Crimes: The Case of the Cannibal Cop,80
julia-alexande,The Last 5 Years,60
julia-alexande,Seventh Son,40
julia-alexande,Difret,60
julia-alexande,Project Almanac,60
julia-alexande,Cake,40
julia-alexande,Dancing In Jaffa,80
julia-alexande,The Interview,40
julia-alexande,Solo: A Star Wars Story,70
julia-alexande,Mute,21
julia-alexande,Spider-Man: Homecoming,92
julia-alexande,Bright,28
julia-alexande,Justice League,40
julia-alexande,Blade Runner 2049,88
julia-alexande,It,85
julia-alexande,Death Note,39
julia-alexande,The Dark Tower,16
julia-alexande,War for the Planet of the Apes,94
julia-alexande,Transformers: The Last Knight,15
julia-alexande,Cars 3,70
julia-alexande,The Mummy,16
julia-alexande,The Angry Birds Movie,43
julia-alexande,10 Cloverfield Lane,90
julia-alexande,The Nice Guys,92
julia-alexande,Ghostbusters,74
julia-alexande,The Huntsman: Winter's War,19
julia-alexande,Teenage Mutant Ninja Turtles: Out of the Shadows,37
julia-alexande,The Legend of Tarzan,36
julia-alexande,Independence Day: Resurgence,30
julia-alexande,Zootopia,98
julia-alexande,Eye In The Sky,95
julia-alexande,The Martian,91
julia-alexande,Finding Dory,94
julia-alexande,Whiskey Tango Foxtrot,68
julia-alexande,The BFG,74
julia-alexande,The Jungle Book,94
julia-alexande,The Good Dinosaur,76
julia-alexande,Kong: Skull Island,75
julia-alexande,John Wick: Chapter 2,89
julia-alexande,Beauty and the Beast,71
julia-alexande,Saban's Power Rangers,49
julia-alexande,The Witch,90
julia-alexande,Victor Frankenstein,26
julia-alexande,Batman v Superman: Dawn of Justice,28
julia-alexande,Captain America: Civil War,91
julia-alexande,Alice Through the Looking Glass,29
julia-alexande,Now You See Me 2,33
julia-alexande,The Fate of the Furious,67
kevin-alexande,The Baby-Sitters Club: Season 1,100
kevin-alexande,Narcos: Season 2,92
kevin-alexande,The Mind of the Married Man: Season 1,18
kevin-alexande,Flight of the Conchords: Season 1,95
kevin-alexande,Sex and the City: Season 1,55
kevin-alexande,High Maintenance: Season 1,95
harriet-alexande,Love Island: Season 1,80
homas-alexander-27369,King of the Cruise,80
homas-alexander-27369,Perfect 10,80
homas-alexander-27369,The Fight,100
michelle-alexandria,Terminator: Dark Fate,71
michelle-alexandria,Spider-Man: Far From Home,93
michelle-alexandria,Shazam!,40
michelle-alexandria,Captive State,40
michelle-alexandria,Captain Marvel,79
michelle-alexandria,Greta,48
michelle-alexandria,Happy Death Day 2U,63
michelle-alexandria,Alita: Battle Angel,86
michelle-alexandria,Replicas,63
michelle-alexandria,A Star Is Born,93
michelle-alexandria,Bohemian Rhapsody,63
michelle-alexandria,Robin Hood,71
michelle-alexandria,The House with a Clock in Its Walls,24
michelle-alexandria,The Predator,24
michelle-alexandria,Mission: Impossible - Fallout,100
michelle-alexandria,Ready Player One,48
michelle-alexandria,Black Panther,93
michelle-alexandria,Thor: Ragnarok,71
michelle-alexandria,All I See Is You,24
michelle-alexandria,Blade Runner 2049,24
michelle-alexandria,Kingsman: The Golden Circle,86
michelle-alexandria,Spider-Man: Homecoming,71
michelle-alexandria,Logan,63
michelle-alexandria,The Lego Batman Movie,40
michelle-alexandria,Rogue One: A Star Wars Story,48
michelle-alexandria,Suicide Squad,24
michelle-alexandria,The BFG,24
michelle-alexandria,The Witch,48
michelle-alexandria,X-Men: Apocalypse,63
michelle-alexandria,Captain America: Civil War,93
michelle-alexandria,Batman v Superman: Dawn of Justice,93
michelle-alexandria,Spotlight,40
michelle-alexandria,The Hateful Eight,71
michelle-alexandria,Ant-Man,71
michelle-alexandria,Star Wars: Episode VII - The Force Awakens,86
michelle-alexandria,The Hunger Games: Mockingjay - Part 2,0
michelle-alexandria,The Peanuts Movie,93
michelle-alexandria,Spectre,71
michelle-alexandria,Black Mass,48
michelle-alexandria,Amka And The Three Golden Rules,71
michelle-alexandria,Fantastic Four,24
michelle-alexandria,Southpaw,71
michelle-alexandria,Sharknado 3: Oh Hell No!,71
michelle-alexandria,Black Souls,71
michelle-alexandria,Furious 7,93
michelle-alexandria,Fifty Shades of Grey,71
michelle-alexandria,Kingsman: The Secret Service,71
michelle-alexandria,Birdman,48
michelle-alexandria,Interstellar,48
michelle-alexandria,The Hunger Games: Mockingjay - Part 1,24
emily-alford,Palm Springs,94
emily-alford,You Should Have Left,40
emily-alford,AKA Jane Roe,88
lorraine-al,Black Is King,98
lorraine-al,Dave Chappelle: 8:46,90
lorraine-al,Natalie Wood: What Remains Behind,78
lorraine-al,My Favorite Shapes by Julio Torres,100
lorraine-al,Ramy Youssef: Feelings,100
lorraine-al,Amy Schumer: The Leather Special,50
lorraine-al,The Dirt,38
lorraine-al,Brexit,80
lorraine-al,The Judge,100
lorraine-al,Brimstone & Glory,91
lorraine-al,It Will Be Chaos,100
lorraine-al,John McCain: For Whom the Bell Tolls,92
lorraine-al,Fahrenheit 451,33
lorraine-al,Jesus Christ Superstar Live in Concert,100
lorraine-al,Notes From The Field,100
lorraine-al,Gaga: Five Foot Two,74
lorraine-al,The Wizard of Lies,75
lorraine-al,Hell on Earth: The Fall of Syria and the Rise of ISIS,100
lorraine-al,Last Men in Aleppo,97
lorraine-al,American Jihad,100
lorraine-al,Rock and a Hard Place,0
lorraine-al,Dead 7,0
lorraine-al,Janis: Little Girl Blue,94
lorraine-al,Dear White People,91
lorraine-al,The Liberator,38
asha-al,Tidying Up with Marie Kondo: Season 1,81
asha-al,Grey's Anatomy: Season 14,93
asha-al,Scandal: Season 7,91
hristian-allaire,Gay Chorus Deep South,100
harlie-allbrigh,It Chapter Two,90
harlie-allbrigh,Porno,90
harlie-allbrigh,The Deeper You Dig,90
harlie-allbrigh,Cut Off,80
harlie-allbrigh,Come to Daddy,80
harlie-allbrigh,Knives and Skin,70
hris-allcock,Doctor Who:  Season 12 - The Timeless Children,71
hris-allcock,Doctor Who:  Season 12 - Ascension of the Cybermen,60
hris-allcock,Doctor Who:  Season 12 - The Haunting of Villa Diodati,94
hris-allcock,Doctor Who:  Season 12 - Can You Hear Me?,60
hris-allcock,Doctor Who:  Season 12 - Praxeus,60
hris-allcock,Doctor Who:  Season 12 - Fugitive of the Judoon,70
hris-allcock,Doctor Who:  Season 12 - Nikola Tesla's Night of Terror,89
hris-allcock,Doctor Who:  Season 12 - Orphan 55,47
hris-allcock,"Doctor Who:  Season 12 - Spyfall, Part 2",80
hris-allcock,"Doctor Who:  Season 12 - Spyfall, Part 1",93
hris-allcock,Doctor Who: Resolution,95
hris-allcock,Doctor Who:  Season 11 - The Battle of Ranskoor Av Kolos,73
hris-allcock,Doctor Who:  Season 11 - It Takes You Away,93
hris-allcock,Doctor Who:  Season 11 - The Witchfinders,86
hris-allcock,Doctor Who:  Season 11 - Kerblam!,87
hris-allcock,Doctor Who:  Season 11 - Demons of the Punjab,93
hris-allcock,Doctor Who:  Season 11 - The Tsuranga Conundrum,79
hris-allcock,Doctor Who:  Season 11 - Arachnids in the UK,87
